sku_id,sku_name,month,current_month_revenue,previous_month_revenue,revenue_change
1199,Electronics_Cables_1199,2024-09,11954.28,44141.07,-32186.79
1035,Electronics_Batteries_1035,2022-09,22574.96,53789.5,-31214.54
1199,Electronics_Cables_1199,2021-03,18391.2,49218.12,-30826.92
1173,Electronics_Batteries_1173,2021-03,14231.46,41118.77,-26887.31
1019,Electronics_Cables_1019,2022-03,16101.36,41710.59,-25609.23
1072,Electronics_Chargers_1072,2021-09,23111.22,48711.74,-25600.52
1174,Electronics_Mobile Accessories_1174,2025-09,18063.75,43070.56,-25006.81
1164,Electronics_Cables_1164,2021-03,13344.32,38196.26,-24851.94
1199,Electronics_Cables_1199,2022-09,16322.19,41161.71,-24839.52
1164,Electronics_Cables_1164,2024-09,12951.84,37596.08,-24644.24
1199,Electronics_Cables_1199,2021-09,18391.2,42977.85,-24586.65
1072,Electronics_Chargers_1072,2022-09,10959.96,35283.6,-24323.64
1019,Electronics_Cables_1019,2021-03,20762.28,44912.58,-24150.3
1035,Electronics_Batteries_1035,2024-09,18403.5,42467.65,-24064.15
1037,Electronics_Cables_1037,2024-03,21212.99,45175.39,-23962.4
1072,Electronics_Chargers_1072,2021-03,18107.76,41941.99,-23834.23
1072,Electronics_Chargers_1072,2022-03,19537.32,43363.98,-23826.66
1153,Electronics_Batteries_1153,2021-03,14625.52,38428.27,-23802.75
1174,Electronics_Mobile Accessories_1174,2022-09,15173.55,38872.56,-23699.01
1107,Electronics_Mobile Accessories_1107,2021-03,12861.6,36367.55,-23505.95
1159,Electronics_Batteries_1159,2025-09,10684.8,33779.73,-23094.93
1129,Electronics_Chargers_1129,2023-03,13682.21,36382.25,-22700.04
1164,Electronics_Cables_1164,2025-04,14213.67,36907.06,-22693.39
1164,Electronics_Cables_1164,2022-03,12951.84,35090.17,-22138.33
1072,Electronics_Chargers_1072,2023-03,26923.46,48824.14,-21900.68
1072,Electronics_Chargers_1072,2021-06,23111.22,44576.33,-21465.11
1174,Electronics_Mobile Accessories_1174,2023-09,20953.95,42418.5,-21464.55
1174,Electronics_Mobile Accessories_1174,2021-03,23121.6,44298.06,-21176.46
1078,Electronics_Cables_1078,2021-03,16355.43,37111.49,-20756.06
1164,Electronics_Cables_1164,2023-02,25056.68,45296.52,-20239.84
1035,Electronics_Batteries_1035,2024-02,38080.9,58261.97,-20181.07
1199,Electronics_Cables_1199,2024-02,40839.77,60906.4,-20066.63
1037,Electronics_Cables_1037,2025-09,10178.49,30219.18,-20040.69
1164,Electronics_Cables_1164,2025-09,18642.8,38381.04,-19738.24
1065,Electronics_Chargers_1065,2021-09,10669.8,30341.63,-19671.83
1174,Electronics_Mobile Accessories_1174,2022-03,14210.15,33824.58,-19614.43
1072,Electronics_Chargers_1072,2025-04,16430.4,36036.65,-19606.25
1114,Electronics_Batteries_1114,2022-09,8535.52,28031.76,-19496.24
1114,Electronics_Batteries_1114,2022-02,23434.98,42687.94,-19252.96
1035,Electronics_Batteries_1035,2023-09,20857.3,40016.18,-19158.88
1174,Electronics_Mobile Accessories_1174,2024-09,18545.45,37420.52,-18875.07
1174,Electronics_Mobile Accessories_1174,2021-09,19027.15,37651.66,-18624.51
1078,Electronics_Cables_1078,2024-09,12760.83,31334.44,-18573.61
1001,Electronics_Chargers_1001,2022-09,10367.28,28830.48,-18463.2
1035,Electronics_Batteries_1035,2025-09,16440.46,34819.26,-18378.8
1129,Electronics_Chargers_1129,2021-03,12227.2,30583.09,-18355.89
1183,Electronics_Batteries_1183,2021-03,11104.57,29401.84,-18297.27
1065,Electronics_Chargers_1065,2021-03,15649.04,33913.6,-18264.56
1072,Electronics_Chargers_1072,2024-03,28872.89,46759.62,-17886.73
1107,Electronics_Mobile Accessories_1107,2022-03,7716.96,25572.77,-17855.81
1019,Electronics_Cables_1019,2022-09,15889.5,33706.53,-17817.03
1153,Electronics_Batteries_1153,2025-09,10768.24,28343.22,-17574.98
1159,Electronics_Batteries_1159,2021-03,17986.08,35474.2,-17488.12
1159,Electronics_Batteries_1159,2025-04,9689.36,27025.77,-17336.41
1073,Electronics_Chargers_1073,2021-03,7704.32,25036.03,-17331.71
1037,Electronics_Cables_1037,2021-03,15714.16,33012.14,-17297.98
1173,Electronics_Batteries_1173,2022-09,12432.08,29718.98,-17286.9
1199,Electronics_Cables_1199,2022-03,18850.98,36049.82,-17198.84
1164,Electronics_Cables_1164,2022-09,12951.84,30117.27,-17165.43
1149,Electronics_Chargers_1149,2025-09,7768.5,24892.04,-17123.54
1078,Electronics_Cables_1078,2022-09,17973.0,34878.74,-16905.74
1072,Electronics_Chargers_1072,2025-02,34966.33,51858.93,-16892.6
1019,Electronics_Cables_1019,2021-09,17584.38,34261.6,-16677.22
1019,Electronics_Cables_1019,2023-03,17728.5,34364.11,-16635.61
1183,Electronics_Batteries_1183,2022-03,12308.68,28379.9,-16071.22
1001,Electronics_Chargers_1001,2021-03,16456.0,32488.26,-16032.26
1035,Electronics_Batteries_1035,2022-03,20366.54,36393.45,-16026.91
1151,Electronics_Cables_1151,2025-09,10419.29,26401.14,-15981.85
1150,Electronics_Batteries_1150,2021-09,8387.82,24282.43,-15894.61
1174,Electronics_Mobile Accessories_1174,2025-04,15399.97,31154.35,-15754.38
1037,Electronics_Cables_1037,2024-09,17321.29,32890.54,-15569.25
1153,Electronics_Batteries_1153,2021-06,15589.84,31132.34,-15542.5
1035,Electronics_Batteries_1035,2025-04,20236.5,35631.99,-15395.49
1159,Electronics_Batteries_1159,2022-09,14424.48,29810.34,-15385.86
1037,Electronics_Cables_1037,2022-03,12321.33,27656.3,-15334.97
1035,Electronics_Batteries_1035,2025-03,35631.99,50966.3,-15334.31
1174,Electronics_Mobile Accessories_1174,2022-02,33824.58,49043.37,-15218.79
1072,Electronics_Chargers_1072,2025-09,22158.18,37373.08,-15214.9
1164,Electronics_Cables_1164,2021-09,15895.44,31082.88,-15187.44
1001,Electronics_Chargers_1001,2024-09,10531.84,25618.24,-15086.4
1065,Electronics_Chargers_1065,2022-03,14759.89,29808.47,-15048.58
1150,Electronics_Batteries_1150,2022-09,9186.66,24233.25,-15046.59
1019,Electronics_Cables_1019,2023-05,19914.84,34918.9,-15004.06
1078,Electronics_Cables_1078,2023-02,31378.12,46338.82,-14960.7
1151,Electronics_Cables_1151,2022-02,15468.56,30401.79,-14933.23
1045,Electronics_Cables_1045,2024-02,19710.93,34625.21,-14914.28
1072,Electronics_Chargers_1072,2023-09,16678.2,31574.36,-14896.16
1172,Electronics_Chargers_1172,2025-09,4991.8,19875.9,-14884.1
1159,Electronics_Batteries_1159,2024-09,13534.08,28321.69,-14787.61
1150,Electronics_Batteries_1150,2022-03,7455.84,22233.84,-14778.0
1173,Electronics_Batteries_1173,2022-03,10796.28,25558.94,-14762.66
1078,Electronics_Cables_1078,2023-03,16642.95,31378.12,-14735.17
1001,Electronics_Chargers_1001,2024-03,22878.26,37500.06,-14621.8
1065,Electronics_Chargers_1065,2021-06,16004.7,30499.48,-14494.78
1072,Electronics_Chargers_1072,2024-09,19060.8,33537.13,-14476.33
1001,Electronics_Chargers_1001,2025-09,14316.72,28749.95,-14433.23
1199,Electronics_Cables_1199,2023-03,18519.89,32906.76,-14386.87
1173,Electronics_Batteries_1173,2024-03,18796.78,33175.36,-14378.58
1183,Electronics_Batteries_1183,2023-09,8696.35,23054.51,-14358.16
1183,Electronics_Batteries_1183,2023-03,14315.49,28621.51,-14306.02
1199,Electronics_Cables_1199,2023-02,32906.76,47163.55,-14256.79
1150,Electronics_Batteries_1150,2025-04,7317.38,21564.9,-14247.52
1129,Electronics_Chargers_1129,2022-09,12838.56,27068.36,-14229.8
1107,Electronics_Mobile Accessories_1107,2023-05,18006.24,32098.51,-14092.27
1129,Electronics_Chargers_1129,2025-09,13449.92,27441.38,-13991.46
1049,Electronics_Batteries_1049,2021-03,9925.44,23913.14,-13987.7
1049,Electronics_Batteries_1049,2024-03,10833.72,24772.39,-13938.67
1183,Electronics_Batteries_1183,2021-06,13512.79,27433.14,-13920.35
1096,Electronics_Mobile Accessories_1096,2021-03,8270.17,22166.54,-13896.37
1065,Electronics_Chargers_1065,2024-02,26641.16,40423.46,-13782.3
1183,Electronics_Batteries_1183,2025-09,9365.3,23102.74,-13737.44
1035,Electronics_Batteries_1035,2023-06,23075.5,36807.0,-13731.5
1107,Electronics_Mobile Accessories_1107,2024-03,19626.1,33329.15,-13703.05
1001,Electronics_Chargers_1001,2021-09,10860.96,24456.54,-13595.58
1159,Electronics_Batteries_1159,2023-03,13754.77,27301.18,-13546.41
1098,Electronics_Mobile Accessories_1098,2021-03,8696.52,22223.42,-13526.9
1107,Electronics_Mobile Accessories_1107,2023-09,9485.43,22926.17,-13440.74
1019,Electronics_Cables_1019,2021-06,22245.3,35643.17,-13397.87
1035,Electronics_Batteries_1035,2022-05,29077.56,42451.28,-13373.72
1068,Electronics_Chargers_1068,2021-03,7797.38,21162.02,-13364.64
1096,Electronics_Mobile Accessories_1096,2024-09,10082.81,23419.21,-13336.4
1035,Electronics_Batteries_1035,2021-09,21102.68,34424.16,-13321.48
1038,Electronics_Cables_1038,2025-09,4666.16,17960.55,-13294.39
1019,Electronics_Cables_1019,2025-03,20874.43,34103.55,-13229.12
1037,Electronics_Cables_1037,2023-09,14464.17,27557.2,-13093.03
1151,Electronics_Cables_1151,2021-03,10276.56,23332.74,-13056.18
1159,Electronics_Batteries_1159,2023-09,14602.56,27566.4,-12963.84
1001,Electronics_Chargers_1001,2022-03,13658.48,26617.58,-12959.1
1065,Electronics_Chargers_1065,2024-09,15826.87,28750.07,-12923.2
1098,Electronics_Mobile Accessories_1098,2023-09,6418.86,19293.37,-12874.51
1019,Electronics_Cables_1019,2023-09,13982.76,26796.26,-12813.5
1035,Electronics_Batteries_1035,2021-02,36104.95,48838.89,-12733.94
1045,Electronics_Cables_1045,2023-02,23218.26,35946.33,-12728.07
1172,Electronics_Chargers_1172,2021-03,10323.95,22946.11,-12622.16
1149,Electronics_Chargers_1149,2021-03,6525.54,19124.98,-12599.44
1174,Electronics_Mobile Accessories_1174,2023-05,28661.15,41258.86,-12597.71
1199,Electronics_Cables_1199,2025-02,27671.05,40211.49,-12540.44
1019,Electronics_Cables_1019,2025-09,19914.84,32454.48,-12539.64
1173,Electronics_Batteries_1173,2023-03,16070.05,28567.73,-12497.68
1199,Electronics_Cables_1199,2024-03,28345.07,40839.77,-12494.7
1153,Electronics_Batteries_1153,2023-09,12696.88,25188.43,-12491.55
1096,Electronics_Mobile Accessories_1096,2022-09,9629.65,22088.03,-12458.38
1019,Electronics_Cables_1019,2024-03,24886.07,37282.49,-12396.42
1114,Electronics_Batteries_1114,2021-03,12803.28,25154.15,-12350.87
1065,Electronics_Chargers_1065,2023-08,16296.1,28623.15,-12327.05
1009,Electronics_Batteries_1009,2021-03,7276.0,19598.67,-12322.67
1035,Electronics_Batteries_1035,2024-05,27237.18,39545.35,-12308.17
1107,Electronics_Mobile Accessories_1107,2025-09,10771.59,23073.46,-12301.87
1114,Electronics_Batteries_1114,2021-09,10212.14,22338.81,-12126.67
1153,Electronics_Batteries_1153,2025-04,10269.98,22389.57,-12119.59
1107,Electronics_Mobile Accessories_1107,2021-09,11575.44,23624.9,-12049.46
1019,Electronics_Cables_1019,2024-09,22880.88,34886.6,-12005.72
1173,Electronics_Batteries_1173,2025-04,13403.76,25258.69,-11854.93
1001,Electronics_Chargers_1001,2022-02,26617.58,38260.2,-11642.62
1045,Electronics_Cables_1045,2022-02,23264.55,34852.73,-11588.18
1049,Electronics_Batteries_1049,2025-04,8563.05,20104.74,-11541.69
1172,Electronics_Chargers_1172,2024-09,9189.45,20612.06,-11422.61
1065,Electronics_Chargers_1065,2025-09,15293.38,26708.56,-11415.18
1150,Electronics_Batteries_1150,2024-09,9319.8,20689.05,-11369.25
1049,Electronics_Batteries_1049,2022-02,13758.26,25042.54,-11284.28
1037,Electronics_Cables_1037,2022-08,24983.43,36266.77,-11283.34
1174,Electronics_Mobile Accessories_1174,2024-03,28905.5,40069.93,-11164.43
1114,Electronics_Batteries_1114,2022-03,12346.02,23434.98,-11088.96
1114,Electronics_Batteries_1114,2021-06,17528.3,28580.96,-11052.66
1153,Electronics_Batteries_1153,2023-02,26791.05,37819.99,-11028.94
1129,Electronics_Chargers_1129,2023-09,11157.32,22173.83,-11016.51
1174,Electronics_Mobile Accessories_1174,2023-03,25963.63,36965.39,-11001.76
1049,Electronics_Batteries_1049,2023-09,7325.92,18315.0,-10989.08
1045,Electronics_Cables_1045,2025-09,10025.91,21010.69,-10984.78
1150,Electronics_Batteries_1150,2021-03,15444.24,26285.62,-10841.38
1049,Electronics_Batteries_1049,2021-09,9216.48,19987.46,-10770.98
1153,Electronics_Batteries_1153,2021-09,17518.48,28274.1,-10755.62
1199,Electronics_Cables_1199,2025-08,28897.11,39598.44,-10701.33
1009,Electronics_Batteries_1009,2025-09,4911.3,15593.03,-10681.73
1107,Electronics_Mobile Accessories_1107,2025-04,10519.19,21176.71,-10657.52
1068,Electronics_Chargers_1068,2025-09,6275.94,16918.29,-10642.35
1150,Electronics_Batteries_1150,2025-09,11716.32,22330.64,-10614.32
1114,Electronics_Batteries_1114,2025-04,12803.28,23376.34,-10573.06
1045,Electronics_Cables_1045,2021-09,11296.8,21869.31,-10572.51
1173,Electronics_Batteries_1173,2024-08,16169.73,26710.78,-10541.05
1065,Electronics_Chargers_1065,2023-02,26838.53,37353.88,-10515.35
1036,Electronics_Mobile Accessories_1036,2022-03,6353.08,16855.8,-10502.72
1183,Electronics_Batteries_1183,2021-09,8027.4,18525.82,-10498.42
1151,Electronics_Cables_1151,2024-03,20841.4,31248.52,-10407.12
1185,Personal Care_Toothpaste_1185,2022-09,5959.03,16348.53,-10389.5
1045,Electronics_Cables_1045,2023-03,12838.86,23218.26,-10379.4
1038,Electronics_Cables_1038,2022-03,7942.4,18304.75,-10362.35
1151,Electronics_Cables_1151,2025-04,8278.34,18636.19,-10357.85
1153,Electronics_Batteries_1153,2023-03,16470.77,26791.05,-10320.28
1078,Electronics_Cables_1078,2024-03,24138.15,34455.08,-10316.93
1073,Electronics_Chargers_1073,2022-09,9510.02,19822.78,-10312.76
1114,Electronics_Batteries_1114,2023-03,13474.04,23757.64,-10283.6
1159,Electronics_Batteries_1159,2022-03,17273.76,27524.49,-10250.73
1151,Electronics_Cables_1151,2024-09,13702.08,23924.68,-10222.6
1078,Electronics_Cables_1078,2023-09,15097.32,25298.53,-10201.21
1096,Electronics_Mobile Accessories_1096,2025-04,9898.12,20095.04,-10196.92
1159,Electronics_Batteries_1159,2024-04,20437.39,30595.2,-10157.81
1172,Electronics_Chargers_1172,2023-03,9747.62,19852.0,-10104.38
1035,Electronics_Batteries_1035,2021-03,26010.28,36104.95,-10094.67
1037,Electronics_Cables_1037,2021-06,19464.13,29547.7,-10083.57
1129,Electronics_Chargers_1129,2024-02,25137.99,35210.71,-10072.72
1172,Electronics_Chargers_1172,2022-09,8281.85,18353.32,-10071.47
1153,Electronics_Batteries_1153,2024-09,12054.0,22120.12,-10066.12
1096,Electronics_Mobile Accessories_1096,2021-09,8270.17,18321.16,-10050.99
1045,Electronics_Cables_1045,2021-03,12426.48,22465.62,-10039.14
1035,Electronics_Batteries_1035,2022-02,36393.45,46377.6,-9984.15
1149,Electronics_Chargers_1149,2023-09,7354.18,17301.73,-9947.55
1129,Electronics_Chargers_1129,2025-04,10995.32,20942.27,-9946.95
1164,Electronics_Cables_1164,2024-03,29081.9,39027.18,-9945.28
1037,Electronics_Cables_1037,2025-04,14901.67,24708.81,-9807.14
1073,Electronics_Chargers_1073,2025-09,9510.02,19250.93,-9740.91
1151,Electronics_Cables_1151,2025-03,18636.19,28352.2,-9716.01
1036,Electronics_Mobile Accessories_1036,2021-03,7516.32,17223.81,-9707.49
1174,Electronics_Mobile Accessories_1174,2024-05,23362.45,33037.95,-9675.5
1001,Electronics_Chargers_1001,2023-09,10038.16,19694.72,-9656.56
1199,Electronics_Cables_1199,2025-10,17241.75,26897.13,-9655.38
1035,Electronics_Batteries_1035,2021-08,34424.16,44078.02,-9653.86
1009,Electronics_Batteries_1009,2022-03,6548.4,16200.2,-9651.8
1149,Electronics_Chargers_1149,2022-09,4039.62,13691.06,-9651.44
1199,Electronics_Cables_1199,2021-06,28506.36,38127.39,-9621.03
1072,Electronics_Chargers_1072,2022-05,33877.7,43497.83,-9620.13
1073,Electronics_Chargers_1073,2025-04,10284.08,19885.94,-9601.86
1038,Electronics_Cables_1038,2024-09,8240.24,17839.36,-9599.12
1073,Electronics_Chargers_1073,2021-09,9750.78,19341.26,-9590.48
1045,Electronics_Cables_1045,2022-03,13697.37,23264.55,-9567.18
1173,Electronics_Batteries_1173,2024-02,33175.36,42709.17,-9533.81
1199,Electronics_Cables_1199,2022-06,25287.9,34756.52,-9468.62
1098,Electronics_Mobile Accessories_1098,2021-06,10249.47,19669.45,-9419.98
1068,Electronics_Chargers_1068,2021-09,5515.22,14896.72,-9381.5
1129,Electronics_Chargers_1129,2022-03,10698.8,20079.36,-9380.56
1037,Electronics_Cables_1037,2022-02,27656.3,37008.94,-9352.64
1161,Electronics_Batteries_1161,2025-04,6555.74,15896.94,-9341.2
1072,Electronics_Chargers_1072,2022-06,24540.78,33877.7,-9336.92
1114,Electronics_Batteries_1114,2023-09,13412.96,22723.08,-9310.12
1038,Electronics_Cables_1038,2021-03,10126.56,19424.11,-9297.55
1045,Electronics_Cables_1045,2023-09,13132.53,22430.01,-9297.48
1161,Electronics_Batteries_1161,2025-09,7191.42,16465.44,-9274.02
1065,Electronics_Chargers_1065,2025-03,21956.6,31225.64,-9269.04
1045,Electronics_Cables_1045,2021-02,22465.62,31731.5,-9265.88
1114,Electronics_Batteries_1114,2024-09,13108.12,22363.26,-9255.14
1114,Electronics_Batteries_1114,2021-08,22338.81,31579.34,-9240.53
1036,Electronics_Mobile Accessories_1036,2023-03,9169.81,18401.56,-9231.75
1172,Electronics_Chargers_1172,2023-09,7941.5,17158.18,-9216.68
1164,Electronics_Cables_1164,2022-06,18250.32,27449.07,-9198.75
1164,Electronics_Cables_1164,2023-09,12755.6,21947.35,-9191.75
1009,Electronics_Batteries_1009,2024-09,6457.45,15640.28,-9182.83
1107,Electronics_Mobile Accessories_1107,2022-06,15273.15,24406.97,-9133.82
1001,Electronics_Chargers_1001,2025-04,15035.83,24134.18,-9098.35
1149,Electronics_Chargers_1149,2022-03,7250.6,16319.96,-9069.36
1078,Electronics_Cables_1078,2022-03,15816.24,24881.52,-9065.28
1001,Electronics_Chargers_1001,2022-11,8272.01,17278.8,-9006.79
1040,Electronics_Mobile Accessories_1040,2025-09,5842.92,14832.3,-8989.38
1114,Electronics_Batteries_1114,2025-06,12965.26,21948.48,-8983.22
1068,Electronics_Chargers_1068,2024-09,9509.0,18489.19,-8980.19
1174,Electronics_Mobile Accessories_1174,2022-06,29383.7,38340.36,-8956.66
1078,Electronics_Cables_1078,2022-02,24881.52,33811.98,-8930.46
1049,Electronics_Batteries_1049,2022-09,10988.88,19917.88,-8929.0
1174,Electronics_Mobile Accessories_1174,2024-02,40069.93,48983.72,-8913.79
1150,Electronics_Batteries_1150,2023-03,15199.19,24087.78,-8888.59
1183,Electronics_Batteries_1183,2024-02,21862.85,30710.3,-8847.45
1049,Electronics_Batteries_1049,2025-09,7916.72,16761.8,-8845.08
1159,Electronics_Batteries_1159,2021-08,23641.73,32471.71,-8829.98
1036,Electronics_Mobile Accessories_1036,2025-04,6345.94,15083.15,-8737.21
1183,Electronics_Batteries_1183,2025-03,18191.11,26927.69,-8736.58
1096,Electronics_Mobile Accessories_1096,2024-03,16272.36,25002.84,-8730.48
1149,Electronics_Chargers_1149,2024-09,8493.56,17219.95,-8726.39
1001,Electronics_Chargers_1001,2023-02,20483.98,29197.06,-8713.08
1096,Electronics_Mobile Accessories_1096,2023-02,16109.89,24795.87,-8685.98
1199,Electronics_Cables_1199,2025-03,19009.43,27671.05,-8661.62
1040,Electronics_Mobile Accessories_1040,2023-09,4657.4,13230.03,-8572.63
1096,Electronics_Mobile Accessories_1096,2025-09,9289.78,17824.95,-8535.17
1107,Electronics_Mobile Accessories_1107,2023-03,16752.33,25280.7,-8528.37
1185,Personal Care_Toothpaste_1185,2024-09,5417.3,13934.73,-8517.43
1073,Electronics_Chargers_1073,2023-03,9861.44,18321.25,-8459.81
1173,Electronics_Batteries_1173,2023-09,14885.78,23293.44,-8407.66
1045,Electronics_Cables_1045,2022-06,15250.68,23590.97,-8340.29
1098,Electronics_Mobile Accessories_1098,2023-03,11851.93,20175.09,-8323.16
1153,Electronics_Batteries_1153,2022-03,15911.28,24218.5,-8307.22
1161,Electronics_Batteries_1161,2024-09,6116.84,14418.76,-8301.92
1040,Electronics_Mobile Accessories_1040,2021-09,4826.76,13112.55,-8285.79
1089,Electronics_Mobile Accessories_1089,2021-03,6595.0,14874.85,-8279.85
1185,Personal Care_Toothpaste_1185,2022-03,6887.71,15134.34,-8246.63
1073,Electronics_Chargers_1073,2023-02,18321.25,26555.98,-8234.73
1153,Electronics_Batteries_1153,2022-09,14143.36,22369.15,-8225.79
1049,Electronics_Batteries_1049,2021-06,14061.04,22272.62,-8211.58
1001,Electronics_Chargers_1001,2022-06,15468.64,23645.22,-8176.58
1159,Electronics_Batteries_1159,2022-02,27524.49,35693.91,-8169.42
1185,Personal Care_Toothpaste_1185,2021-09,5494.69,13662.31,-8167.62
1149,Electronics_Chargers_1149,2023-03,7196.64,15355.01,-8158.37
1038,Electronics_Cables_1038,2022-09,6850.32,14972.24,-8121.92
1078,Electronics_Cables_1078,2021-10,7368.93,15456.78,-8087.85
1098,Electronics_Mobile Accessories_1098,2025-04,7555.62,15623.6,-8067.98
1072,Electronics_Chargers_1072,2021-02,41941.99,50002.93,-8060.94
1159,Electronics_Batteries_1159,2023-02,27301.18,35356.71,-8055.53
1153,Electronics_Batteries_1153,2024-05,16393.44,24442.69,-8049.25
1172,Electronics_Chargers_1172,2025-03,13698.83,21717.15,-8018.32
1068,Electronics_Chargers_1068,2022-09,10554.99,18558.57,-8003.58
1172,Electronics_Chargers_1172,2025-02,21717.15,29717.76,-8000.61
1045,Electronics_Cables_1045,2024-06,13464.41,21463.92,-7999.51
1078,Electronics_Cables_1078,2021-09,15456.78,23417.32,-7960.54
1161,Electronics_Batteries_1161,2021-03,7770.04,15726.78,-7956.74
1045,Electronics_Cables_1045,2022-09,9884.7,17832.08,-7947.38
1164,Electronics_Cables_1164,2025-08,38381.04,46324.87,-7943.83
1153,Electronics_Batteries_1153,2021-10,9643.2,17518.48,-7875.28
1007,Personal Care_Shampoo_1007,2023-03,5663.34,13529.23,-7865.89
1172,Electronics_Chargers_1172,2022-03,9643.25,17506.99,-7863.74
1150,Electronics_Batteries_1150,2023-09,11450.04,19305.14,-7855.1
1183,Electronics_Batteries_1183,2024-09,12442.47,20291.83,-7849.36
1151,Electronics_Cables_1151,2021-02,23332.74,31176.8,-7844.06
1187,Personal Care_Skincare_1187,2021-03,7277.7,15097.61,-7819.91
1065,Electronics_Chargers_1065,2023-11,11393.57,19205.64,-7812.07
1078,Electronics_Cables_1078,2025-04,14187.88,21982.69,-7794.81
1172,Electronics_Chargers_1172,2021-09,7828.05,15602.27,-7774.22
1036,Electronics_Mobile Accessories_1036,2024-02,12505.72,20271.76,-7766.04
1153,Electronics_Batteries_1153,2024-03,22521.58,30283.83,-7762.25
1114,Electronics_Batteries_1114,2025-09,12955.7,20677.45,-7721.75
1036,Electronics_Mobile Accessories_1036,2021-09,5637.24,13332.34,-7695.1
1161,Electronics_Batteries_1161,2022-09,4711.62,12406.12,-7694.5
1149,Electronics_Chargers_1149,2021-09,7768.5,15433.24,-7664.74
1046,Household_Paper Products_1046,2021-03,3665.97,11319.97,-7654.0
1001,Electronics_Chargers_1001,2021-06,23202.96,30849.25,-7646.29
1019,Electronics_Cables_1019,2024-10,15253.92,22880.88,-7626.96
1061,Personal Care_Skincare_1061,2021-03,5112.9,12713.06,-7600.16
1073,Electronics_Chargers_1073,2024-09,8306.22,15902.0,-7595.78
1073,Electronics_Chargers_1073,2024-02,21117.61,28709.01,-7591.4
1022,Household_Cleaning Supplies_1022,2025-09,2466.9,10043.24,-7576.34
1175,Household_Trash Bags_1175,2024-09,3710.08,11257.65,-7547.57
1187,Personal Care_Skincare_1187,2025-09,4566.4,12103.65,-7537.25
1151,Electronics_Cables_1151,2022-05,16146.37,23648.82,-7502.45
1089,Electronics_Mobile Accessories_1089,2021-09,4418.65,11871.45,-7452.8
1009,Electronics_Batteries_1009,2024-04,8176.46,15625.87,-7449.41
1173,Electronics_Batteries_1173,2022-02,25558.94,33001.62,-7442.68
1107,Electronics_Mobile Accessories_1107,2021-06,20257.02,27681.55,-7424.53
1096,Electronics_Mobile Accessories_1096,2022-03,9629.65,17050.43,-7420.78
1166,Grocery_Spices_1166,2021-03,3057.84,10460.39,-7402.55
1199,Electronics_Cables_1199,2023-09,19080.87,26464.8,-7383.93
1068,Electronics_Chargers_1068,2022-03,6941.57,14323.25,-7381.68
1149,Electronics_Chargers_1149,2025-04,10045.19,17423.55,-7378.36
1073,Electronics_Chargers_1073,2025-02,23150.82,30500.9,-7350.08
1045,Electronics_Cables_1045,2025-02,23908.78,31245.76,-7336.98
1009,Electronics_Batteries_1009,2024-02,13205.46,20523.41,-7317.95
1001,Electronics_Chargers_1001,2025-03,24134.18,31420.83,-7286.65
1072,Electronics_Chargers_1072,2024-11,21067.55,28352.94,-7285.39
1114,Electronics_Batteries_1114,2024-11,10117.62,17375.88,-7258.26
1116,Personal Care_Skincare_1116,2021-03,8280.72,15518.12,-7237.4
1065,Electronics_Chargers_1065,2024-03,19416.14,26641.16,-7225.02
1045,Electronics_Cables_1045,2024-09,8755.02,15969.52,-7214.5
1151,Electronics_Cables_1151,2023-02,19683.86,26894.2,-7210.34
1098,Electronics_Mobile Accessories_1098,2022-09,9628.29,16828.13,-7199.84
1161,Electronics_Batteries_1161,2021-09,6860.78,14037.63,-7176.85
1036,Electronics_Mobile Accessories_1036,2025-09,8053.2,15215.89,-7162.69
1116,Personal Care_Skincare_1116,2023-09,5077.8,12230.88,-7153.08
1007,Personal Care_Shampoo_1007,2022-09,5313.54,12449.43,-7135.89
1065,Electronics_Chargers_1065,2025-04,14829.24,21956.6,-7127.36
1019,Electronics_Cables_1019,2025-04,13749.7,20874.43,-7124.73
1129,Electronics_Chargers_1129,2021-09,13144.24,20254.69,-7110.45
1038,Electronics_Cables_1038,2023-02,13764.62,20874.84,-7110.22
1074,Personal Care_Skincare_1074,2021-03,5765.64,12874.2,-7108.56
1129,Electronics_Chargers_1129,2025-03,20942.27,28034.59,-7092.32
1148,Household_Cleaning Supplies_1148,2021-03,5253.78,12333.21,-7079.43
1108,Dairy_Butter_1108,2021-03,2555.8,9632.65,-7076.85
1189,Electronics_Batteries_1189,2023-03,7455.78,14478.48,-7022.7
1065,Electronics_Chargers_1065,2022-11,14333.99,21339.6,-7005.61
1073,Electronics_Chargers_1073,2021-06,12278.76,19277.61,-6998.85
1129,Electronics_Chargers_1129,2023-05,17423.76,24421.74,-6997.98
1019,Electronics_Cables_1019,2025-10,12923.46,19914.84,-6991.38
1149,Electronics_Chargers_1149,2023-02,15355.01,22314.1,-6959.09
1107,Electronics_Mobile Accessories_1107,2024-09,13022.37,19972.23,-6949.86
1046,Household_Paper Products_1046,2022-03,2909.5,9848.47,-6938.97
1096,Electronics_Mobile Accessories_1096,2023-09,9403.07,16318.07,-6915.0
1068,Electronics_Chargers_1068,2023-02,15931.54,22833.44,-6901.9
1034,Household_Cleaning Supplies_1034,2024-09,3741.4,10629.72,-6888.32
1035,Electronics_Batteries_1035,2024-11,22073.79,28954.84,-6881.05
1098,Electronics_Mobile Accessories_1098,2022-05,10734.8,17593.88,-6859.08
1051,Electronics_Cables_1051,2022-03,4923.15,11759.15,-6836.0
1151,Electronics_Cables_1151,2021-09,13131.16,19955.35,-6824.19
1073,Electronics_Chargers_1073,2022-03,9389.64,16183.05,-6793.41
1037,Electronics_Cables_1037,2024-10,10535.63,17321.29,-6785.66
1040,Electronics_Mobile Accessories_1040,2022-03,7197.8,13903.4,-6705.6
1078,Electronics_Cables_1078,2024-02,34455.08,41135.19,-6680.11
1175,Household_Trash Bags_1175,2025-09,5206.08,11880.44,-6674.36
1129,Electronics_Chargers_1129,2024-08,19455.4,26122.28,-6666.88
1037,Electronics_Cables_1037,2025-03,24708.81,31375.11,-6666.3
1173,Electronics_Batteries_1173,2021-09,13413.56,20074.34,-6660.78
1159,Electronics_Batteries_1159,2021-06,22616.16,29273.19,-6657.03
1173,Electronics_Batteries_1173,2022-06,20283.92,26929.2,-6645.28
1136,Personal Care_Shampoo_1136,2021-03,4823.2,11468.05,-6644.85
1116,Personal Care_Skincare_1116,2025-04,6171.48,12805.77,-6634.29
1153,Electronics_Batteries_1153,2022-02,24218.5,30848.2,-6629.7
1161,Electronics_Batteries_1161,2023-09,5951.52,12581.06,-6629.54
1078,Electronics_Cables_1078,2021-08,23417.32,30031.02,-6613.7
1114,Electronics_Batteries_1114,2024-02,22741.77,29332.58,-6590.81
1199,Electronics_Cables_1199,2024-06,25138.44,31724.82,-6586.38
1074,Personal Care_Skincare_1074,2025-04,3851.08,10418.98,-6567.9
1153,Electronics_Batteries_1153,2025-03,22389.57,28952.7,-6563.13
1089,Electronics_Mobile Accessories_1089,2022-02,8499.16,15060.96,-6561.8
1164,Electronics_Cables_1164,2021-06,28062.32,34623.1,-6560.78
1189,Electronics_Batteries_1189,2022-03,6005.23,12561.01,-6555.78
1189,Electronics_Batteries_1189,2024-02,10426.38,16974.9,-6548.52
1007,Personal Care_Shampoo_1007,2024-02,10457.8,17004.54,-6546.74
1072,Electronics_Chargers_1072,2022-11,18235.23,24779.04,-6543.81
1037,Electronics_Cables_1037,2025-06,24173.96,30714.04,-6540.08
1189,Electronics_Batteries_1189,2024-09,6005.23,12538.35,-6533.12
1040,Electronics_Mobile Accessories_1040,2021-03,9907.56,16440.41,-6532.85
1067,Grocery_Cereals_1067,2021-03,3370.76,9901.49,-6530.73
1045,Electronics_Cables_1045,2025-04,11778.35,18293.96,-6515.61
1164,Electronics_Cables_1164,2023-11,15472.55,21978.88,-6506.33
1077,Household_Cleaning Supplies_1077,2021-03,3712.8,10185.81,-6473.01
1072,Electronics_Chargers_1072,2023-06,23549.63,30020.76,-6471.13
1107,Electronics_Mobile Accessories_1107,2025-02,27602.28,34072.16,-6469.88
1116,Personal Care_Skincare_1116,2022-09,6327.72,12797.02,-6469.3
1175,Household_Trash Bags_1175,2021-03,4308.48,10756.5,-6448.02
1185,Personal Care_Toothpaste_1185,2025-04,6808.77,13252.78,-6444.01
1107,Electronics_Mobile Accessories_1107,2025-03,21176.71,27602.28,-6425.57
1035,Electronics_Batteries_1035,2023-02,37372.94,43793.92,-6420.98
1172,Electronics_Chargers_1172,2022-02,17506.99,23888.62,-6381.63
1185,Personal Care_Toothpaste_1185,2021-06,8203.34,14578.57,-6375.23
1038,Electronics_Cables_1038,2021-06,9530.88,15894.94,-6364.06
1150,Electronics_Batteries_1150,2021-06,14245.98,20603.43,-6357.45
1022,Household_Cleaning Supplies_1022,2022-09,4056.68,10406.74,-6350.06
1153,Electronics_Batteries_1153,2022-06,13661.2,19989.55,-6328.35
1114,Electronics_Batteries_1114,2025-02,25755.85,32074.52,-6318.67
1129,Electronics_Chargers_1129,2024-09,13144.24,19455.4,-6311.16
1183,Electronics_Batteries_1183,2025-04,11899.27,18191.11,-6291.84
1042,Grocery_Canned Goods_1042,2023-02,4747.82,11036.97,-6289.15
1174,Electronics_Mobile Accessories_1174,2023-10,14691.85,20953.95,-6262.1
1072,Electronics_Chargers_1072,2025-06,26863.86,33118.14,-6254.28
1065,Electronics_Chargers_1065,2022-06,21161.77,27408.02,-6246.25
1068,Electronics_Chargers_1068,2023-09,6846.48,13084.24,-6237.76
1185,Personal Care_Toothpaste_1185,2025-09,5572.08,11807.31,-6235.23
1084,Household_Paper Products_1084,2021-09,4597.44,10831.14,-6233.7
1189,Electronics_Batteries_1189,2021-03,8032.97,14240.04,-6207.07
1136,Personal Care_Shampoo_1136,2025-09,3436.53,9626.99,-6190.46
1159,Electronics_Batteries_1159,2021-09,17451.84,23641.73,-6189.89
1001,Electronics_Chargers_1001,2023-05,21557.36,27723.99,-6166.63
1189,Electronics_Batteries_1189,2025-04,4873.59,11035.27,-6161.68
1115,Household_Paper Products_1115,2021-09,3272.28,9426.66,-6154.38
1049,Electronics_Batteries_1049,2021-08,19987.46,26132.28,-6144.82
1096,Electronics_Mobile Accessories_1096,2021-06,13368.22,19508.65,-6140.43
1116,Personal Care_Skincare_1116,2024-09,6483.96,12622.84,-6138.88
1073,Electronics_Chargers_1073,2024-03,14989.26,21117.61,-6128.35
1116,Personal Care_Skincare_1116,2021-09,6171.48,12287.69,-6116.21
1067,Grocery_Cereals_1067,2024-09,3172.48,9272.22,-6099.74
1161,Electronics_Batteries_1161,2023-03,8438.01,14523.66,-6085.65
1153,Electronics_Batteries_1153,2023-05,14946.96,21014.38,-6067.42
1038,Electronics_Cables_1038,2023-03,7704.08,13764.62,-6060.54
1166,Grocery_Spices_1166,2021-09,3600.36,9641.8,-6041.44
1107,Electronics_Mobile Accessories_1107,2022-09,16880.85,22914.24,-6033.39
1022,Household_Cleaning Supplies_1022,2021-02,9437.3,15469.42,-6032.12
1018,Personal Care_Deodorant_1018,2024-09,3695.72,9716.02,-6020.3
1082,Household_Detergent_1082,2021-03,3036.88,9035.38,-5998.5
1046,Household_Paper Products_1046,2024-02,10065.41,16060.32,-5994.91
1045,Electronics_Cables_1045,2021-08,21869.31,27860.17,-5990.86
1074,Personal Care_Skincare_1074,2023-02,9367.65,15339.97,-5972.32
1018,Personal Care_Deodorant_1018,2025-04,3192.64,9163.54,-5970.9
1001,Electronics_Chargers_1001,2023-03,14540.6,20483.98,-5943.38
1037,Electronics_Cables_1037,2025-02,31375.11,37318.31,-5943.2
1115,Household_Paper Products_1115,2021-03,2962.74,8892.92,-5930.18
1129,Electronics_Chargers_1129,2022-02,20079.36,25992.35,-5912.99
1049,Electronics_Batteries_1049,2024-10,5671.68,11579.68,-5908.0
1035,Electronics_Batteries_1035,2021-10,15213.56,21102.68,-5889.12
1096,Electronics_Mobile Accessories_1096,2022-06,12348.61,18232.62,-5884.01
1148,Household_Cleaning Supplies_1148,2024-03,5576.31,11460.28,-5883.97
1037,Electronics_Cables_1037,2022-09,19106.99,24983.43,-5876.44
1098,Electronics_Mobile Accessories_1098,2024-09,9007.11,14878.54,-5871.43
1187,Personal Care_Skincare_1187,2024-09,6136.1,12004.39,-5868.29
1009,Electronics_Batteries_1009,2022-09,8094.55,13959.49,-5864.94
1150,Electronics_Batteries_1150,2024-02,25619.23,31478.08,-5858.85
1181,Personal Care_Soap_1181,2021-03,3050.19,8890.73,-5840.54
1037,Electronics_Cables_1037,2021-09,18035.57,23835.23,-5799.66
1007,Personal Care_Shampoo_1007,2021-03,5986.14,11776.61,-5790.47
1152,Personal Care_Toothpaste_1152,2021-03,4045.5,9828.4,-5782.9
1074,Personal Care_Skincare_1074,2022-03,5201.61,10978.77,-5777.16
1173,Electronics_Batteries_1173,2025-09,18484.54,24258.68,-5774.14
1129,Electronics_Chargers_1129,2024-03,19370.37,25137.99,-5767.62
1017,Household_Paper Products_1017,2021-03,4063.62,9820.52,-5756.9
1038,Electronics_Cables_1038,2023-07,9169.18,14911.84,-5742.66
1089,Electronics_Mobile Accessories_1089,2023-03,6484.2,12225.06,-5740.86
1037,Electronics_Cables_1037,2023-02,23307.92,29033.22,-5725.3
1116,Personal Care_Skincare_1116,2022-03,6015.24,11737.53,-5722.29
1115,Household_Paper Products_1115,2024-02,5351.69,11072.5,-5720.81
1172,Electronics_Chargers_1172,2024-02,19296.18,25000.7,-5704.52
1107,Electronics_Mobile Accessories_1107,2023-11,11018.37,16720.08,-5701.71
1135,Household_Trash Bags_1135,2023-03,5038.83,10723.57,-5684.74
1189,Electronics_Batteries_1189,2025-09,7565.03,13247.29,-5682.26
1019,Electronics_Cables_1019,2024-04,19213.04,24886.07,-5673.03
1051,Electronics_Cables_1051,2022-09,6421.5,12092.08,-5670.58
1073,Electronics_Chargers_1073,2022-02,16183.05,21840.97,-5657.92
1072,Electronics_Chargers_1072,2023-02,48824.14,54478.62,-5654.48
1045,Electronics_Cables_1045,2025-08,21010.69,26661.95,-5651.26
1045,Electronics_Cables_1045,2025-03,18293.96,23908.78,-5614.82
1116,Personal Care_Skincare_1116,2025-09,7421.4,13035.29,-5613.89
1074,Personal Care_Skincare_1074,2021-09,4198.89,9808.29,-5609.4
1049,Electronics_Batteries_1049,2023-03,13692.45,19297.43,-5604.98
1046,Household_Paper Products_1046,2023-03,5646.7,11248.96,-5602.26
1078,Electronics_Cables_1078,2025-03,21982.69,27583.12,-5600.43
1098,Electronics_Mobile Accessories_1098,2021-09,9110.64,14710.82,-5600.18
1151,Electronics_Cables_1151,2023-09,12274.78,17863.87,-5589.09
1019,Electronics_Cables_1019,2022-05,25701.32,31289.51,-5588.19
1040,Electronics_Mobile Accessories_1040,2024-02,13099.75,18633.23,-5533.48
1174,Electronics_Mobile Accessories_1174,2025-03,31154.35,36681.87,-5527.52
1078,Electronics_Cables_1078,2025-02,27583.12,33108.44,-5525.32
1164,Electronics_Cables_1164,2023-08,21947.35,27465.57,-5518.22
1066,Household_Cleaning Supplies_1066,2024-09,3534.38,9027.82,-5493.44
1163,Household_Paper Products_1163,2021-09,2430.35,7909.72,-5479.37
1187,Personal Care_Skincare_1187,2025-04,6093.97,11560.33,-5466.36
1046,Household_Paper Products_1046,2022-09,5760.81,11217.18,-5456.37
1051,Electronics_Cables_1051,2023-03,7075.07,12516.65,-5441.58
1038,Electronics_Cables_1038,2021-09,10523.68,15956.08,-5432.4
1073,Electronics_Chargers_1073,2024-06,11315.72,16732.82,-5417.1
1084,Household_Paper Products_1084,2021-03,4214.32,9628.23,-5413.91
1067,Grocery_Cereals_1067,2021-09,3370.76,8776.96,-5406.2
1017,Household_Paper Products_1017,2024-02,7134.95,12521.16,-5386.21
1164,Electronics_Cables_1164,2023-03,19671.03,25056.68,-5385.65
1017,Household_Paper Products_1017,2023-03,3159.18,8544.8,-5385.62
1098,Electronics_Mobile Accessories_1098,2024-08,14878.54,20260.19,-5381.65
1167,Grocery_Rice_1167,2021-03,5033.1,10414.59,-5381.49
1152,Personal Care_Toothpaste_1152,2021-09,4207.32,9566.13,-5358.81
1089,Electronics_Mobile Accessories_1089,2025-09,5078.15,10429.76,-5351.61
1037,Electronics_Cables_1037,2022-05,20357.01,25703.14,-5346.13
1036,Electronics_Mobile Accessories_1036,2024-09,5100.36,10437.73,-5337.37
1171,Personal Care_Toothpaste_1171,2022-09,2708.55,8038.26,-5329.71
1089,Electronics_Mobile Accessories_1089,2022-09,5407.9,10732.64,-5324.74
1035,Electronics_Batteries_1035,2023-03,32056.36,37372.94,-5316.58
1061,Personal Care_Skincare_1061,2025-09,4628.52,9934.31,-5305.79
1022,Household_Cleaning Supplies_1022,2022-03,3727.76,9028.66,-5300.9
1175,Household_Trash Bags_1175,2023-03,5675.18,10966.05,-5290.87
1199,Electronics_Cables_1199,2021-10,13103.73,18391.2,-5287.47
1116,Personal Care_Skincare_1116,2024-03,10370.08,15644.08,-5274.0
1172,Electronics_Chargers_1172,2021-06,12366.05,17633.36,-5267.31
1051,Electronics_Cables_1051,2025-04,4065.52,9332.16,-5266.64
1073,Electronics_Chargers_1073,2022-11,8467.26,13723.32,-5256.06
1008,Personal Care_Shampoo_1008,2024-02,6038.45,11282.5,-5244.05
1066,Household_Cleaning Supplies_1066,2021-03,4131.74,9357.42,-5225.68
1045,Electronics_Cables_1045,2025-06,12708.93,17933.67,-5224.74
1164,Electronics_Cables_1164,2024-05,21586.4,26809.65,-5223.25
1173,Electronics_Batteries_1173,2023-02,28567.73,33785.83,-5218.1
1018,Personal Care_Deodorant_1018,2021-03,5736.64,10939.34,-5202.7
1037,Electronics_Cables_1037,2022-11,14448.99,19642.7,-5193.71
1185,Personal Care_Toothpaste_1185,2021-03,6345.98,11538.1,-5192.12
1136,Personal Care_Shampoo_1136,2021-09,5245.23,10410.18,-5164.95
1089,Electronics_Mobile Accessories_1089,2023-09,5473.85,10633.78,-5159.93
1115,Household_Paper Products_1115,2022-03,3006.96,8166.21,-5159.25
1001,Electronics_Chargers_1001,2023-08,19694.72,24842.16,-5147.44
1189,Electronics_Batteries_1189,2021-06,7643.02,12783.8,-5140.78
1098,Electronics_Mobile Accessories_1098,2024-03,13886.96,19018.92,-5131.96
1058,Personal Care_Soap_1058,2022-09,2478.85,7608.78,-5129.93
1046,Household_Paper Products_1046,2024-09,3956.92,9080.46,-5123.54
1133,Electronics_Mobile Accessories_1133,2025-09,1354.0,6468.8,-5114.8
1040,Electronics_Mobile Accessories_1040,2022-09,7790.56,12846.64,-5056.08
1136,Personal Care_Shampoo_1136,2022-09,4943.78,9994.17,-5050.39
1061,Personal Care_Skincare_1061,2023-03,5179.69,10207.16,-5027.47
1072,Electronics_Chargers_1072,2024-02,46759.62,51780.3,-5020.68
1038,Electronics_Cables_1038,2025-02,15799.6,20814.55,-5014.95
1084,Household_Paper Products_1084,2025-09,3783.31,8791.54,-5008.23
1051,Electronics_Cables_1051,2021-06,7563.1,12569.22,-5006.12
1150,Electronics_Batteries_1150,2024-04,17226.01,22230.8,-5004.79
1067,Grocery_Cereals_1067,2022-03,4163.88,9167.64,-5003.76
1072,Electronics_Chargers_1072,2021-10,18107.76,23111.22,-5003.46
1018,Personal Care_Deodorant_1018,2023-09,3530.24,8532.29,-5002.05
1045,Electronics_Cables_1045,2024-03,14711.68,19710.93,-4999.25
1122,Dairy_Yogurt_1122,2021-03,3002.0,7980.34,-4978.34
1074,Personal Care_Skincare_1074,2024-03,9764.34,14734.27,-4969.93
1089,Electronics_Mobile Accessories_1089,2025-03,9401.33,14347.62,-4946.29
1045,Electronics_Cables_1045,2021-06,17651.25,22594.43,-4943.18
1078,Electronics_Cables_1078,2021-06,23185.17,28128.23,-4943.06
1078,Electronics_Cables_1078,2025-09,19590.57,24518.99,-4928.42
1151,Electronics_Cables_1151,2021-06,18697.63,23624.33,-4926.7
1166,Grocery_Spices_1166,2022-03,3501.72,8424.47,-4922.75
1089,Electronics_Mobile Accessories_1089,2025-04,4484.6,9401.33,-4916.73
1023,Personal Care_Toothpaste_1023,2024-09,5352.16,10264.8,-4912.64
1042,Grocery_Canned Goods_1042,2021-03,3996.1,8886.58,-4890.48
1058,Personal Care_Soap_1058,2025-03,3877.89,8760.55,-4882.66
1150,Electronics_Batteries_1150,2022-05,16958.69,21834.6,-4875.91
1046,Household_Paper Products_1046,2021-09,5935.38,10804.04,-4868.66
1062,Personal Care_Deodorant_1062,2021-03,2509.48,7350.94,-4841.46
1023,Personal Care_Toothpaste_1023,2021-06,5838.72,10672.02,-4833.3
1040,Electronics_Mobile Accessories_1040,2024-03,8267.65,13099.75,-4832.1
1022,Household_Cleaning Supplies_1022,2025-04,2876.4,7699.59,-4823.19
1009,Electronics_Batteries_1009,2021-09,7548.85,12368.65,-4819.8
1183,Electronics_Batteries_1183,2024-04,13445.16,18249.87,-4804.71
1047,Household_Detergent_1047,2024-02,3888.44,8689.65,-4801.21
1049,Electronics_Batteries_1049,2024-08,13328.16,18124.13,-4795.97
1166,Grocery_Spices_1166,2025-04,3376.93,8166.01,-4789.08
1082,Household_Detergent_1082,2022-03,3170.86,7951.7,-4780.84
1149,Electronics_Chargers_1149,2021-06,12533.18,17314.01,-4780.83
1038,Electronics_Cables_1038,2022-06,9630.16,14395.6,-4765.44
1187,Personal Care_Skincare_1187,2024-02,11370.54,16132.38,-4761.84
1090,Dairy_Cheese_1090,2021-03,3252.06,8006.15,-4754.09
1068,Electronics_Chargers_1068,2023-03,11182.52,15931.54,-4749.02
1008,Personal Care_Shampoo_1008,2021-03,4877.34,9617.38,-4740.04
1073,Electronics_Chargers_1073,2023-09,9389.64,14122.7,-4733.06
1185,Personal Care_Toothpaste_1185,2024-04,6873.93,11605.52,-4731.59
1078,Electronics_Cables_1078,2024-05,14917.59,19648.05,-4730.46
1152,Personal Care_Toothpaste_1152,2025-09,3452.16,8155.55,-4703.39
1174,Electronics_Mobile Accessories_1174,2023-07,24691.94,29393.33,-4701.39
1028,Household_Paper Products_1028,2024-09,2673.92,7373.14,-4699.22
1189,Electronics_Batteries_1189,2022-06,7487.04,12166.41,-4679.37
1149,Electronics_Chargers_1149,2024-02,19033.28,23712.19,-4678.91
1078,Electronics_Cables_1078,2024-11,9525.69,14198.67,-4672.98
1078,Electronics_Cables_1078,2025-10,14917.59,19590.57,-4672.98
1077,Household_Cleaning Supplies_1077,2022-09,4760.0,9431.94,-4671.94
1042,Grocery_Canned Goods_1042,2024-09,2514.4,7177.71,-4663.31
1028,Household_Paper Products_1028,2025-09,2673.92,7335.52,-4661.6
1049,Electronics_Batteries_1049,2022-03,9098.32,13758.26,-4659.94
1022,Household_Cleaning Supplies_1022,2024-03,4779.17,9437.3,-4658.13
1034,Household_Cleaning Supplies_1034,2025-09,5756.0,10410.42,-4654.42
1036,Electronics_Mobile Accessories_1036,2022-10,6353.08,11006.04,-4652.96
1018,Personal Care_Deodorant_1018,2022-03,3750.88,8391.22,-4640.34
1051,Electronics_Cables_1051,2021-09,5565.3,10181.96,-4616.66
1007,Personal Care_Shampoo_1007,2025-04,7257.34,11868.48,-4611.14
1187,Personal Care_Skincare_1187,2023-03,6775.4,11378.38,-4602.98
1187,Personal Care_Skincare_1187,2021-09,5493.95,10091.49,-4597.54
1067,Grocery_Cereals_1067,2025-04,2528.07,7125.28,-4597.21
1185,Personal Care_Toothpaste_1185,2021-02,11538.1,16113.36,-4575.26
1175,Household_Trash Bags_1175,2022-09,4428.16,8999.09,-4570.93
1152,Personal Care_Toothpaste_1152,2022-09,4045.5,8616.32,-4570.82
1152,Personal Care_Toothpaste_1152,2023-09,4045.5,8615.06,-4569.56
1109,Electronics_Batteries_1109,2021-06,3165.93,7731.45,-4565.52
1120,Grocery_Cereals_1120,2024-09,3947.4,8512.92,-4565.52
1151,Electronics_Cables_1151,2025-02,28352.2,32905.97,-4553.77
1058,Personal Care_Soap_1058,2024-09,3560.53,8101.92,-4541.39
1034,Household_Cleaning Supplies_1034,2025-04,5347.31,9886.84,-4539.53
1067,Grocery_Cereals_1067,2022-09,3668.18,8207.48,-4539.3
1084,Household_Paper Products_1084,2023-03,4097.42,8627.51,-4530.09
1156,Personal Care_Soap_1156,2021-03,3055.5,7582.14,-4526.64
1187,Personal Care_Skincare_1187,2022-09,5779.35,10304.74,-4525.39
1051,Electronics_Cables_1051,2021-03,7277.7,11802.76,-4525.06
1103,Dairy_Milk_1103,2021-03,2917.64,7442.59,-4524.95
1022,Household_Cleaning Supplies_1022,2023-03,4510.68,9026.31,-4515.63
1036,Electronics_Mobile Accessories_1036,2025-02,16099.91,20609.53,-4509.62
1070,Grocery_Canned Goods_1070,2021-03,3543.96,8045.67,-4501.71
1133,Electronics_Mobile Accessories_1133,2021-03,2504.9,6996.54,-4491.64
1078,Electronics_Cables_1078,2024-04,19648.05,24138.15,-4490.1
1066,Household_Cleaning Supplies_1066,2022-09,3285.48,7774.96,-4489.48
1120,Grocery_Cereals_1120,2024-02,8881.82,13369.0,-4487.18
1009,Electronics_Batteries_1009,2025-02,14529.23,19012.49,-4483.26
1019,Electronics_Cables_1019,2024-06,23279.16,27753.66,-4474.5
1073,Electronics_Chargers_1073,2023-05,9871.16,14337.33,-4466.17
1049,Electronics_Batteries_1049,2022-11,9243.04,13706.56,-4463.52
1173,Electronics_Batteries_1173,2021-06,20120.34,24582.54,-4462.2
1115,Household_Paper Products_1115,2025-09,3139.62,7597.62,-4458.0
1038,Electronics_Cables_1038,2025-04,9569.63,14017.71,-4448.08
1149,Electronics_Chargers_1149,2024-04,11953.54,16396.75,-4443.21
1022,Household_Cleaning Supplies_1022,2021-09,3782.58,8221.02,-4438.44
1074,Personal Care_Skincare_1074,2022-09,5201.61,9632.76,-4431.15
1187,Personal Care_Skincare_1187,2022-03,5208.55,9631.95,-4423.4
1120,Grocery_Cereals_1120,2025-09,3157.92,7578.9,-4420.98
1135,Household_Trash Bags_1135,2025-09,3837.24,8254.01,-4416.77
1183,Electronics_Batteries_1183,2022-10,11238.36,15653.43,-4415.07
1098,Electronics_Mobile Accessories_1098,2022-03,9317.7,13730.81,-4413.11
1065,Electronics_Chargers_1065,2022-09,19027.81,23440.05,-4412.24
1018,Personal Care_Deodorant_1018,2025-09,5295.36,9702.8,-4407.44
1120,Grocery_Cereals_1120,2021-06,4783.32,9180.94,-4397.62
1152,Personal Care_Toothpaste_1152,2023-02,7106.25,11503.65,-4397.4
1017,Household_Paper Products_1017,2023-09,2766.72,7149.97,-4383.25
1096,Electronics_Mobile Accessories_1096,2021-11,7176.89,11555.58,-4378.69
1163,Household_Paper Products_1163,2023-03,3290.24,7624.75,-4334.51
1099,Personal Care_Toothpaste_1099,2024-03,5316.96,9651.13,-4334.17
1138,Household_Cleaning Supplies_1138,2023-09,3285.88,7606.1,-4320.22
1166,Grocery_Spices_1166,2021-06,4833.36,9153.21,-4319.85
1096,Electronics_Mobile Accessories_1096,2025-06,9502.23,13821.38,-4319.15
1099,Personal Care_Toothpaste_1099,2025-04,2890.72,7208.05,-4317.33
1061,Personal Care_Skincare_1061,2025-02,7479.76,11795.01,-4315.25
1078,Electronics_Cables_1078,2022-05,17737.14,22050.81,-4313.67
1098,Electronics_Mobile Accessories_1098,2024-12,6673.28,10985.81,-4312.53
1060,Household_Detergent_1060,2024-09,2798.68,7108.86,-4310.18
1173,Electronics_Batteries_1173,2025-02,26405.18,30713.82,-4308.64
1161,Electronics_Batteries_1161,2021-06,8761.96,13061.38,-4299.42
1034,Household_Cleaning Supplies_1034,2022-03,3798.96,8097.97,-4299.01
1150,Electronics_Batteries_1150,2025-02,22158.28,26455.7,-4297.42
1156,Personal Care_Soap_1156,2021-09,1969.1,6265.3,-4296.2
1133,Electronics_Mobile Accessories_1133,2025-02,4912.77,9204.91,-4292.14
1078,Electronics_Cables_1078,2023-05,21387.87,25678.25,-4290.38
1167,Grocery_Rice_1167,2023-02,5692.06,9974.87,-4282.81
1189,Electronics_Batteries_1189,2023-09,5771.26,10051.16,-4279.9
1148,Household_Cleaning Supplies_1148,2025-08,6856.25,11135.97,-4279.72
1019,Electronics_Cables_1019,2025-02,34103.55,38378.32,-4274.77
1114,Electronics_Batteries_1114,2024-03,18471.59,22741.77,-4270.18
1151,Electronics_Cables_1151,2021-08,19955.35,24225.44,-4270.09
1068,Electronics_Chargers_1068,2021-06,11410.8,15680.88,-4270.08
1040,Electronics_Mobile Accessories_1040,2021-06,9399.48,13668.59,-4269.11
1099,Personal Care_Toothpaste_1099,2022-09,5283.04,9534.86,-4251.82
1121,Grocery_Rice_1121,2022-03,1849.04,6097.05,-4248.01
1122,Dairy_Yogurt_1122,2023-03,3146.1,7393.85,-4247.75
1159,Electronics_Batteries_1159,2025-03,27025.77,31270.2,-4244.43
1138,Household_Cleaning Supplies_1138,2021-03,3100.76,7345.1,-4244.34
1115,Household_Paper Products_1115,2025-03,6229.4,10473.1,-4243.7
1187,Personal Care_Skincare_1187,2023-09,5922.05,10163.09,-4241.04
1017,Household_Paper Products_1017,2021-09,2637.03,6859.59,-4222.56
1051,Electronics_Cables_1051,2024-02,11062.02,15256.78,-4194.76
1199,Electronics_Cables_1199,2023-07,24956.73,29150.02,-4193.29
1138,Household_Cleaning Supplies_1138,2025-09,4165.2,8357.46,-4192.26
1061,Personal Care_Skincare_1061,2025-04,4239.88,8431.07,-4191.19
1151,Electronics_Cables_1151,2022-08,16338.54,20527.0,-4188.46
1073,Electronics_Chargers_1073,2024-08,15902.0,20086.42,-4184.42
1065,Electronics_Chargers_1065,2023-03,22662.51,26838.53,-4176.02
1109,Electronics_Batteries_1109,2023-03,3295.43,7467.47,-4172.04
1023,Personal Care_Toothpaste_1023,2022-02,8492.39,12662.61,-4170.22
1135,Household_Trash Bags_1135,2025-04,3377.76,7544.9,-4167.14
1167,Grocery_Rice_1167,2021-09,2869.75,7032.61,-4162.86
1009,Electronics_Batteries_1009,2023-02,13185.96,17344.91,-4158.95
1022,Household_Cleaning Supplies_1022,2023-02,9026.31,13165.7,-4139.39
1001,Electronics_Chargers_1001,2025-06,15777.19,19911.76,-4134.57
1015,Dairy_Cream_1015,2021-03,1926.23,6058.42,-4132.19
1138,Household_Cleaning Supplies_1138,2022-09,4257.76,8370.44,-4112.68
1061,Personal Care_Skincare_1061,2024-02,7667.97,11780.08,-4112.11
1017,Household_Paper Products_1017,2022-09,2853.18,6959.1,-4105.92
1115,Household_Paper Products_1115,2023-03,4317.72,8418.77,-4101.05
1163,Household_Paper Products_1163,2022-09,2430.35,6528.95,-4098.6
1096,Electronics_Mobile Accessories_1096,2024-04,12176.79,16272.36,-4095.57
1033,Household_Paper Products_1033,2025-09,1978.84,6073.2,-4094.36
1058,Personal Care_Soap_1058,2024-03,4036.94,8131.23,-4094.29
1034,Household_Cleaning Supplies_1034,2022-09,5525.76,9604.58,-4078.82
1046,Household_Paper Products_1046,2024-03,5987.97,10065.41,-4077.44
1167,Grocery_Rice_1167,2022-09,4061.8,8132.97,-4071.17
1077,Household_Cleaning Supplies_1077,2024-03,5816.36,9886.52,-4070.16
1126,Beverages_Soft Drinks_1126,2024-09,1824.7,5890.7,-4066.0
1009,Electronics_Batteries_1009,2021-08,12368.65,16434.31,-4065.66
1084,Household_Paper Products_1084,2022-09,4357.99,8417.52,-4059.53
1161,Electronics_Batteries_1161,2022-03,8266.0,12321.96,-4055.96
1070,Grocery_Canned Goods_1070,2022-09,3417.39,7468.35,-4050.96
1084,Household_Paper Products_1084,2024-04,4848.77,8887.98,-4039.21
1109,Electronics_Batteries_1109,2021-03,3311.49,7347.89,-4036.4
1140,Personal Care_Shampoo_1140,2022-09,2401.95,6428.83,-4026.88
1121,Grocery_Rice_1121,2021-06,2741.68,6763.03,-4021.35
1070,Grocery_Canned Goods_1070,2023-02,5565.75,9585.7,-4019.95
1120,Grocery_Cereals_1120,2022-09,2693.52,6709.5,-4015.98
1120,Grocery_Cereals_1120,2022-03,3668.76,7650.99,-3982.23
1007,Personal Care_Shampoo_1007,2021-02,11776.61,15756.21,-3979.6
1115,Household_Paper Products_1115,2022-09,3537.6,7513.62,-3976.02
1013,Grocery_Cereals_1013,2022-03,2494.1,6459.93,-3965.83
1135,Household_Trash Bags_1135,2025-03,7544.9,11508.93,-3964.03
1040,Electronics_Mobile Accessories_1040,2023-03,9067.46,13025.74,-3958.28
1107,Electronics_Mobile Accessories_1107,2023-02,25280.7,29221.4,-3940.7
1120,Grocery_Cereals_1120,2023-03,3267.48,7191.63,-3924.15
1058,Personal Care_Soap_1058,2021-03,3785.88,7703.65,-3917.77
1036,Electronics_Mobile Accessories_1036,2023-11,6910.08,10827.08,-3917.0
1114,Electronics_Batteries_1114,2024-08,22363.26,26275.9,-3912.64
1017,Household_Paper Products_1017,2022-03,3328.71,7227.23,-3898.52
1035,Electronics_Batteries_1035,2021-12,17520.1,21414.38,-3894.28
1034,Household_Cleaning Supplies_1034,2021-03,5237.96,9115.53,-3877.57
1038,Electronics_Cables_1038,2024-04,11604.4,15479.4,-3875.0
1150,Electronics_Batteries_1150,2022-11,8110.21,11982.6,-3872.39
1034,Household_Cleaning Supplies_1034,2023-03,5389.96,9250.3,-3860.34
1167,Grocery_Rice_1167,2025-09,3178.8,7038.76,-3859.96
1099,Personal Care_Toothpaste_1099,2021-03,5881.12,9736.98,-3855.86
1038,Electronics_Cables_1038,2024-02,18126.69,21978.89,-3852.2
1129,Electronics_Chargers_1129,2021-06,19410.68,23254.2,-3843.52
1007,Personal Care_Shampoo_1007,2021-09,5717.1,9550.56,-3833.46
1103,Dairy_Milk_1103,2023-05,3071.2,6901.21,-3830.01
1036,Electronics_Mobile Accessories_1036,2021-06,12079.8,15906.8,-3827.0
1153,Electronics_Batteries_1153,2022-08,22369.15,26188.34,-3819.19
1037,Electronics_Cables_1037,2023-05,23035.53,26854.54,-3819.01
1072,Electronics_Chargers_1072,2025-10,18346.02,22158.18,-3812.16
1185,Personal Care_Toothpaste_1185,2023-09,7352.05,11162.59,-3810.54
1140,Personal Care_Shampoo_1140,2024-09,2437.8,6248.07,-3810.27
1103,Dairy_Milk_1103,2022-09,3531.88,7340.06,-3808.18
1070,Grocery_Canned Goods_1070,2023-09,2995.49,6800.86,-3805.37
1051,Electronics_Cables_1051,2025-09,5779.35,9580.47,-3801.12
1040,Electronics_Mobile Accessories_1040,2023-11,5175.0,8976.08,-3801.08
1074,Personal Care_Skincare_1074,2025-02,10004.84,13800.47,-3795.63
1148,Household_Cleaning Supplies_1148,2025-04,4609.39,8397.76,-3788.37
1172,Electronics_Chargers_1172,2025-04,9914.36,13698.83,-3784.47
1029,Grocery_Canned Goods_1029,2025-04,2021.91,5797.9,-3775.99
1068,Electronics_Chargers_1068,2025-03,14023.55,17795.98,-3772.43
1099,Personal Care_Toothpaste_1099,2023-02,7011.89,10783.43,-3771.54
1120,Grocery_Cereals_1120,2024-04,4548.51,8316.26,-3767.75
1047,Household_Detergent_1047,2023-03,2786.28,6550.93,-3764.65
1066,Household_Cleaning Supplies_1066,2025-09,3783.28,7547.92,-3764.64
1060,Household_Detergent_1060,2022-09,2231.38,5993.49,-3762.11
1175,Household_Trash Bags_1175,2021-09,4727.36,8488.61,-3761.25
1135,Household_Trash Bags_1135,2023-09,4089.69,7849.97,-3760.28
1183,Electronics_Batteries_1183,2023-11,10697.5,14449.32,-3751.82
1038,Electronics_Cables_1038,2023-09,7048.88,10793.49,-3744.61
1046,Household_Paper Products_1046,2021-06,6691.85,10436.18,-3744.33
1161,Electronics_Batteries_1161,2024-05,8183.34,11916.26,-3732.92
1045,Electronics_Cables_1045,2024-08,15969.52,19689.0,-3719.48
1199,Electronics_Cables_1199,2023-05,26897.13,30615.53,-3718.4
1098,Electronics_Mobile Accessories_1098,2023-11,6946.51,10663.59,-3717.08
1089,Electronics_Mobile Accessories_1089,2024-09,6199.3,9916.19,-3716.89
1073,Electronics_Chargers_1073,2025-06,15912.69,19621.94,-3709.25
1153,Electronics_Batteries_1153,2022-05,19989.55,23696.16,-3706.61
1104,Grocery_Pasta_1104,2021-03,1816.32,5519.99,-3703.67
1023,Personal Care_Toothpaste_1023,2023-02,8642.06,12342.93,-3700.87
1022,Household_Cleaning Supplies_1022,2024-09,5098.26,8797.71,-3699.45
1046,Household_Paper Products_1046,2025-04,4681.38,8377.29,-3695.91
1183,Electronics_Batteries_1183,2023-06,15573.14,19265.76,-3692.62
1109,Electronics_Batteries_1109,2022-09,2365.35,6054.48,-3689.13
1163,Household_Paper Products_1163,2025-02,5667.63,9353.26,-3685.63
1069,Grocery_Spices_1069,2022-09,2106.5,5792.11,-3685.61
1181,Personal Care_Soap_1181,2022-02,4800.0,8477.58,-3677.58
1108,Dairy_Butter_1108,2023-02,5402.92,9071.42,-3668.5
1103,Dairy_Milk_1103,2023-03,3602.43,7267.55,-3665.12
1023,Personal Care_Toothpaste_1023,2025-09,4196.58,7859.92,-3663.34
1061,Personal Care_Skincare_1061,2022-09,3928.86,7590.92,-3662.06
1140,Personal Care_Shampoo_1140,2025-09,2832.15,6490.43,-3658.28
1103,Dairy_Milk_1103,2024-09,2533.74,6191.46,-3657.72
1077,Household_Cleaning Supplies_1077,2022-03,2570.4,6223.7,-3653.3
1036,Electronics_Mobile Accessories_1036,2021-08,13332.34,16985.28,-3652.94
1115,Household_Paper Products_1115,2024-09,3449.16,7096.62,-3647.46
1009,Electronics_Batteries_1009,2023-09,8731.2,12369.2,-3638.0
1136,Personal Care_Shampoo_1136,2022-03,5004.07,8640.55,-3636.48
1065,Electronics_Chargers_1065,2022-02,29808.47,33442.87,-3634.4
1089,Electronics_Mobile Accessories_1089,2021-06,7716.15,11343.01,-3626.86
1051,Electronics_Cables_1051,2022-05,9351.29,12976.52,-3625.23
1066,Household_Cleaning Supplies_1066,2023-02,7617.36,11238.09,-3620.73
1047,Household_Detergent_1047,2021-09,2311.04,5930.8,-3619.76
1033,Household_Paper Products_1033,2021-03,3146.68,6762.96,-3616.28
1046,Household_Paper Products_1046,2025-08,6799.43,10415.36,-3615.93
1183,Electronics_Batteries_1183,2024-03,18249.87,21862.85,-3612.98
1183,Electronics_Batteries_1183,2024-10,8830.14,12442.47,-3612.33
1077,Household_Cleaning Supplies_1077,2021-09,3236.8,6845.36,-3608.56
1129,Electronics_Chargers_1129,2024-06,17951.07,21550.44,-3599.37
1098,Electronics_Mobile Accessories_1098,2025-07,14598.0,18195.45,-3597.45
1065,Electronics_Chargers_1065,2025-02,31225.64,34822.29,-3596.65
1001,Electronics_Chargers_1001,2024-04,19281.7,22878.26,-3596.56
1108,Dairy_Butter_1108,2022-09,2359.2,5950.89,-3591.69
1098,Electronics_Mobile Accessories_1098,2025-09,8178.87,11770.46,-3591.59
1040,Electronics_Mobile Accessories_1040,2025-04,7108.06,10699.64,-3591.58
1070,Grocery_Canned Goods_1070,2022-03,3375.2,6963.79,-3588.59
1136,Personal Care_Shampoo_1136,2021-06,8983.21,12571.76,-3588.55
1051,Electronics_Cables_1051,2025-03,9332.16,12917.12,-3584.96
1077,Household_Cleaning Supplies_1077,2025-04,3663.3,7248.05,-3584.75
1156,Personal Care_Soap_1156,2022-03,3123.4,6702.71,-3579.31
1060,Household_Detergent_1060,2025-02,5193.24,8765.86,-3572.62
1152,Personal Care_Toothpaste_1152,2025-04,4365.91,7935.31,-3569.4
1098,Electronics_Mobile Accessories_1098,2022-11,6370.7,9938.88,-3568.18
1161,Electronics_Batteries_1161,2025-06,8586.36,12151.02,-3564.66
1103,Dairy_Milk_1103,2021-09,2725.69,6288.58,-3562.89
1103,Dairy_Milk_1103,2025-04,2840.86,6400.88,-3560.02
1035,Electronics_Batteries_1035,2022-11,18769.76,22329.58,-3559.82
1122,Dairy_Yogurt_1122,2024-09,1738.0,5295.53,-3557.53
1047,Household_Detergent_1047,2021-03,2599.92,6155.78,-3555.86
1029,Grocery_Canned Goods_1029,2024-09,1980.9,5535.36,-3554.46
1135,Household_Trash Bags_1135,2022-09,3837.24,7391.12,-3553.88
1166,Grocery_Spices_1166,2025-02,9079.43,12630.69,-3551.26
1018,Personal Care_Deodorant_1018,2024-02,8128.7,11665.67,-3536.97
1040,Electronics_Mobile Accessories_1040,2022-02,13903.4,17428.2,-3524.8
1152,Personal Care_Toothpaste_1152,2021-06,4800.66,8324.1,-3523.44
1109,Electronics_Batteries_1109,2022-02,4432.54,7953.13,-3520.59
1040,Electronics_Mobile Accessories_1040,2025-02,13890.7,17410.03,-3519.33
1196,Grocery_Pasta_1196,2024-09,2904.18,6418.5,-3514.32
1037,Electronics_Cables_1037,2023-06,19521.31,23035.53,-3514.22
1136,Personal Care_Shampoo_1136,2023-02,6348.24,9850.33,-3502.09
1125,Personal Care_Toothpaste_1125,2021-03,1995.78,5496.44,-3500.66
1067,Grocery_Cereals_1067,2025-09,3767.32,7267.24,-3499.92
1013,Grocery_Cereals_1013,2022-09,2814.77,6308.58,-3493.81
1068,Electronics_Chargers_1068,2024-04,10546.02,14038.6,-3492.58
1090,Dairy_Cheese_1090,2022-03,2338.56,5829.99,-3491.43
1166,Grocery_Spices_1166,2024-09,4290.84,7776.48,-3485.64
1077,Household_Cleaning Supplies_1077,2025-06,5227.08,8710.8,-3483.72
1152,Personal Care_Toothpaste_1152,2022-03,5124.3,8607.35,-3483.05
1099,Personal Care_Toothpaste_1099,2025-09,3339.28,6818.97,-3479.69
1042,Grocery_Canned Goods_1042,2022-09,2559.3,6035.46,-3476.16
1118,Dairy_Milk_1118,2021-09,2156.7,5625.67,-3468.97
1090,Dairy_Cheese_1090,2022-09,3909.78,7376.79,-3467.01
1022,Household_Cleaning Supplies_1022,2021-03,5975.38,9437.3,-3461.92
1096,Electronics_Mobile Accessories_1096,2023-06,11609.95,15067.57,-3457.62
1149,Electronics_Chargers_1149,2022-05,10701.06,14157.66,-3456.6
1167,Grocery_Rice_1167,2021-06,4812.35,8262.72,-3450.37
1161,Electronics_Batteries_1161,2023-11,5652.3,9092.6,-3440.3
1066,Household_Cleaning Supplies_1066,2024-03,5366.08,8801.51,-3435.43
1068,Electronics_Chargers_1068,2025-04,10588.24,14023.55,-3435.31
1198,Dairy_Cheese_1198,2021-03,2046.89,5482.08,-3435.19
1070,Grocery_Canned Goods_1070,2021-09,4303.38,7735.01,-3431.63
1028,Household_Paper Products_1028,2022-09,3634.86,7057.24,-3422.38
1148,Household_Cleaning Supplies_1148,2022-03,4824.9,8246.11,-3421.21
1173,Electronics_Batteries_1173,2025-08,24258.68,27677.52,-3418.84
1070,Grocery_Canned Goods_1070,2024-09,3164.25,6581.55,-3417.3
1013,Grocery_Cereals_1013,2021-03,2992.92,6409.4,-3416.48
1150,Electronics_Batteries_1150,2023-08,19305.14,22718.77,-3413.63
1108,Dairy_Butter_1108,2024-09,2870.36,6280.82,-3410.46
1103,Dairy_Milk_1103,2025-09,3531.88,6941.21,-3409.33
1172,Electronics_Chargers_1172,2021-08,15602.27,19011.54,-3409.27
1096,Electronics_Mobile Accessories_1096,2025-02,18999.71,22404.33,-3404.62
1040,Electronics_Mobile Accessories_1040,2022-08,12846.64,16248.35,-3401.71
1028,Household_Paper Products_1028,2021-03,3342.4,6741.38,-3398.98
1159,Electronics_Batteries_1159,2024-03,30595.2,33988.97,-3393.77
1060,Household_Detergent_1060,2025-08,3409.92,6800.6,-3390.68
1150,Electronics_Batteries_1150,2024-03,22230.8,25619.23,-3388.43
1172,Electronics_Chargers_1172,2024-03,15910.62,19296.18,-3385.56
1008,Personal Care_Shampoo_1008,2022-03,3954.6,7338.52,-3383.92
1171,Personal Care_Toothpaste_1171,2021-09,3791.97,7174.89,-3382.92
1128,Grocery_Spices_1128,2021-03,2152.98,5530.85,-3377.87
1196,Grocery_Pasta_1196,2021-03,2904.18,6278.36,-3374.18
1148,Household_Cleaning Supplies_1148,2025-09,3484.65,6856.25,-3371.6
1096,Electronics_Mobile Accessories_1096,2022-02,17050.43,20420.77,-3370.34
1069,Grocery_Spices_1069,2021-03,4787.5,8155.85,-3368.35
1066,Household_Cleaning Supplies_1066,2022-03,4430.42,7797.25,-3366.83
1090,Dairy_Cheese_1090,2021-09,2411.64,5777.37,-3365.73
1107,Electronics_Mobile Accessories_1107,2024-02,33329.15,36689.83,-3360.68
1051,Electronics_Cables_1051,2025-08,9580.47,12939.12,-3358.65
1103,Dairy_Milk_1103,2023-09,3301.54,6658.17,-3356.63
1089,Electronics_Mobile Accessories_1089,2022-03,5144.1,8499.16,-3355.06
1121,Grocery_Rice_1121,2022-09,2104.08,5456.34,-3352.26
1119,Grocery_Pasta_1119,2021-03,4003.77,7353.55,-3349.78
1036,Electronics_Mobile Accessories_1036,2024-08,10437.73,13784.21,-3346.48
1028,Household_Paper Products_1028,2021-09,2966.38,6312.76,-3346.38
1187,Personal Care_Skincare_1187,2025-02,12449.82,15795.43,-3345.61
1156,Personal Care_Soap_1156,2023-02,5320.01,8661.3,-3341.29
1009,Electronics_Batteries_1009,2025-04,8269.15,11609.47,-3340.32
1018,Personal Care_Deodorant_1018,2021-06,7281.12,10613.06,-3331.94
1138,Household_Cleaning Supplies_1138,2023-02,6578.42,9908.95,-3330.53
1138,Household_Cleaning Supplies_1138,2022-03,3471.0,6800.27,-3329.27
1140,Personal Care_Shampoo_1140,2021-03,3907.65,7234.92,-3327.27
1199,Electronics_Cables_1199,2024-11,15755.52,19080.87,-3325.35
1068,Electronics_Chargers_1068,2024-02,16702.71,20025.37,-3322.66
1175,Household_Trash Bags_1175,2022-05,6002.7,9323.82,-3321.12
1101,Snacks_Crackers_1101,2021-03,2541.84,5861.03,-3319.19
1119,Grocery_Pasta_1119,2021-09,1875.64,5188.74,-3313.1
1187,Personal Care_Skincare_1187,2021-06,7777.15,11086.05,-3308.9
1034,Household_Cleaning Supplies_1034,2023-09,5813.56,9120.0,-3306.44
1163,Household_Paper Products_1163,2022-03,2991.2,6295.29,-3304.09
1166,Grocery_Spices_1166,2022-09,2959.2,6263.29,-3304.09
1074,Personal Care_Skincare_1074,2022-02,10978.77,14280.63,-3301.86
1132,Dairy_Butter_1132,2023-02,4978.02,8278.66,-3300.64
1196,Grocery_Pasta_1196,2023-03,2450.24,5749.64,-3299.4
1074,Personal Care_Skincare_1074,2022-06,5076.27,8374.23,-3297.96
1120,Grocery_Cereals_1120,2021-02,7421.18,10718.76,-3297.58
1042,Grocery_Canned Goods_1042,2022-03,3232.8,6526.84,-3294.04
1023,Personal Care_Toothpaste_1023,2023-09,4439.86,7731.78,-3291.92
1171,Personal Care_Toothpaste_1171,2021-03,3333.6,6620.06,-3286.46
1061,Personal Care_Skincare_1061,2024-04,5838.29,9124.22,-3285.93
1074,Personal Care_Skincare_1074,2024-09,4950.93,8235.87,-3284.94
1007,Personal Care_Shampoo_1007,2022-03,5784.36,9067.93,-3283.57
1151,Electronics_Cables_1151,2021-10,9848.37,13131.16,-3282.79
1008,Personal Care_Shampoo_1008,2025-09,2812.16,6091.33,-3279.17
1109,Electronics_Batteries_1109,2025-09,2583.69,5862.33,-3278.64
1119,Grocery_Pasta_1119,2025-04,1623.15,4900.55,-3277.4
1042,Grocery_Canned Goods_1042,2021-06,5118.6,8387.57,-3268.97
1121,Grocery_Rice_1121,2021-03,2550.4,5818.06,-3267.66
1082,Household_Detergent_1082,2025-04,3391.47,6657.27,-3265.8
1073,Electronics_Chargers_1073,2025-03,19885.94,23150.82,-3264.88
1023,Personal Care_Toothpaste_1023,2022-08,6941.52,10203.7,-3262.18
1059,Electronics_Cables_1059,2024-09,1316.26,4578.16,-3261.9
1023,Personal Care_Toothpaste_1023,2022-03,5230.52,8492.39,-3261.87
1098,Electronics_Mobile Accessories_1098,2021-08,14710.82,17971.06,-3260.24
1074,Personal Care_Skincare_1074,2023-08,7094.5,10350.96,-3256.46
1189,Electronics_Batteries_1189,2022-02,12561.01,15817.04,-3256.03
1061,Personal Care_Skincare_1061,2021-09,4628.52,7883.17,-3254.65
1166,Grocery_Spices_1166,2023-09,3551.04,6804.55,-3253.51
1125,Personal Care_Toothpaste_1125,2025-09,1860.93,5107.95,-3247.02
1148,Household_Cleaning Supplies_1148,2025-03,8397.76,11644.39,-3246.63
1007,Personal Care_Shampoo_1007,2021-06,8407.5,11651.85,-3244.35
1187,Personal Care_Skincare_1187,2023-02,11378.38,14622.47,-3244.09
1039,Beverages_Soft Drinks_1039,2021-03,2098.71,5341.01,-3242.3
1009,Electronics_Batteries_1009,2021-11,6582.01,9822.6,-3240.59
1090,Dairy_Cheese_1090,2023-02,5764.37,9002.87,-3238.5
1173,Electronics_Batteries_1173,2023-07,16508.24,19740.8,-3232.56
1090,Dairy_Cheese_1090,2021-06,3544.38,6774.5,-3230.12
1060,Household_Detergent_1060,2021-03,4727.5,7952.38,-3224.88
1077,Household_Cleaning Supplies_1077,2022-06,3617.6,6833.58,-3215.98
1133,Electronics_Mobile Accessories_1133,2021-09,2369.5,5581.42,-3211.92
1040,Electronics_Mobile Accessories_1040,2024-08,10754.18,13964.38,-3210.2
1082,Household_Detergent_1082,2022-09,3930.08,7138.97,-3208.89
1174,Electronics_Mobile Accessories_1174,2021-06,32514.75,35723.6,-3208.85
1151,Electronics_Cables_1151,2022-09,13131.16,16338.54,-3207.38
1175,Household_Trash Bags_1175,2022-02,9121.86,12327.04,-3205.18
1018,Personal Care_Deodorant_1018,2023-02,8334.38,11534.33,-3199.95
1040,Electronics_Mobile Accessories_1040,2025-03,10699.64,13890.7,-3191.06
1019,Electronics_Cables_1019,2024-08,34886.6,38077.12,-3190.52
1074,Personal Care_Skincare_1074,2023-11,4080.62,7269.72,-3189.1
1060,Household_Detergent_1060,2021-06,3819.82,7007.53,-3187.71
1013,Grocery_Cereals_1013,2025-09,2351.58,5531.48,-3179.9
1040,Electronics_Mobile Accessories_1040,2022-06,8213.96,11389.46,-3175.5
1163,Household_Paper Products_1163,2024-03,3585.98,6760.17,-3174.19
1021,Grocery_Canned Goods_1021,2023-09,1239.69,4412.99,-3173.3
1042,Grocery_Canned Goods_1042,2025-04,4242.6,7413.44,-3170.84
1118,Dairy_Milk_1118,2021-03,1848.6,5016.86,-3168.26
1058,Personal Care_Soap_1058,2025-09,2974.62,6139.66,-3165.04
1107,Electronics_Mobile Accessories_1107,2025-08,23073.46,26237.34,-3163.88
1175,Household_Trash Bags_1175,2023-09,4188.8,7350.58,-3161.78
1009,Electronics_Batteries_1009,2022-06,10095.45,13255.94,-3160.49
1061,Personal Care_Skincare_1061,2024-09,4467.06,7616.2,-3149.14
1074,Personal Care_Skincare_1074,2023-09,3948.21,7094.5,-3146.29
1175,Household_Trash Bags_1175,2024-02,11514.63,14656.58,-3141.95
1021,Grocery_Canned Goods_1021,2021-09,1470.33,4609.4,-3139.07
1124,Dairy_Cheese_1124,2021-03,2220.28,5356.5,-3136.22
1181,Personal Care_Soap_1181,2024-09,3011.58,6146.42,-3134.84
1089,Electronics_Mobile Accessories_1089,2024-08,9916.19,13040.14,-3123.95
1156,Personal Care_Soap_1156,2025-02,5908.55,9031.02,-3122.47
1167,Grocery_Rice_1167,2023-09,2516.55,5638.84,-3122.29
1120,Grocery_Cereals_1120,2023-09,2647.08,5767.72,-3120.64
1181,Personal Care_Soap_1181,2024-02,6264.82,9377.7,-3112.88
1173,Electronics_Batteries_1173,2024-10,10632.7,13740.72,-3108.02
1148,Household_Cleaning Supplies_1148,2021-09,3967.14,7074.48,-3107.34
1008,Personal Care_Shampoo_1008,2025-04,3647.02,6749.38,-3102.36
1077,Household_Cleaning Supplies_1077,2023-03,4954.21,8054.28,-3100.07
1033,Household_Paper Products_1033,2023-03,3153.12,6252.92,-3099.8
1034,Household_Cleaning Supplies_1034,2024-02,10200.21,13290.2,-3089.99
1199,Electronics_Cables_1199,2022-02,36049.82,39139.02,-3089.2
1089,Electronics_Mobile Accessories_1089,2025-08,10429.76,13515.07,-3085.31
1146,Snacks_Chocolates_1146,2021-03,1034.79,4113.45,-3078.66
1135,Household_Trash Bags_1135,2021-03,5705.37,8781.86,-3076.49
1148,Household_Cleaning Supplies_1148,2024-05,5736.27,8808.05,-3071.78
1051,Electronics_Cables_1051,2024-10,4281.0,7349.05,-3068.05
1138,Household_Cleaning Supplies_1138,2025-03,5673.4,8738.59,-3065.19
1058,Personal Care_Soap_1058,2022-03,3515.46,6580.04,-3064.58
1058,Personal Care_Soap_1058,2022-05,5678.79,8737.62,-3058.83
1062,Personal Care_Deodorant_1062,2024-03,3103.14,6159.44,-3056.3
1084,Household_Paper Products_1084,2024-09,3352.3,6405.68,-3053.38
1007,Personal Care_Shampoo_1007,2023-09,5111.76,8162.83,-3051.07
1090,Dairy_Cheese_1090,2024-09,2119.32,5168.22,-3048.9
1149,Electronics_Chargers_1149,2023-06,10527.87,13568.98,-3041.11
1135,Household_Trash Bags_1135,2024-09,5250.96,8288.32,-3037.36
1181,Personal Care_Soap_1181,2021-09,2857.14,5890.82,-3033.68
1018,Personal Care_Deodorant_1018,2021-09,5736.64,8767.82,-3031.18
1116,Personal Care_Skincare_1116,2025-02,11356.08,14385.56,-3029.48
1115,Household_Paper Products_1115,2023-09,3404.94,6428.22,-3023.28
1074,Personal Care_Skincare_1074,2025-06,5256.42,8272.44,-3016.02
1150,Electronics_Batteries_1150,2021-11,10830.96,13846.56,-3015.6
1090,Dairy_Cheese_1090,2023-09,2228.94,5239.66,-3010.72
1161,Electronics_Batteries_1161,2024-03,11629.76,14637.96,-3008.2
1108,Dairy_Butter_1108,2024-02,6729.55,9735.19,-3005.64
1096,Electronics_Mobile Accessories_1096,2023-03,13105.33,16109.89,-3004.56
1173,Electronics_Batteries_1173,2023-11,11727.06,14722.2,-2995.14
1085,Personal Care_Skincare_1085,2022-03,2077.14,5067.82,-2990.68
1136,Personal Care_Shampoo_1136,2024-05,6149.58,9140.06,-2990.48
1082,Household_Detergent_1082,2025-09,5135.9,8121.86,-2985.96
1009,Electronics_Batteries_1009,2023-11,5746.48,8731.2,-2984.72
1066,Household_Cleaning Supplies_1066,2022-05,5394.99,8378.95,-2983.96
1189,Electronics_Batteries_1189,2022-09,8968.85,11951.09,-2982.24
1039,Beverages_Soft Drinks_1039,2022-09,1865.52,4845.82,-2980.3
1077,Household_Cleaning Supplies_1077,2021-08,6845.36,9825.12,-2979.76
1190,Dairy_Milk_1190,2023-09,1418.2,4392.6,-2974.4
1019,Electronics_Cables_1019,2023-07,21236.99,24211.36,-2974.37
1016,Grocery_Rice_1016,2021-03,1710.72,4684.31,-2973.59
1167,Grocery_Rice_1167,2025-04,4184.46,7157.56,-2973.1
1135,Household_Trash Bags_1135,2021-09,4746.06,7718.29,-2972.23
1060,Household_Detergent_1060,2022-03,2533.94,5502.42,-2968.48
1066,Household_Cleaning Supplies_1066,2021-02,9357.42,12322.48,-2965.06
1082,Household_Detergent_1082,2024-09,3706.78,6666.9,-2960.12
1066,Household_Cleaning Supplies_1066,2021-06,4978.0,7935.48,-2957.48
1065,Electronics_Chargers_1065,2022-08,23440.05,26397.35,-2957.3
1192,Dairy_Milk_1192,2021-03,1647.75,4604.26,-2956.51
1036,Electronics_Mobile Accessories_1036,2025-10,5100.36,8053.2,-2952.84
1029,Grocery_Canned Goods_1029,2025-02,4161.66,7113.61,-2951.95
1092,Household_Detergent_1092,2023-09,1522.26,4469.6,-2947.34
1096,Electronics_Mobile Accessories_1096,2024-10,7137.27,10082.81,-2945.54
1164,Electronics_Cables_1164,2025-10,15699.2,18642.8,-2943.6
1156,Personal Care_Soap_1156,2025-09,2648.1,5589.74,-2941.64
1140,Personal Care_Shampoo_1140,2023-03,2900.98,5842.35,-2941.37
1009,Electronics_Batteries_1009,2024-11,5246.91,8185.5,-2938.59
1030,Dairy_Cream_1030,2025-09,1564.84,4499.35,-2934.51
1121,Grocery_Rice_1121,2024-09,2869.2,5802.54,-2933.34
1034,Household_Cleaning Supplies_1034,2021-09,5122.84,8055.18,-2932.34
1009,Electronics_Batteries_1009,2021-06,10186.4,13118.03,-2931.63
1051,Electronics_Cables_1051,2022-06,6421.5,9351.29,-2929.79
1015,Dairy_Cream_1015,2021-09,1383.63,4308.46,-2924.83
1138,Household_Cleaning Supplies_1138,2024-08,5662.72,8586.13,-2923.41
1140,Personal Care_Shampoo_1140,2021-09,2366.1,5288.44,-2922.34
1099,Personal Care_Toothpaste_1099,2024-06,5900.57,8821.68,-2921.11
1009,Electronics_Batteries_1009,2025-03,11609.47,14529.23,-2919.76
1181,Personal Care_Soap_1181,2022-09,3861.0,6779.25,-2918.25
1138,Household_Cleaning Supplies_1138,2024-02,7799.62,10713.9,-2914.28
1109,Electronics_Batteries_1109,2021-09,2911.2,5824.13,-2912.93
1135,Household_Trash Bags_1135,2022-02,6649.18,9558.65,-2909.47
1122,Dairy_Yogurt_1122,2023-09,1990.8,4892.94,-2902.14
1084,Household_Paper Products_1084,2023-09,4741.11,7643.1,-2901.99
1086,Grocery_Rice_1086,2021-03,1024.08,3925.42,-2901.34
1034,Household_Cleaning Supplies_1034,2022-05,5558.14,8457.72,-2899.58
1058,Personal Care_Soap_1058,2021-09,4146.44,7043.7,-2897.26
1065,Electronics_Chargers_1065,2021-11,13820.93,16716.02,-2895.09
1189,Electronics_Batteries_1189,2021-09,6785.13,9677.7,-2892.57
1007,Personal Care_Shampoo_1007,2024-10,3632.04,6524.22,-2892.18
1172,Electronics_Chargers_1172,2022-08,18353.32,21238.46,-2885.14
1115,Household_Paper Products_1115,2021-06,5262.18,8142.94,-2880.76
1181,Personal Care_Soap_1181,2023-04,3077.0,5956.83,-2879.83
1040,Electronics_Mobile Accessories_1040,2024-09,7875.24,10754.18,-2878.94
1125,Personal Care_Toothpaste_1125,2023-03,2291.58,5160.68,-2869.1
1099,Personal Care_Toothpaste_1099,2021-06,7127.12,9994.24,-2867.12
1196,Grocery_Pasta_1196,2021-09,2455.08,5321.34,-2866.26
1017,Household_Paper Products_1017,2024-09,2853.18,5718.7,-2865.52
1132,Dairy_Butter_1132,2025-04,1700.77,4559.71,-2858.94
1152,Personal Care_Toothpaste_1152,2023-06,5447.94,8306.76,-2858.82
1061,Personal Care_Skincare_1061,2022-03,5328.18,8186.88,-2858.7
1073,Electronics_Chargers_1073,2024-11,9181.09,12038.0,-2856.91
1049,Electronics_Batteries_1049,2025-08,16761.8,19615.31,-2853.51
1175,Household_Trash Bags_1175,2023-08,7350.58,10203.73,-2853.15
1074,Personal Care_Skincare_1074,2023-03,6520.3,9367.65,-2847.35
1008,Personal Care_Shampoo_1008,2023-03,4174.22,7015.02,-2840.8
1042,Grocery_Canned Goods_1042,2021-09,3681.8,6519.03,-2837.23
1099,Personal Care_Toothpaste_1099,2022-03,3488.8,6323.45,-2834.65
1107,Electronics_Mobile Accessories_1107,2022-05,24406.97,27240.71,-2833.74
1007,Personal Care_Shampoo_1007,2024-09,6524.22,9357.62,-2833.4
1078,Electronics_Cables_1078,2024-08,31334.44,34166.97,-2832.53
1037,Electronics_Cables_1037,2024-05,19464.13,22296.22,-2832.09
1023,Personal Care_Toothpaste_1023,2024-03,6376.96,9206.31,-2829.35
1049,Electronics_Batteries_1049,2023-02,19297.43,22126.45,-2829.02
1021,Grocery_Canned Goods_1021,2021-03,2623.53,5452.05,-2828.52
1098,Electronics_Mobile Accessories_1098,2025-08,11770.46,14598.0,-2827.54
1161,Electronics_Batteries_1161,2023-05,9753.88,12576.53,-2822.65
1092,Household_Detergent_1092,2024-09,2170.63,4991.21,-2820.58
1066,Household_Cleaning Supplies_1066,2021-09,4032.18,6852.56,-2820.38
1184,Snacks_Chocolates_1184,2021-03,1927.26,4745.65,-2818.39
1044,Snacks_Biscuits_1044,2024-09,1743.2,4559.25,-2816.05
1108,Dairy_Butter_1108,2025-04,4321.24,7131.94,-2810.7
1121,Grocery_Rice_1121,2025-09,2486.64,5296.37,-2809.73
1151,Electronics_Cables_1151,2023-08,17863.87,20667.08,-2803.21
1039,Beverages_Soft Drinks_1039,2025-04,1294.47,4095.89,-2801.42
1179,Household_Cleaning Supplies_1179,2022-03,2509.08,5310.17,-2801.09
1021,Grocery_Canned Goods_1021,2022-09,2248.74,5046.98,-2798.24
1046,Household_Paper Products_1046,2023-08,6377.52,9175.26,-2797.74
1080,Snacks_Chips_1080,2021-09,1001.25,3792.35,-2791.1
1033,Household_Paper Products_1033,2022-03,2757.4,5543.19,-2785.79
1070,Grocery_Canned Goods_1070,2023-06,3039.35,5822.22,-2782.87
1065,Electronics_Chargers_1065,2023-09,13515.08,16296.1,-2781.02
1085,Personal Care_Skincare_1085,2023-03,2131.35,4912.04,-2780.69
1128,Grocery_Spices_1128,2025-09,1275.84,4056.23,-2780.39
1121,Grocery_Rice_1121,2021-02,5818.06,8597.54,-2779.48
1132,Dairy_Butter_1132,2024-09,3443.22,6222.6,-2779.38
1051,Electronics_Cables_1051,2021-02,11802.76,14575.03,-2772.27
1085,Personal Care_Skincare_1085,2021-03,2822.78,5593.92,-2771.14
1124,Dairy_Cheese_1124,2021-09,2102.18,4872.12,-2769.94
1159,Electronics_Batteries_1159,2022-06,24931.2,27691.44,-2760.24
1051,Electronics_Cables_1051,2023-08,7129.29,9889.11,-2759.82
1057,Beverages_Tea_1057,2021-03,2559.3,5317.41,-2758.11
1028,Household_Paper Products_1028,2022-03,2799.26,5557.1,-2757.84
1196,Grocery_Pasta_1196,2022-03,2245.5,5000.46,-2754.96
1062,Personal Care_Deodorant_1062,2025-04,2012.26,4763.99,-2751.73
1122,Dairy_Yogurt_1122,2025-03,3365.72,6113.97,-2748.25
1022,Household_Cleaning Supplies_1022,2023-09,3069.92,5813.39,-2743.47
1102,Snacks_Biscuits_1102,2021-09,1270.86,4010.09,-2739.23
1178,Beverages_Soft Drinks_1178,2022-09,1987.02,4725.95,-2738.93
1108,Dairy_Butter_1108,2021-09,3460.16,6195.83,-2735.67
1077,Household_Cleaning Supplies_1077,2021-06,5378.8,8111.75,-2732.95
1066,Household_Cleaning Supplies_1066,2023-05,5077.56,7809.74,-2732.18
1136,Personal Care_Shampoo_1136,2024-03,7738.76,10469.24,-2730.48
1131,Snacks_Crackers_1131,2022-09,1431.67,4161.86,-2730.19
1140,Personal Care_Shampoo_1140,2022-02,4882.58,7611.64,-2729.06
1021,Grocery_Canned Goods_1021,2024-02,4628.81,7357.15,-2728.34
1146,Snacks_Chocolates_1146,2025-09,1460.88,4187.55,-2726.67
1178,Beverages_Soft Drinks_1178,2021-09,1340.64,4066.83,-2726.19
1127,Grocery_Rice_1127,2021-09,1491.39,4212.22,-2720.83
1068,Electronics_Chargers_1068,2024-06,10023.42,12742.06,-2718.64
1042,Grocery_Canned Goods_1042,2024-03,6114.35,8826.51,-2712.16
1135,Household_Trash Bags_1135,2022-03,3938.22,6649.18,-2710.96
1192,Dairy_Milk_1192,2022-09,1471.99,4182.55,-2710.56
1051,Electronics_Cables_1051,2023-09,4423.7,7129.29,-2705.59
1136,Personal Care_Shampoo_1136,2025-03,7595.12,10298.84,-2703.72
1132,Dairy_Butter_1132,2021-09,2052.02,4754.92,-2702.9
1065,Electronics_Chargers_1065,2021-08,30341.63,33043.3,-2701.67
1051,Electronics_Cables_1051,2024-09,7349.05,10046.44,-2697.39
1090,Dairy_Cheese_1090,2025-09,3507.84,6205.22,-2697.38
1167,Grocery_Rice_1167,2024-03,5476.15,8172.12,-2695.97
1015,Dairy_Cream_1015,2025-09,1682.06,4377.46,-2695.4
1172,Electronics_Chargers_1172,2024-04,13216.0,15910.62,-2694.62
1078,Electronics_Cables_1078,2025-07,23818.07,26510.22,-2692.15
1060,Household_Detergent_1060,2023-02,4819.19,7510.99,-2691.8
1013,Grocery_Cereals_1013,2021-06,3848.04,6537.35,-2689.31
1109,Electronics_Batteries_1109,2025-03,3473.94,6161.12,-2687.18
1092,Household_Detergent_1092,2021-09,1494.07,4178.53,-2684.46
1018,Personal Care_Deodorant_1018,2023-03,5652.89,8334.38,-2681.49
1188,Grocery_Spices_1188,2021-03,1304.32,3983.56,-2679.24
1061,Personal Care_Skincare_1061,2024-08,7616.2,10287.32,-2671.12
1023,Personal Care_Toothpaste_1023,2021-03,6203.64,8871.98,-2668.34
1013,Grocery_Cereals_1013,2023-09,2529.73,5194.55,-2664.82
1068,Electronics_Chargers_1068,2024-03,14038.6,16702.71,-2664.11
1084,Household_Paper Products_1084,2021-06,4980.56,7641.09,-2660.53
1038,Electronics_Cables_1038,2022-08,14972.24,17632.64,-2660.4
1167,Grocery_Rice_1167,2024-09,3973.5,6633.56,-2660.06
1039,Beverages_Soft Drinks_1039,2024-09,1813.7,4467.48,-2653.78
1066,Household_Cleaning Supplies_1066,2023-03,4963.91,7617.36,-2653.45
1037,Electronics_Cables_1037,2023-03,20657.1,23307.92,-2650.82
1125,Personal Care_Toothpaste_1125,2024-09,1753.05,4402.3,-2649.25
1101,Snacks_Crackers_1101,2025-04,1418.93,4067.34,-2648.41
1038,Electronics_Cables_1038,2024-03,15479.4,18126.69,-2647.29
1082,Household_Detergent_1082,2024-02,7452.41,10095.45,-2643.04
1149,Electronics_Chargers_1149,2024-03,16396.75,19033.28,-2636.53
1146,Snacks_Chocolates_1146,2021-09,1115.95,3744.84,-2628.89
1028,Household_Paper Products_1028,2023-02,5499.57,8127.6,-2628.03
1039,Beverages_Soft Drinks_1039,2024-03,3191.57,5818.91,-2627.34
1080,Snacks_Chips_1080,2022-09,1735.5,4360.13,-2624.63
1171,Personal Care_Toothpaste_1171,2025-02,5809.57,8428.23,-2618.66
1173,Electronics_Batteries_1173,2022-10,9814.8,12432.08,-2617.28
1061,Personal Care_Skincare_1061,2022-05,4971.6,7584.87,-2613.27
1167,Grocery_Rice_1167,2025-02,8464.33,11077.1,-2612.77
1122,Dairy_Yogurt_1122,2021-09,1990.8,4603.17,-2612.37
1013,Grocery_Cereals_1013,2025-02,4985.53,7597.39,-2611.86
1174,Electronics_Mobile Accessories_1174,2025-02,36681.87,39293.21,-2611.34
1170,Dairy_Yogurt_1170,2021-03,1746.6,4354.88,-2608.28
1017,Household_Paper Products_1017,2025-04,3890.7,6494.35,-2603.65
1066,Household_Cleaning Supplies_1066,2025-04,4602.18,7204.52,-2602.34
1094,Grocery_Rice_1094,2021-03,1692.0,4294.18,-2602.18
1119,Grocery_Pasta_1119,2025-03,4900.55,7502.18,-2601.63
1151,Electronics_Cables_1151,2024-04,18240.49,20841.4,-2600.91
1148,Household_Cleaning Supplies_1148,2021-08,7074.48,9674.04,-2599.56
1175,Household_Trash Bags_1175,2022-03,6522.56,9121.86,-2599.3
1152,Personal Care_Toothpaste_1152,2023-03,4509.32,7106.25,-2596.93
1196,Grocery_Pasta_1196,2025-09,1826.34,4416.32,-2589.98
1036,Electronics_Mobile Accessories_1036,2022-11,3764.41,6353.08,-2588.67
1067,Grocery_Cereals_1067,2023-03,4566.49,7152.91,-2586.42
1189,Electronics_Batteries_1189,2022-11,5759.17,8344.93,-2585.76
1198,Dairy_Cheese_1198,2022-02,2663.65,5248.12,-2584.47
1008,Personal Care_Shampoo_1008,2021-09,3998.54,6582.5,-2583.96
1122,Dairy_Yogurt_1122,2022-03,2559.6,5142.9,-2583.3
1152,Personal Care_Toothpaste_1152,2022-02,8607.35,11189.72,-2582.37
1099,Personal Care_Toothpaste_1099,2024-09,3987.2,6567.26,-2580.06
1022,Household_Cleaning Supplies_1022,2025-03,7699.59,10278.3,-2578.71
1167,Grocery_Rice_1167,2022-03,4150.1,6727.2,-2577.1
1151,Electronics_Cables_1151,2023-03,17110.34,19683.86,-2573.52
1070,Grocery_Canned Goods_1070,2025-03,6126.14,8699.52,-2573.38
1103,Dairy_Milk_1103,2022-02,5033.68,7605.75,-2572.07
1034,Household_Cleaning Supplies_1034,2025-02,8066.46,10632.79,-2566.33
1179,Household_Cleaning Supplies_1179,2021-09,2018.8,4582.27,-2563.47
1166,Grocery_Spices_1166,2024-04,5346.5,7908.79,-2562.29
1007,Personal Care_Shampoo_1007,2022-02,9067.93,11628.11,-2560.18
1196,Grocery_Pasta_1196,2025-04,2618.26,5178.34,-2560.08
1122,Dairy_Yogurt_1122,2025-09,2401.6,4961.2,-2559.6
1099,Personal Care_Toothpaste_1099,2023-09,4136.72,6696.3,-2559.58
1094,Grocery_Rice_1094,2023-03,2038.86,4590.63,-2551.77
1074,Personal Care_Skincare_1074,2022-11,4342.78,6893.7,-2550.92
1044,Snacks_Biscuits_1044,2021-03,2135.42,4683.14,-2547.72
1120,Grocery_Cereals_1120,2021-03,4876.2,7421.18,-2544.98
1127,Grocery_Rice_1127,2021-03,1940.85,4483.61,-2542.76
1135,Household_Trash Bags_1135,2024-03,7541.17,10083.21,-2542.04
1058,Personal Care_Soap_1058,2023-02,5038.86,7580.71,-2541.85
1015,Dairy_Cream_1015,2024-09,2495.96,5036.15,-2540.19
1171,Personal Care_Toothpaste_1171,2021-06,3833.64,6370.5,-2536.86
1023,Personal Care_Toothpaste_1023,2021-09,6325.28,8853.1,-2527.82
1125,Personal Care_Toothpaste_1125,2025-02,3053.97,5580.34,-2526.37
1070,Grocery_Canned Goods_1070,2025-09,2700.16,5225.16,-2525.0
1187,Personal Care_Skincare_1187,2021-08,10091.49,12615.65,-2524.16
1155,Electronics_Mobile Accessories_1155,2025-04,1097.79,3620.66,-2522.87
1077,Household_Cleaning Supplies_1077,2022-10,2237.2,4760.0,-2522.8
1133,Electronics_Mobile Accessories_1133,2024-09,2674.15,5189.36,-2515.21
1198,Dairy_Cheese_1198,2025-09,1114.13,3626.19,-2512.06
1116,Personal Care_Skincare_1116,2024-06,8193.19,10702.44,-2509.25
1060,Household_Detergent_1060,2025-04,2627.35,5131.81,-2504.46
1166,Grocery_Spices_1166,2025-06,4602.17,7102.08,-2499.91
1017,Household_Paper Products_1017,2025-09,3631.32,6130.23,-2498.91
1034,Household_Cleaning Supplies_1034,2024-03,7704.44,10200.21,-2495.77
1028,Household_Paper Products_1028,2025-04,3213.74,5709.2,-2495.46
1021,Grocery_Canned Goods_1021,2022-03,2018.1,4513.49,-2495.39
1017,Household_Paper Products_1017,2024-08,5718.7,8213.26,-2494.56
1159,Electronics_Batteries_1159,2021-10,14958.72,17451.84,-2493.12
1146,Snacks_Chocolates_1146,2024-09,1257.98,3750.07,-2492.09
1067,Grocery_Cereals_1067,2024-03,6599.17,9088.97,-2489.8
1065,Electronics_Chargers_1065,2025-10,12803.76,15293.38,-2489.62
1198,Dairy_Cheese_1198,2025-02,4085.57,6574.71,-2489.14
1069,Grocery_Spices_1069,2021-06,3715.1,6203.6,-2488.5
1074,Personal Care_Skincare_1074,2023-05,7144.38,9628.69,-2484.31
1033,Household_Paper Products_1033,2024-09,2497.88,4977.64,-2479.76
1114,Electronics_Batteries_1114,2021-12,16010.23,18486.96,-2476.73
1146,Snacks_Chocolates_1146,2024-02,2126.63,4600.57,-2473.94
1099,Personal Care_Toothpaste_1099,2025-03,7208.05,9681.64,-2473.59
1132,Dairy_Butter_1132,2022-03,2886.74,5359.98,-2473.24
1068,Electronics_Chargers_1068,2022-10,8082.65,10554.99,-2472.34
1102,Snacks_Biscuits_1102,2021-03,1529.34,4000.2,-2470.86
1120,Grocery_Cereals_1120,2021-09,4690.44,7160.94,-2470.5
1085,Personal Care_Skincare_1085,2022-09,1943.99,4409.39,-2465.4
1098,Electronics_Mobile Accessories_1098,2022-02,13730.81,16196.15,-2465.34
1148,Household_Cleaning Supplies_1148,2023-09,5253.78,7715.72,-2461.94
1023,Personal Care_Toothpaste_1023,2025-03,6743.41,9202.1,-2458.69
1187,Personal Care_Skincare_1187,2024-03,8912.49,11370.54,-2458.05
1173,Electronics_Batteries_1173,2021-08,20074.34,22531.71,-2457.37
1108,Dairy_Butter_1108,2021-06,4521.8,6979.13,-2457.33
1138,Household_Cleaning Supplies_1138,2021-09,4026.36,6483.63,-2457.27
1179,Household_Cleaning Supplies_1179,2025-09,2537.92,4992.6,-2454.68
1136,Personal Care_Shampoo_1136,2024-02,10469.24,12921.63,-2452.39
1028,Household_Paper Products_1028,2022-02,5557.1,8009.32,-2452.22
1033,Household_Paper Products_1033,2022-09,2984.48,5434.68,-2450.2
1005,Household_Paper Products_1005,2021-09,1504.5,3953.3,-2448.8
1031,Snacks_Chips_1031,2021-09,809.31,3254.49,-2445.18
1084,Household_Paper Products_1084,2023-05,5076.34,7519.77,-2443.43
1162,Dairy_Yogurt_1162,2024-09,1742.4,4183.87,-2441.47
1042,Grocery_Canned Goods_1042,2025-09,3726.7,6161.63,-2434.93
1183,Electronics_Batteries_1183,2022-11,8803.7,11238.36,-2434.66
1023,Personal Care_Toothpaste_1023,2021-10,3892.48,6325.28,-2432.8
1115,Household_Paper Products_1115,2025-04,3799.36,6229.4,-2430.04
1173,Electronics_Batteries_1173,2024-09,13740.72,16169.73,-2429.01
1170,Dairy_Yogurt_1170,2024-02,3230.67,5656.63,-2425.96
1060,Household_Detergent_1060,2021-08,4939.4,7364.59,-2425.19
1033,Household_Paper Products_1033,2021-08,4260.68,6679.44,-2418.76
1042,Grocery_Canned Goods_1042,2023-09,3636.9,6045.34,-2408.44
1043,Electronics_Batteries_1043,2022-09,1547.7,3955.98,-2408.28
1196,Grocery_Pasta_1196,2021-06,3473.04,5873.62,-2400.58
1128,Grocery_Spices_1128,2024-02,4093.93,6489.41,-2395.48
1062,Personal Care_Deodorant_1062,2023-09,2392.76,4786.25,-2393.49
1051,Electronics_Cables_1051,2024-05,8276.6,10669.98,-2393.38
1149,Electronics_Chargers_1149,2025-03,17423.55,19815.36,-2391.81
1043,Electronics_Batteries_1043,2021-03,2157.4,4548.68,-2391.28
1070,Grocery_Canned Goods_1070,2024-02,6887.95,9279.03,-2391.08
1068,Electronics_Chargers_1068,2022-02,14323.25,16712.36,-2389.11
1029,Grocery_Canned Goods_1029,2022-03,2427.3,4814.01,-2386.71
1033,Household_Paper Products_1033,2023-09,2043.72,4429.84,-2386.12
1072,Electronics_Chargers_1072,2023-10,14295.6,16678.2,-2382.6
1057,Beverages_Tea_1057,2025-04,2018.89,4399.54,-2380.65
1173,Electronics_Batteries_1173,2023-05,16030.84,18411.42,-2380.58
1016,Grocery_Rice_1016,2021-06,2080.08,4459.87,-2379.79
1114,Electronics_Batteries_1114,2025-03,23376.34,25755.85,-2379.51
1046,Household_Paper Products_1046,2025-09,4422.44,6799.43,-2376.99
1133,Electronics_Mobile Accessories_1133,2025-04,2264.6,4639.65,-2375.05
1004,Beverages_Juices_1004,2023-03,2714.47,5086.74,-2372.27
1062,Personal Care_Deodorant_1062,2025-09,2451.12,4822.97,-2371.85
1196,Grocery_Pasta_1196,2023-09,2544.9,4915.94,-2371.04
1012,Beverages_Juices_1012,2021-03,930.6,3300.12,-2369.52
1198,Dairy_Cheese_1198,2023-03,2352.66,4721.95,-2369.29
1198,Dairy_Cheese_1198,2024-02,4649.95,7018.04,-2368.09
1166,Grocery_Spices_1166,2022-08,6263.29,8630.33,-2367.04
1198,Dairy_Cheese_1198,2021-09,1891.43,4257.13,-2365.7
1068,Electronics_Chargers_1068,2022-06,9984.45,12349.87,-2365.42
1166,Grocery_Spices_1166,2024-02,7780.17,10139.92,-2359.75
1135,Household_Trash Bags_1135,2024-04,5183.48,7541.17,-2357.69
1090,Dairy_Cheese_1090,2022-05,4533.21,6887.34,-2354.13
1004,Beverages_Juices_1004,2025-03,3163.63,5513.19,-2349.56
1021,Grocery_Canned Goods_1021,2021-06,3603.75,5951.93,-2348.18
1052,Snacks_Crackers_1052,2022-03,1100.88,3448.59,-2347.71
1017,Household_Paper Products_1017,2025-02,8446.64,10793.33,-2346.69
1101,Snacks_Crackers_1101,2025-09,1769.32,4115.75,-2346.43
1138,Household_Cleaning Supplies_1138,2023-03,4233.59,6578.42,-2344.83
1028,Household_Paper Products_1028,2024-03,5397.59,7742.04,-2344.45
1116,Personal Care_Skincare_1116,2023-02,11451.04,13795.36,-2344.32
1022,Household_Cleaning Supplies_1022,2021-06,5372.36,7713.99,-2341.63
1047,Household_Detergent_1047,2021-06,4260.98,6600.96,-2339.98
1029,Grocery_Canned Goods_1029,2023-03,2879.28,5219.24,-2339.96
1119,Grocery_Pasta_1119,2023-03,3565.26,5904.52,-2339.26
1092,Household_Detergent_1092,2022-03,2057.87,4395.69,-2337.82
1148,Household_Cleaning Supplies_1148,2023-03,6030.1,8364.91,-2334.81
1136,Personal Care_Shampoo_1136,2024-09,5606.97,7940.71,-2333.74
1001,Electronics_Chargers_1001,2024-05,16949.68,19281.7,-2332.02
1008,Personal Care_Shampoo_1008,2022-09,4350.06,6681.46,-2331.4
1046,Household_Paper Products_1046,2021-10,3607.78,5935.38,-2327.6
1114,Electronics_Batteries_1114,2024-05,21643.64,23966.68,-2323.04
1139,Dairy_Cream_1139,2024-09,1816.8,4139.01,-2322.21
1159,Electronics_Batteries_1159,2022-10,12109.44,14424.48,-2315.04
1159,Electronics_Batteries_1159,2023-10,12287.52,14602.56,-2315.04
1184,Snacks_Chocolates_1184,2021-06,2263.41,4578.34,-2314.93
1155,Electronics_Mobile Accessories_1155,2025-02,2873.42,5187.39,-2313.97
1167,Grocery_Rice_1167,2023-08,5638.84,7952.3,-2313.46
1162,Dairy_Yogurt_1162,2021-03,2349.6,4662.11,-2312.51
1131,Snacks_Crackers_1131,2021-03,1948.01,4260.49,-2312.48
1077,Household_Cleaning Supplies_1077,2025-09,2427.6,4739.06,-2311.46
1047,Household_Detergent_1047,2023-02,6550.93,8862.1,-2311.17
1147,Snacks_Crackers_1147,2023-09,1099.22,3407.0,-2307.78
1069,Grocery_Spices_1069,2025-04,3944.9,6250.94,-2306.04
1184,Snacks_Chocolates_1184,2022-09,1591.11,3892.28,-2301.17
1009,Electronics_Batteries_1009,2023-03,10884.9,13185.96,-2301.06
1184,Snacks_Chocolates_1184,2025-02,3190.55,5490.64,-2300.09
1119,Grocery_Pasta_1119,2021-06,3931.63,6230.63,-2299.0
1059,Electronics_Cables_1059,2021-03,1995.62,4293.43,-2297.81
1118,Dairy_Milk_1118,2025-09,1422.0,3718.77,-2296.77
1156,Personal Care_Soap_1156,2022-09,2410.45,4704.89,-2294.44
1189,Electronics_Batteries_1189,2024-03,8134.07,10426.38,-2292.31
1166,Grocery_Spices_1166,2024-11,3380.15,5671.8,-2291.65
1178,Beverages_Soft Drinks_1178,2021-03,2585.52,4876.82,-2291.3
1173,Electronics_Batteries_1173,2021-10,11123.44,13413.56,-2290.12
1133,Electronics_Mobile Accessories_1133,2023-09,3114.2,5403.81,-2289.61
1107,Electronics_Mobile Accessories_1107,2022-08,22914.24,25202.95,-2288.71
1004,Beverages_Juices_1004,2022-09,2407.54,4694.91,-2287.37
1151,Electronics_Cables_1151,2023-07,20667.08,22950.92,-2283.84
1044,Snacks_Biscuits_1044,2021-06,2331.53,4615.2,-2283.67
1181,Personal Care_Soap_1181,2021-06,4285.71,6569.12,-2283.41
1099,Personal Care_Toothpaste_1099,2021-08,5812.13,8092.28,-2280.15
1149,Electronics_Chargers_1149,2024-10,6214.8,8493.56,-2278.76
1119,Grocery_Pasta_1119,2024-06,3493.75,5771.2,-2277.45
1074,Personal Care_Skincare_1074,2021-02,12874.2,15149.0,-2274.8
1164,Electronics_Cables_1164,2024-04,26809.65,29081.9,-2272.25
1047,Household_Detergent_1047,2022-03,2708.25,4978.46,-2270.21
1192,Dairy_Milk_1192,2025-04,1822.2,4089.81,-2267.61
1195,Snacks_Chocolates_1195,2021-03,1987.4,4253.23,-2265.83
1148,Household_Cleaning Supplies_1148,2023-02,8364.91,10628.6,-2263.69
1007,Personal Care_Shampoo_1007,2024-03,8195.74,10457.8,-2262.06
1189,Electronics_Batteries_1189,2025-10,5303.32,7565.03,-2261.71
1155,Electronics_Mobile Accessories_1155,2021-03,2242.24,4503.21,-2260.97
1109,Electronics_Batteries_1109,2024-09,3202.32,5462.04,-2259.72
1045,Electronics_Cables_1045,2023-10,10873.17,13132.53,-2259.36
1161,Electronics_Batteries_1161,2021-02,15726.78,17985.88,-2259.1
1185,Personal Care_Toothpaste_1185,2021-11,3703.86,5959.03,-2255.17
1062,Personal Care_Deodorant_1062,2021-09,2334.4,4585.43,-2251.03
1077,Household_Cleaning Supplies_1077,2024-09,4426.8,6677.8,-2251.0
1037,Electronics_Cables_1037,2021-11,14537.39,16785.58,-2248.19
1161,Electronics_Batteries_1161,2022-06,8844.62,11092.04,-2247.42
1199,Electronics_Cables_1199,2023-11,19592.39,21839.55,-2247.16
1101,Snacks_Crackers_1101,2024-09,1819.16,4066.19,-2247.03
1163,Household_Paper Products_1163,2021-06,3776.39,6021.05,-2244.66
1170,Dairy_Yogurt_1170,2022-03,1320.6,3562.86,-2242.26
1062,Personal Care_Deodorant_1062,2022-03,2130.14,4370.97,-2240.83
1172,Electronics_Chargers_1172,2024-11,10581.19,12819.85,-2238.66
1108,Dairy_Butter_1108,2023-09,3892.68,6131.18,-2238.5
1077,Household_Cleaning Supplies_1077,2024-08,6677.8,8915.48,-2237.68
1126,Beverages_Soft Drinks_1126,2021-02,4223.64,6461.15,-2237.51
1085,Personal Care_Skincare_1085,2021-09,2183.66,4416.12,-2232.46
1125,Personal Care_Toothpaste_1125,2024-03,3605.23,5836.58,-2231.35
1121,Grocery_Rice_1121,2024-02,5086.1,7316.23,-2230.13
1183,Electronics_Batteries_1183,2022-08,15621.23,17850.19,-2228.96
1184,Snacks_Chocolates_1184,2025-09,1434.24,3660.31,-2226.07
1017,Household_Paper Products_1017,2024-11,2703.39,4928.22,-2224.83
1040,Electronics_Mobile Accessories_1040,2021-02,16440.41,18661.61,-2221.2
1139,Dairy_Cream_1139,2021-09,2180.16,4399.73,-2219.57
1058,Personal Care_Soap_1058,2023-09,3064.76,5284.3,-2219.54
1196,Grocery_Pasta_1196,2022-08,4635.38,6853.22,-2217.84
1043,Electronics_Batteries_1043,2024-09,1618.05,3835.42,-2217.37
1155,Electronics_Mobile Accessories_1155,2025-09,1853.28,4068.49,-2215.21
1126,Beverages_Soft Drinks_1126,2021-09,1978.9,4193.98,-2215.08
1132,Dairy_Butter_1132,2022-09,2921.52,5135.77,-2214.25
1016,Grocery_Rice_1016,2025-04,1321.53,3535.78,-2214.25
1059,Electronics_Cables_1059,2022-09,1295.03,3507.52,-2212.49
1113,Dairy_Cheese_1113,2022-09,2048.49,4258.48,-2209.99
1103,Dairy_Milk_1103,2025-03,6400.88,8609.17,-2208.29
1156,Personal Care_Soap_1156,2025-04,2953.65,5161.59,-2207.94
1049,Electronics_Batteries_1049,2023-05,13470.24,15675.55,-2205.31
1148,Household_Cleaning Supplies_1148,2024-09,5253.78,7456.7,-2202.92
1080,Snacks_Chips_1080,2024-02,3545.63,5747.33,-2201.7
1136,Personal Care_Shampoo_1136,2023-09,5727.55,7921.97,-2194.42
1021,Grocery_Canned Goods_1021,2025-04,2478.8,4672.96,-2194.16
1140,Personal Care_Shampoo_1140,2022-03,2688.75,4882.58,-2193.83
1128,Grocery_Spices_1128,2025-04,1833.49,4026.24,-2192.75
1109,Electronics_Batteries_1109,2022-06,3529.83,5720.0,-2190.17
1198,Dairy_Cheese_1198,2024-09,2046.89,4231.22,-2184.33
1010,Grocery_Rice_1010,2024-09,1035.09,3217.43,-2182.34
1023,Personal Care_Toothpaste_1023,2025-04,4561.5,6743.41,-2181.91
1146,Snacks_Chocolates_1146,2022-09,1176.82,3358.5,-2181.68
1029,Grocery_Canned Goods_1029,2025-09,2343.6,4525.1,-2181.5
1076,Snacks_Chocolates_1076,2025-09,1502.14,3683.58,-2181.44
1136,Personal Care_Shampoo_1136,2025-02,10298.84,12479.74,-2180.9
1064,Snacks_Biscuits_1064,2024-03,1529.62,3709.76,-2180.14
1099,Personal Care_Toothpaste_1099,2025-08,6818.97,8993.58,-2174.61
1085,Personal Care_Skincare_1085,2024-09,2290.18,4464.64,-2174.46
1120,Grocery_Cereals_1120,2025-04,3342.75,5516.31,-2173.56
1102,Snacks_Biscuits_1102,2022-03,1206.24,3378.24,-2172.0
1189,Electronics_Batteries_1189,2025-02,12255.58,14426.98,-2171.4
1170,Dairy_Yogurt_1170,2021-09,1491.0,3659.77,-2168.77
1140,Personal Care_Shampoo_1140,2024-03,4300.52,6467.89,-2167.37
1104,Grocery_Pasta_1104,2021-06,1795.2,3962.52,-2167.32
1153,Electronics_Batteries_1153,2025-02,28952.7,31113.57,-2160.87
1043,Electronics_Batteries_1043,2023-02,3382.45,5541.5,-2159.05
1021,Grocery_Canned Goods_1021,2023-03,2419.32,4577.68,-2158.36
1069,Grocery_Spices_1069,2023-09,2834.2,4988.19,-2153.99
1168,Snacks_Chips_1168,2021-03,1720.8,3872.35,-2151.55
1171,Personal Care_Toothpaste_1171,2024-09,3833.64,5980.23,-2146.59
1126,Beverages_Soft Drinks_1126,2021-03,2081.7,4223.64,-2141.94
1149,Electronics_Chargers_1149,2021-11,7595.57,9736.52,-2140.95
1171,Personal Care_Toothpaste_1171,2025-04,3058.17,5198.0,-2139.83
1190,Dairy_Milk_1190,2021-03,1722.1,3861.33,-2139.23
1165,Personal Care_Skincare_1165,2025-04,1183.84,3320.04,-2136.2
1163,Household_Paper Products_1163,2021-03,4187.68,6322.04,-2134.36
1060,Household_Detergent_1060,2024-02,5241.32,7372.4,-2131.08
1040,Electronics_Mobile Accessories_1040,2023-02,13025.74,15156.47,-2130.73
1019,Electronics_Cables_1019,2022-12,18745.34,20875.63,-2130.29
1092,Household_Detergent_1092,2022-09,3410.99,5539.2,-2128.21
1139,Dairy_Cream_1139,2025-09,1203.63,3330.73,-2127.1
1023,Personal Care_Toothpaste_1023,2023-03,6515.14,8642.06,-2126.92
1135,Household_Trash Bags_1135,2024-06,4386.55,6513.21,-2126.66
1062,Personal Care_Deodorant_1062,2024-09,2071.78,4195.94,-2124.16
1185,Personal Care_Toothpaste_1185,2024-02,13498.77,15622.73,-2123.96
1084,Household_Paper Products_1084,2023-02,8627.51,10751.02,-2123.51
1070,Grocery_Canned Goods_1070,2025-04,4003.81,6126.14,-2122.33
1126,Beverages_Soft Drinks_1126,2023-09,1464.9,3586.69,-2121.79
1004,Beverages_Juices_1004,2023-09,1861.5,3981.4,-2119.9
1107,Electronics_Mobile Accessories_1107,2024-11,10264.36,12379.29,-2114.93
1178,Beverages_Soft Drinks_1178,2024-03,2414.47,4526.99,-2112.52
1125,Personal Care_Toothpaste_1125,2021-09,2184.57,4294.64,-2110.07
1109,Electronics_Batteries_1109,2023-09,2802.03,4911.05,-2109.02
1118,Dairy_Milk_1118,2023-09,1303.5,3411.85,-2108.35
1107,Electronics_Mobile Accessories_1107,2024-07,19895.09,22002.99,-2107.9
1185,Personal Care_Toothpaste_1185,2025-03,13252.78,15360.2,-2107.42
1178,Beverages_Soft Drinks_1178,2025-04,2068.67,4175.84,-2107.17
1121,Grocery_Rice_1121,2023-09,2135.96,4241.04,-2105.08
1045,Electronics_Cables_1045,2022-11,13430.85,15533.1,-2102.25
1092,Household_Detergent_1092,2021-03,2649.86,4750.78,-2100.92
1195,Snacks_Chocolates_1195,2025-09,1527.16,3626.48,-2099.32
1082,Household_Detergent_1082,2023-03,5416.41,7514.17,-2097.76
1163,Household_Paper Products_1163,2024-06,3810.02,5907.62,-2097.6
1189,Electronics_Batteries_1189,2022-08,11951.09,14048.62,-2097.53
1140,Personal Care_Shampoo_1140,2025-04,3617.3,5712.39,-2095.09
1104,Grocery_Pasta_1104,2022-09,1626.24,3720.99,-2094.75
1015,Dairy_Cream_1015,2022-02,2948.88,5043.06,-2094.18
1164,Electronics_Cables_1164,2024-02,39027.18,41121.02,-2093.84
1116,Personal Care_Skincare_1116,2021-06,10155.6,12248.65,-2093.05
1121,Grocery_Rice_1121,2024-03,2995.45,5086.1,-2090.65
1196,Grocery_Pasta_1196,2022-09,2544.9,4635.38,-2090.48
1028,Household_Paper Products_1028,2023-09,3425.96,5511.13,-2085.17
1066,Household_Cleaning Supplies_1066,2022-02,7797.25,9882.02,-2084.77
1162,Dairy_Yogurt_1162,2025-04,2307.62,4390.58,-2082.96
1040,Electronics_Mobile Accessories_1040,2021-04,7827.61,9907.56,-2079.95
1034,Household_Cleaning Supplies_1034,2023-02,9250.3,11328.43,-2078.13
1039,Beverages_Soft Drinks_1039,2022-02,3275.79,5353.34,-2077.55
1153,Electronics_Batteries_1153,2021-12,14143.36,16216.62,-2073.26
1030,Dairy_Cream_1030,2024-02,2375.69,4448.79,-2073.1
1060,Household_Detergent_1060,2021-09,2874.32,4939.4,-2065.08
1015,Dairy_Cream_1015,2022-09,2360.31,4423.12,-2062.81
1178,Beverages_Soft Drinks_1178,2025-09,2010.96,4071.69,-2060.73
1064,Snacks_Biscuits_1064,2021-03,1449.76,3510.37,-2060.61
1084,Household_Paper Products_1084,2025-04,4016.99,6076.05,-2059.06
1185,Personal Care_Toothpaste_1185,2023-06,8543.84,10602.43,-2058.59
1073,Electronics_Chargers_1073,2022-06,13602.94,15656.83,-2053.89
1069,Grocery_Spices_1069,2021-09,3600.2,5646.57,-2046.37
1089,Electronics_Mobile Accessories_1089,2024-10,4154.85,6199.3,-2044.45
1172,Electronics_Chargers_1172,2021-02,22946.11,24988.21,-2042.1
1070,Grocery_Canned Goods_1070,2021-06,5442.51,7484.04,-2041.53
1047,Household_Detergent_1047,2025-04,3626.54,5668.04,-2041.5
1004,Beverages_Juices_1004,2025-09,1935.96,3972.34,-2036.38
1104,Grocery_Pasta_1104,2022-03,1562.88,3598.32,-2035.44
1133,Electronics_Mobile Accessories_1133,2023-02,5206.09,7241.35,-2035.26
1074,Personal Care_Skincare_1074,2024-04,7729.15,9764.34,-2035.19
1126,Beverages_Soft Drinks_1126,2022-09,2647.1,4680.23,-2033.13
1051,Electronics_Cables_1051,2024-08,10046.44,12079.33,-2032.89
1015,Dairy_Cream_1015,2023-09,1437.89,3469.01,-2031.12
1164,Electronics_Cables_1164,2025-02,30751.32,32777.6,-2026.28
1138,Household_Cleaning Supplies_1138,2023-11,3437.1,5461.04,-2023.94
1179,Household_Cleaning Supplies_1179,2024-09,2970.52,4994.42,-2023.9
1030,Dairy_Cream_1030,2024-09,1542.8,3565.83,-2023.03
1119,Grocery_Pasta_1119,2023-09,2633.11,4654.83,-2021.72
1099,Personal Care_Toothpaste_1099,2023-05,5133.52,7154.03,-2020.51
1167,Grocery_Rice_1167,2022-06,4370.85,6390.69,-2019.84
1171,Personal Care_Toothpaste_1171,2023-05,3791.97,5811.57,-2019.6
1198,Dairy_Cheese_1198,2022-09,2824.19,4841.92,-2017.73
1105,Beverages_Water_1105,2023-03,1507.65,3524.65,-2017.0
1085,Personal Care_Skincare_1085,2025-02,3514.61,5530.76,-2016.15
1090,Dairy_Cheese_1090,2023-03,3751.87,5764.37,-2012.5
1175,Household_Trash Bags_1175,2025-02,7394.49,9406.56,-2012.07
1089,Electronics_Mobile Accessories_1089,2023-11,3593.8,5605.75,-2011.95
1017,Household_Paper Products_1017,2024-04,5167.12,7177.32,-2010.2
1133,Electronics_Mobile Accessories_1133,2022-09,3215.75,5225.77,-2010.02
1052,Snacks_Crackers_1052,2022-09,1251.0,3260.54,-2009.54
1132,Dairy_Butter_1132,2021-06,4695.3,6703.83,-2008.53
1047,Household_Detergent_1047,2024-06,5105.62,7113.67,-2008.05
1092,Household_Detergent_1092,2025-09,1973.3,3981.2,-2007.9
1125,Personal Care_Toothpaste_1125,2022-08,3097.06,5103.53,-2006.47
1074,Personal Care_Skincare_1074,2025-10,5076.27,7081.71,-2005.44
1022,Household_Cleaning Supplies_1022,2022-06,6523.58,8528.06,-2004.48
1154,Household_Cleaning Supplies_1154,2021-03,1271.2,3272.8,-2001.6
1103,Dairy_Milk_1103,2022-03,3032.81,5033.68,-2000.87
1034,Household_Cleaning Supplies_1034,2022-02,8097.97,10098.18,-2000.21
1199,Electronics_Cables_1199,2025-09,26897.13,28897.11,-1999.98
1047,Household_Detergent_1047,2024-09,2672.14,4672.0,-1999.86
1150,Electronics_Batteries_1150,2023-05,13580.28,15577.3,-1997.02
1175,Household_Trash Bags_1175,2021-06,7061.12,9054.23,-1993.11
1135,Household_Trash Bags_1135,2021-06,6513.21,8505.52,-1992.31
1007,Personal Care_Shampoo_1007,2025-09,6456.96,8442.74,-1985.78
1172,Electronics_Chargers_1172,2022-06,13273.65,15259.04,-1985.39
1140,Personal Care_Shampoo_1140,2021-06,3549.15,5533.77,-1984.62
1013,Grocery_Cereals_1013,2024-09,2600.99,4584.39,-1983.4
1050,Snacks_Chips_1050,2024-09,1320.16,3303.49,-1983.33
1030,Dairy_Cream_1030,2022-03,1961.56,3942.41,-1980.85
1121,Grocery_Rice_1121,2021-09,2550.4,4530.23,-1979.83
1120,Grocery_Cereals_1120,2023-02,7191.63,9168.23,-1976.6
1099,Personal Care_Toothpaste_1099,2021-09,3837.68,5812.13,-1974.45
1127,Grocery_Rice_1127,2022-03,1368.81,3342.6,-1973.79
1052,Snacks_Crackers_1052,2023-09,867.36,2839.86,-1972.5
1102,Snacks_Biscuits_1102,2024-08,2461.91,4429.2,-1967.29
1021,Grocery_Canned Goods_1021,2024-09,2508.21,4473.29,-1965.08
1044,Snacks_Biscuits_1044,2022-03,1198.45,3162.03,-1963.58
1195,Snacks_Chocolates_1195,2024-02,2880.41,4842.42,-1962.01
1023,Personal Care_Toothpaste_1023,2021-08,8853.1,10813.89,-1960.79
1017,Household_Paper Products_1017,2021-06,5706.36,7666.99,-1960.63
1045,Electronics_Cables_1045,2023-07,15346.84,17306.7,-1959.86
1195,Snacks_Chocolates_1195,2022-09,1464.4,3422.55,-1958.15
1065,Electronics_Chargers_1065,2024-10,13870.74,15826.87,-1956.13
1017,Household_Paper Products_1017,2025-03,6494.35,8446.64,-1952.29
1127,Grocery_Rice_1127,2024-09,1675.26,3627.5,-1952.24
1119,Grocery_Pasta_1119,2024-02,6207.62,8157.48,-1949.86
1080,Snacks_Chips_1080,2023-03,1929.52,3877.07,-1947.55
1156,Personal Care_Soap_1156,2024-03,4814.28,6761.23,-1946.95
1125,Personal Care_Toothpaste_1125,2022-02,3351.21,5296.55,-1945.34
1052,Snacks_Crackers_1052,2021-03,1434.48,3379.53,-1945.05
1103,Dairy_Milk_1103,2022-06,3839.0,5782.45,-1943.45
1174,Electronics_Mobile Accessories_1174,2024-08,37420.52,39363.97,-1943.45
1010,Grocery_Rice_1010,2021-09,903.65,2843.5,-1939.85
1175,Household_Trash Bags_1175,2024-03,9576.07,11514.63,-1938.56
1085,Personal Care_Skincare_1085,2021-06,3355.38,5293.78,-1938.4
1015,Dairy_Cream_1015,2024-02,3612.04,5549.17,-1937.13
1018,Personal Care_Deodorant_1018,2022-08,5688.39,7624.94,-1936.55
1128,Grocery_Spices_1128,2023-03,2545.11,4480.81,-1935.7
1190,Dairy_Milk_1190,2025-09,1276.38,3210.54,-1934.16
1171,Personal Care_Toothpaste_1171,2022-03,3666.96,5599.28,-1932.32
1059,Electronics_Cables_1059,2023-09,1252.57,3184.1,-1931.53
1167,Grocery_Rice_1167,2022-02,6727.2,8658.68,-1931.48
1023,Personal Care_Toothpaste_1023,2022-06,5108.88,7039.96,-1931.08
1051,Electronics_Cables_1051,2024-06,6345.85,8276.6,-1930.75
1143,Dairy_Cheese_1143,2025-09,1583.32,3513.91,-1930.59
1004,Beverages_Juices_1004,2024-09,1861.5,3791.68,-1930.18
1127,Grocery_Rice_1127,2025-02,2691.95,4621.98,-1930.03
1042,Grocery_Canned Goods_1042,2023-03,2819.72,4747.82,-1928.1
1007,Personal Care_Shampoo_1007,2022-08,12449.43,14375.0,-1925.57
1058,Personal Care_Soap_1058,2021-06,5273.19,7198.6,-1925.41
1132,Dairy_Butter_1132,2021-03,4104.04,6029.22,-1925.18
1033,Household_Paper Products_1033,2021-09,2335.68,4260.68,-1925.0
1033,Household_Paper Products_1033,2025-04,2076.16,3999.7,-1923.54
1128,Grocery_Spices_1128,2022-09,2232.72,4155.31,-1922.59
1120,Grocery_Cereals_1120,2022-06,4876.2,6797.66,-1921.46
1077,Household_Cleaning Supplies_1077,2023-09,4284.0,6205.14,-1921.14
1166,Grocery_Spices_1166,2023-02,7034.72,8955.81,-1921.09
1046,Household_Paper Products_1046,2023-10,4655.2,6575.47,-1920.27
1130,Snacks_Nuts_1130,2024-09,1163.34,3077.87,-1914.53
1069,Grocery_Spices_1069,2024-09,3715.1,5628.57,-1913.47
1059,Electronics_Cables_1059,2022-03,1401.18,3311.61,-1910.43
1009,Electronics_Batteries_1009,2022-10,6184.6,8094.55,-1909.95
1183,Electronics_Batteries_1183,2025-02,26927.69,28837.24,-1909.55
1099,Personal Care_Toothpaste_1099,2025-06,4619.55,6529.04,-1909.49
1052,Snacks_Crackers_1052,2023-03,1473.06,3377.36,-1904.3
1029,Grocery_Canned Goods_1029,2024-02,5029.4,6933.57,-1904.17
1072,Electronics_Chargers_1072,2024-05,27161.64,29062.34,-1900.7
1189,Electronics_Batteries_1189,2023-08,10051.16,11951.04,-1899.88
1034,Household_Cleaning Supplies_1034,2021-10,3223.36,5122.84,-1899.48
1162,Dairy_Yogurt_1162,2022-03,2032.8,3931.95,-1899.15
1131,Snacks_Crackers_1131,2025-04,1723.88,3622.21,-1898.33
1049,Electronics_Batteries_1049,2024-06,13699.46,15597.12,-1897.66
1119,Grocery_Pasta_1119,2021-08,5188.74,7085.08,-1896.34
1030,Dairy_Cream_1030,2022-09,1653.0,3548.8,-1895.8
1162,Dairy_Yogurt_1162,2021-09,1716.0,3611.78,-1895.78
1185,Personal Care_Toothpaste_1185,2023-03,9853.23,11748.43,-1895.2
1188,Grocery_Spices_1188,2021-09,1446.98,3341.3,-1894.32
1185,Personal Care_Toothpaste_1185,2024-03,11605.52,13498.77,-1893.25
1114,Electronics_Batteries_1114,2023-05,16613.78,18505.92,-1892.14
1128,Grocery_Spices_1128,2022-03,2152.98,4043.06,-1890.08
1184,Snacks_Chocolates_1184,2025-04,1377.99,3266.74,-1888.75
1017,Household_Paper Products_1017,2022-02,7227.23,9115.77,-1888.54
1153,Electronics_Batteries_1153,2024-08,22120.12,24008.53,-1888.41
1119,Grocery_Pasta_1119,2024-09,3246.3,5130.32,-1884.02
1044,Snacks_Biscuits_1044,2025-04,1730.33,3614.29,-1883.96
1161,Electronics_Batteries_1161,2024-02,14637.96,16521.74,-1883.78
1082,Household_Detergent_1082,2024-04,5104.85,6987.87,-1883.02
1175,Household_Trash Bags_1175,2025-07,8047.0,9929.7,-1882.7
1037,Electronics_Cables_1037,2024-08,32890.54,34770.85,-1880.31
1032,Snacks_Chocolates_1032,2025-09,1243.12,3122.01,-1878.89
1168,Snacks_Chips_1168,2025-02,3039.45,4916.6,-1877.15
1073,Electronics_Chargers_1073,2024-04,13112.81,14989.26,-1876.45
1166,Grocery_Spices_1166,2025-10,4340.16,6214.32,-1874.16
1118,Dairy_Milk_1118,2022-08,2263.59,4136.22,-1872.63
1033,Household_Paper Products_1033,2025-02,5427.29,7297.87,-1870.58
1146,Snacks_Chocolates_1146,2023-03,1685.66,3556.12,-1870.46
1192,Dairy_Milk_1192,2022-02,2458.01,4328.33,-1870.32
1143,Dairy_Cheese_1143,2021-03,1273.54,3140.75,-1867.21
1095,Snacks_Chocolates_1095,2022-09,1401.64,3268.73,-1867.09
1120,Grocery_Cereals_1120,2025-02,6861.08,8726.8,-1865.72
1195,Snacks_Chocolates_1195,2021-06,2217.52,4083.16,-1865.64
1114,Electronics_Batteries_1114,2025-08,20677.45,22543.08,-1865.63
1038,Electronics_Cables_1038,2021-02,19424.11,21289.65,-1865.54
1192,Dairy_Milk_1192,2021-09,1823.51,3688.52,-1865.01
1133,Electronics_Mobile Accessories_1133,2022-03,3114.2,4976.16,-1861.96
1088,Household_Cleaning Supplies_1088,2025-09,1481.2,3341.88,-1860.68
1171,Personal Care_Toothpaste_1171,2022-05,4377.91,6237.26,-1859.35
1104,Grocery_Pasta_1104,2025-09,1752.96,3612.2,-1859.24
1166,Grocery_Spices_1166,2022-06,4685.4,6541.07,-1855.67
1042,Grocery_Canned Goods_1042,2023-08,6045.34,7895.22,-1849.88
1122,Dairy_Yogurt_1122,2022-09,3476.0,5325.55,-1849.55
1096,Electronics_Mobile Accessories_1096,2023-08,16318.07,18167.03,-1848.96
1009,Electronics_Batteries_1009,2023-05,10095.45,11944.2,-1848.75
1002,Dairy_Cream_1002,2021-03,1290.62,3138.55,-1847.93
1032,Snacks_Chocolates_1032,2021-09,667.04,2513.98,-1846.94
1152,Personal Care_Toothpaste_1152,2024-03,6836.55,8682.66,-1846.11
1029,Grocery_Canned Goods_1029,2021-03,2511.0,4356.96,-1845.96
1168,Snacks_Chips_1168,2021-09,1147.2,2993.06,-1845.86
1034,Household_Cleaning Supplies_1034,2023-10,3971.64,5813.56,-1841.92
1015,Dairy_Cream_1015,2025-04,2630.52,4470.94,-1840.42
1178,Beverages_Soft Drinks_1178,2023-08,2105.66,3942.26,-1836.6
1089,Electronics_Mobile Accessories_1089,2023-06,6605.55,8441.6,-1836.05
1099,Personal Care_Toothpaste_1099,2021-02,9736.98,11572.72,-1835.74
1131,Snacks_Crackers_1131,2025-09,1619.43,3453.3,-1833.87
1033,Household_Paper Products_1033,2024-03,3797.73,5628.9,-1831.17
1016,Grocery_Rice_1016,2022-09,1632.96,3463.38,-1830.42
1159,Electronics_Batteries_1159,2023-05,21903.84,23734.26,-1830.42
1171,Personal Care_Toothpaste_1171,2024-03,5603.19,7432.95,-1829.76
1098,Electronics_Mobile Accessories_1098,2025-02,15780.25,17609.62,-1829.37
1164,Electronics_Cables_1164,2023-06,21327.34,23156.32,-1828.98
1043,Electronics_Batteries_1043,2025-09,1266.3,3094.81,-1828.51
1008,Personal Care_Shampoo_1008,2024-09,4262.18,6089.63,-1827.45
1181,Personal Care_Soap_1181,2023-09,3667.95,5495.16,-1827.21
1047,Household_Detergent_1047,2023-05,4188.76,6014.62,-1825.86
1037,Electronics_Cables_1037,2024-02,45175.39,47001.23,-1825.84
1127,Grocery_Rice_1127,2025-04,1521.01,3346.76,-1825.75
1188,Grocery_Spices_1188,2022-09,1569.26,3391.66,-1822.4
1139,Dairy_Cream_1139,2024-02,3897.67,5715.87,-1818.2
1010,Grocery_Rice_1010,2022-03,1215.82,3030.01,-1814.19
1184,Snacks_Chocolates_1184,2023-03,2832.68,4645.9,-1813.22
1109,Electronics_Batteries_1109,2022-03,2620.08,4432.54,-1812.46
1136,Personal Care_Shampoo_1136,2021-02,11468.05,13277.46,-1809.41
1133,Electronics_Mobile Accessories_1133,2022-06,3114.2,4923.09,-1808.89
1044,Snacks_Biscuits_1044,2023-03,1929.68,3737.54,-1807.86
1139,Dairy_Cream_1139,2021-03,2316.42,4123.6,-1807.18
1103,Dairy_Milk_1103,2024-03,5550.31,7355.32,-1805.01
1011,Personal Care_Shampoo_1011,2021-09,1446.27,3250.47,-1804.2
1044,Snacks_Biscuits_1044,2021-09,1568.88,3370.16,-1801.28
1082,Household_Detergent_1082,2022-06,4153.38,5953.69,-1800.31
1102,Snacks_Biscuits_1102,2023-03,1780.87,3578.74,-1797.87
1116,Personal Care_Skincare_1116,2025-10,5624.64,7421.4,-1796.76
1135,Household_Trash Bags_1135,2024-11,3757.59,5553.9,-1796.31
1049,Electronics_Batteries_1049,2023-06,11678.94,13470.24,-1791.3
1029,Grocery_Canned Goods_1029,2023-09,2204.1,3994.16,-1790.06
1130,Snacks_Nuts_1130,2021-03,1483.68,3273.32,-1789.64
1143,Dairy_Cheese_1143,2022-03,1170.28,2959.33,-1789.05
1138,Household_Cleaning Supplies_1138,2025-04,3884.76,5673.4,-1788.64
1076,Snacks_Chocolates_1076,2024-09,2152.32,3934.46,-1782.14
1038,Electronics_Cables_1038,2025-03,14017.71,15799.6,-1781.89
1156,Personal Care_Soap_1156,2024-09,3021.55,4801.58,-1780.03
1001,Electronics_Chargers_1001,2022-05,23645.22,25424.52,-1779.3
1163,Household_Paper Products_1163,2025-09,3626.83,5405.39,-1778.56
1138,Household_Cleaning Supplies_1138,2024-09,3887.52,5662.72,-1775.2
1104,Grocery_Pasta_1104,2023-03,1747.12,3520.43,-1773.31
1080,Snacks_Chips_1080,2021-03,2136.0,3909.14,-1773.14
1094,Grocery_Rice_1094,2025-04,1548.65,3321.26,-1772.61
1011,Personal Care_Shampoo_1011,2025-09,1874.04,3646.11,-1772.07
1168,Snacks_Chips_1168,2024-09,1070.72,2840.1,-1769.38
1110,Grocery_Canned Goods_1110,2023-02,2538.07,4306.96,-1768.89
1107,Electronics_Mobile Accessories_1107,2022-10,15112.38,16880.85,-1768.47
1156,Personal Care_Soap_1156,2023-09,2749.95,4518.07,-1768.12
1067,Grocery_Cereals_1067,2023-05,5105.71,6873.34,-1767.63
1095,Snacks_Chocolates_1095,2023-03,2110.54,3877.72,-1767.18
1067,Grocery_Cereals_1067,2023-08,5506.55,7273.22,-1766.67
1168,Snacks_Chips_1168,2024-03,1683.78,3445.32,-1761.54
1047,Household_Detergent_1047,2022-09,3430.45,5190.88,-1760.43
1095,Snacks_Chocolates_1095,2025-09,1631.76,3392.14,-1760.38
1043,Electronics_Batteries_1043,2024-02,3934.9,5695.22,-1760.32
1119,Grocery_Pasta_1119,2022-09,3715.21,5471.93,-1756.72
1126,Beverages_Soft Drinks_1126,2021-06,2570.0,4326.55,-1756.55
1121,Grocery_Rice_1121,2021-08,4530.23,6286.11,-1755.88
1090,Dairy_Cheese_1090,2024-03,4682.13,6436.44,-1754.31
1092,Household_Detergent_1092,2023-02,4049.02,5802.11,-1753.09
1049,Electronics_Batteries_1049,2024-09,11579.68,13328.16,-1748.48
1099,Personal Care_Toothpaste_1099,2022-02,6323.45,8070.97,-1747.52
1132,Dairy_Butter_1132,2023-08,4036.95,5782.81,-1745.86
1063,Snacks_Chocolates_1063,2025-02,2202.31,3948.05,-1745.74
1197,Electronics_Mobile Accessories_1197,2023-09,1265.76,3011.36,-1745.6
1113,Dairy_Cheese_1113,2021-02,3690.65,5434.37,-1743.72
1171,Personal Care_Toothpaste_1171,2025-09,4542.03,6285.33,-1743.3
1195,Snacks_Chocolates_1195,2022-03,1213.36,2956.26,-1742.9
1085,Personal Care_Skincare_1085,2025-09,2449.96,4192.32,-1742.36
1147,Snacks_Crackers_1147,2022-02,2149.52,3891.86,-1742.34
1082,Household_Detergent_1082,2025-10,3394.16,5135.9,-1741.74
1077,Household_Cleaning Supplies_1077,2025-08,4739.06,6480.74,-1741.68
1162,Dairy_Yogurt_1162,2025-02,4452.16,6193.57,-1741.41
1108,Dairy_Butter_1108,2024-03,4989.81,6729.55,-1739.74
1022,Household_Cleaning Supplies_1022,2024-11,3632.78,5372.36,-1739.58
1069,Grocery_Spices_1069,2024-03,4609.93,6349.05,-1739.12
1069,Grocery_Spices_1069,2023-03,4046.01,5784.91,-1738.9
1124,Dairy_Cheese_1124,2023-09,1582.54,3321.34,-1738.8
1075,Snacks_Crackers_1075,2023-03,1046.69,2785.4,-1738.71
1011,Personal Care_Shampoo_1011,2021-03,1853.67,3590.94,-1737.27
1179,Household_Cleaning Supplies_1179,2025-04,1888.16,3624.22,-1736.06
1082,Household_Detergent_1082,2023-02,7514.17,9248.43,-1734.26
1013,Grocery_Cereals_1013,2021-08,3952.99,5686.86,-1733.87
1057,Beverages_Tea_1057,2025-02,4550.8,6284.44,-1733.64
1058,Personal Care_Soap_1058,2025-02,8760.55,10493.5,-1732.95
1150,Electronics_Batteries_1150,2023-10,9719.22,11450.04,-1730.82
1057,Beverages_Tea_1057,2023-09,1481.7,3209.98,-1728.28
1192,Dairy_Milk_1192,2023-09,1274.26,2998.81,-1724.55
1197,Electronics_Mobile Accessories_1197,2024-09,1318.5,3042.9,-1724.4
1066,Household_Cleaning Supplies_1066,2024-02,8801.51,10525.12,-1723.61
1069,Grocery_Spices_1069,2025-10,2910.8,4634.3,-1723.5
1147,Snacks_Crackers_1147,2024-04,2330.71,4053.05,-1722.34
1148,Household_Cleaning Supplies_1148,2024-02,11460.28,13181.7,-1721.42
1128,Grocery_Spices_1128,2021-08,3324.28,5042.66,-1718.38
1110,Grocery_Canned Goods_1110,2021-03,1583.26,3301.42,-1718.16
1113,Dairy_Cheese_1113,2021-03,1972.62,3690.65,-1718.03
1050,Snacks_Chips_1050,2022-09,1266.64,2984.19,-1717.55
1197,Electronics_Mobile Accessories_1197,2022-03,1002.06,2717.97,-1715.91
1061,Personal Care_Skincare_1061,2021-08,7883.17,9598.46,-1715.29
1132,Dairy_Butter_1132,2025-03,4559.71,6274.79,-1715.08
1198,Dairy_Cheese_1198,2025-03,2371.75,4085.57,-1713.82
1023,Personal Care_Toothpaste_1023,2022-09,5230.52,6941.52,-1711.0
1092,Household_Detergent_1092,2022-02,4395.69,6104.63,-1708.94
1034,Household_Cleaning Supplies_1034,2021-02,9115.53,10823.72,-1708.19
1126,Beverages_Soft Drinks_1126,2025-04,1540.46,3247.71,-1707.25
1094,Grocery_Rice_1094,2022-08,3113.28,4820.49,-1707.21
1099,Personal Care_Toothpaste_1099,2024-02,9651.13,11357.06,-1705.93
1095,Snacks_Chocolates_1095,2021-03,2175.68,3881.29,-1705.61
1167,Grocery_Rice_1167,2022-05,6390.69,8095.7,-1705.01
1122,Dairy_Yogurt_1122,2025-02,6113.97,7818.87,-1704.9
1121,Grocery_Rice_1121,2025-04,2721.0,4425.28,-1704.28
1062,Personal Care_Deodorant_1062,2023-03,2808.07,4512.28,-1704.21
1016,Grocery_Rice_1016,2025-09,1944.0,3647.97,-1703.97
1028,Household_Paper Products_1028,2025-02,6778.71,8482.64,-1703.93
1154,Household_Cleaning Supplies_1154,2024-03,1263.59,2965.28,-1701.69
1084,Household_Paper Products_1084,2022-03,5220.01,6920.39,-1700.38
1132,Dairy_Butter_1132,2025-09,2991.08,4689.93,-1698.85
1061,Personal Care_Skincare_1061,2023-08,5072.21,6768.67,-1696.46
1013,Grocery_Cereals_1013,2025-08,5531.48,7226.81,-1695.33
1162,Dairy_Yogurt_1162,2022-09,2270.4,3965.02,-1694.62
1168,Snacks_Chips_1168,2022-09,1663.44,3358.04,-1694.6
1057,Beverages_Tea_1057,2025-09,2101.32,3794.81,-1693.49
1033,Household_Paper Products_1033,2024-11,2102.22,3795.48,-1693.26
1059,Electronics_Cables_1059,2025-04,2165.46,3857.4,-1691.94
1143,Dairy_Cheese_1143,2022-09,1118.65,2809.26,-1690.61
1039,Beverages_Soft Drinks_1039,2025-03,4095.89,5785.81,-1689.92
1067,Grocery_Cereals_1067,2023-09,3816.89,5506.55,-1689.66
1173,Electronics_Batteries_1173,2024-05,16685.16,18373.61,-1688.45
1034,Household_Cleaning Supplies_1034,2022-08,9604.58,11292.46,-1687.88
1038,Electronics_Cables_1038,2021-10,8835.92,10523.68,-1687.76
1172,Electronics_Chargers_1172,2022-05,15259.04,16946.79,-1687.75
1157,Household_Cleaning Supplies_1157,2025-09,1345.96,3032.61,-1686.65
1174,Electronics_Mobile Accessories_1174,2021-10,17341.2,19027.15,-1685.95
1016,Grocery_Rice_1016,2025-02,2769.27,4452.05,-1682.78
1183,Electronics_Batteries_1183,2022-06,15653.43,17334.14,-1680.71
1116,Personal Care_Skincare_1116,2023-05,7421.4,9101.48,-1680.08
1069,Grocery_Spices_1069,2025-07,5329.45,7008.84,-1679.39
1179,Household_Cleaning Supplies_1179,2024-02,4374.62,6053.88,-1679.26
1022,Household_Cleaning Supplies_1022,2024-08,8797.71,10476.3,-1678.59
1126,Beverages_Soft Drinks_1126,2025-03,3247.71,4924.73,-1677.02
1021,Grocery_Canned Goods_1021,2025-09,2508.21,4184.99,-1676.78
1104,Grocery_Pasta_1104,2024-09,1816.32,3491.37,-1675.05
1185,Personal Care_Toothpaste_1185,2023-05,10602.43,12275.62,-1673.19
1028,Household_Paper Products_1028,2021-06,4762.92,6435.88,-1672.96
1161,Electronics_Batteries_1161,2023-02,14523.66,16195.45,-1671.79
1185,Personal Care_Toothpaste_1185,2022-05,9697.91,11366.48,-1668.57
1171,Personal Care_Toothpaste_1171,2024-11,2873.48,4542.03,-1668.55
1084,Household_Paper Products_1084,2022-11,3456.84,5124.23,-1667.39
1076,Snacks_Chocolates_1076,2025-04,1243.18,2908.87,-1665.69
1175,Household_Trash Bags_1175,2023-02,10966.05,12631.56,-1665.51
1116,Personal Care_Skincare_1116,2022-06,9140.04,10804.97,-1664.93
1084,Household_Paper Products_1084,2022-02,6920.39,8581.58,-1661.19
1131,Snacks_Crackers_1131,2024-09,1854.13,3514.61,-1660.48
1138,Household_Cleaning Supplies_1138,2021-02,7345.1,9003.43,-1658.33
1105,Beverages_Water_1105,2021-09,1363.2,3019.3,-1656.1
1152,Personal Care_Toothpaste_1152,2024-08,6485.51,8140.49,-1654.98
1018,Personal Care_Deodorant_1018,2021-10,4081.84,5736.64,-1654.8
1036,Electronics_Mobile Accessories_1036,2022-09,11006.04,12660.29,-1654.25
1153,Electronics_Batteries_1153,2024-02,30283.83,31935.63,-1651.8
1076,Snacks_Chocolates_1076,2021-03,2443.78,4094.98,-1651.2
1092,Household_Detergent_1092,2023-03,2398.37,4049.02,-1650.65
1047,Household_Detergent_1047,2022-05,4470.83,6120.42,-1649.59
1195,Snacks_Chocolates_1195,2025-02,3601.07,5249.35,-1648.28
1163,Household_Paper Products_1163,2025-03,4019.59,5667.63,-1648.04
1064,Snacks_Biscuits_1064,2025-09,1343.68,2991.1,-1647.42
1082,Household_Detergent_1082,2021-09,3349.5,4996.76,-1647.26
1001,Electronics_Chargers_1001,2025-02,31420.83,33066.43,-1645.6
1188,Grocery_Spices_1188,2023-09,1263.56,2909.1,-1645.54
1088,Household_Cleaning Supplies_1088,2023-03,2330.19,3975.69,-1645.5
1188,Grocery_Spices_1188,2024-09,1752.68,3397.55,-1644.87
1171,Personal Care_Toothpaste_1171,2024-05,4750.38,6394.45,-1644.07
1190,Dairy_Milk_1190,2023-05,1681.58,3323.41,-1641.83
1198,Dairy_Cheese_1198,2023-09,1684.15,3321.79,-1637.64
1162,Dairy_Yogurt_1162,2022-02,3931.95,5568.75,-1636.8
1152,Personal Care_Toothpaste_1152,2024-04,5201.3,6836.55,-1635.25
1055,Dairy_Butter_1055,2021-03,846.64,2481.12,-1634.48
1181,Personal Care_Soap_1181,2022-03,3166.02,4800.0,-1633.98
1066,Household_Cleaning Supplies_1066,2025-06,4788.26,6421.62,-1633.36
1178,Beverages_Soft Drinks_1178,2023-02,2989.3,4620.12,-1630.82
1147,Snacks_Crackers_1147,2021-02,3516.2,5145.67,-1629.47
1088,Household_Cleaning Supplies_1088,2022-03,1608.16,3237.48,-1629.32
1108,Dairy_Butter_1108,2022-03,4167.92,5797.24,-1629.32
1086,Grocery_Rice_1086,2021-09,1204.8,2833.94,-1629.14
1147,Snacks_Crackers_1147,2021-03,1887.34,3516.2,-1628.86
1030,Dairy_Cream_1030,2021-03,1785.24,3414.06,-1628.82
1029,Grocery_Canned Goods_1029,2021-09,1925.1,3548.88,-1623.78
1147,Snacks_Crackers_1147,2025-02,2894.0,4516.64,-1622.64
1181,Personal Care_Soap_1181,2025-09,3590.73,5212.44,-1621.71
1146,Snacks_Chocolates_1146,2023-09,1339.14,2960.51,-1621.37
1003,Household_Cleaning Supplies_1003,2021-09,852.0,2471.04,-1619.04
1057,Beverages_Tea_1057,2021-06,3044.22,4662.75,-1618.53
1012,Beverages_Juices_1012,2023-03,886.61,2505.07,-1618.46
1113,Dairy_Cheese_1113,2022-03,2174.94,3792.17,-1617.23
1102,Snacks_Biscuits_1102,2025-03,2869.52,4485.04,-1615.52
1181,Personal Care_Soap_1181,2025-04,3163.72,4777.38,-1613.66
1100,Electronics_Mobile Accessories_1100,2021-03,2021.31,3634.81,-1613.5
1143,Dairy_Cheese_1143,2021-09,1135.86,2748.88,-1613.02
1135,Household_Trash Bags_1135,2022-05,6885.62,8498.33,-1612.71
1021,Grocery_Canned Goods_1021,2025-07,3144.96,4755.11,-1610.15
1006,Beverages_Coffee_1006,2021-03,959.12,2566.98,-1607.86
1165,Personal Care_Skincare_1165,2021-09,882.3,2489.47,-1607.17
1080,Snacks_Chips_1080,2024-09,1824.5,3431.17,-1606.67
1003,Household_Cleaning Supplies_1003,2021-03,1020.0,2625.96,-1605.96
1179,Household_Cleaning Supplies_1179,2023-03,2751.28,4356.81,-1605.53
1043,Electronics_Batteries_1043,2025-08,3094.81,4698.75,-1603.94
1040,Electronics_Mobile Accessories_1040,2025-06,7372.45,8976.08,-1603.63
1190,Dairy_Milk_1190,2025-04,1154.82,2758.08,-1603.26
1088,Household_Cleaning Supplies_1088,2021-09,1692.8,3294.63,-1601.83
1095,Snacks_Chocolates_1095,2022-03,2071.08,3672.77,-1601.69
1152,Personal Care_Toothpaste_1152,2025-08,8155.55,9756.59,-1601.04
1139,Dairy_Cream_1139,2025-04,2020.29,3620.88,-1600.59
1195,Snacks_Chocolates_1195,2024-09,1966.48,3566.88,-1600.4
1124,Dairy_Cheese_1124,2022-03,1865.98,3462.23,-1596.25
1043,Electronics_Batteries_1043,2022-03,1876.0,3472.23,-1596.23
1001,Electronics_Chargers_1001,2021-12,15501.56,17097.77,-1596.21
1111,Snacks_Nuts_1111,2025-04,1053.77,2649.82,-1596.05
1088,Household_Cleaning Supplies_1088,2021-03,1650.48,3245.59,-1595.11
1119,Grocery_Pasta_1119,2024-11,3311.34,4905.52,-1594.18
1088,Household_Cleaning Supplies_1088,2024-02,3450.25,5043.79,-1593.54
1115,Household_Paper Products_1115,2024-04,5039.77,6631.77,-1592.0
1011,Personal Care_Shampoo_1011,2021-06,1874.04,3465.05,-1591.01
1070,Grocery_Canned Goods_1070,2022-06,4050.24,5640.21,-1589.97
1107,Electronics_Mobile Accessories_1107,2024-05,20900.1,22489.88,-1589.78
1036,Electronics_Mobile Accessories_1036,2023-09,8590.08,10178.98,-1588.9
1110,Grocery_Canned Goods_1110,2023-09,1472.8,3059.99,-1587.19
1157,Household_Cleaning Supplies_1157,2022-09,1214.29,2801.1,-1586.81
1063,Snacks_Chocolates_1063,2021-06,1849.08,3434.22,-1585.14
1018,Personal Care_Deodorant_1018,2024-05,5626.32,7210.65,-1584.33
1028,Household_Paper Products_1028,2024-02,7742.04,9325.56,-1583.52
1155,Electronics_Mobile Accessories_1155,2021-09,1853.28,3435.03,-1581.75
1126,Beverages_Soft Drinks_1126,2022-02,3506.03,5086.49,-1580.46
1134,Household_Paper Products_1134,2025-04,788.03,2368.3,-1580.27
1047,Household_Detergent_1047,2024-08,4672.0,6250.74,-1578.74
1090,Dairy_Cheese_1090,2025-04,3082.9,4661.54,-1578.64
1022,Household_Cleaning Supplies_1022,2022-02,9028.66,10601.38,-1572.72
1090,Dairy_Cheese_1090,2023-06,3762.14,5334.84,-1572.7
1168,Snacks_Chips_1168,2022-03,1338.4,2911.02,-1572.62
1092,Household_Detergent_1092,2025-03,3287.62,4854.34,-1566.72
1064,Snacks_Biscuits_1064,2024-09,1502.8,3068.68,-1565.88
1019,Electronics_Cables_1019,2023-02,34364.11,35929.23,-1565.12
1090,Dairy_Cheese_1090,2022-02,5829.99,7394.22,-1564.23
1070,Grocery_Canned Goods_1070,2022-05,5640.21,7203.68,-1563.47
1039,Beverages_Soft Drinks_1039,2021-08,2921.7,4484.38,-1562.68
1119,Grocery_Pasta_1119,2022-03,2993.81,4555.89,-1562.08
1098,Electronics_Mobile Accessories_1098,2024-05,13769.49,15330.92,-1561.43
1039,Beverages_Soft Drinks_1039,2023-03,2695.73,4256.97,-1561.24
1072,Electronics_Chargers_1072,2024-06,25601.03,27161.64,-1560.61
1105,Beverages_Water_1105,2021-03,1431.36,2991.66,-1560.3
1128,Grocery_Spices_1128,2024-08,3675.32,5232.8,-1557.48
1140,Personal Care_Shampoo_1140,2022-06,3226.5,4783.76,-1557.26
1142,Electronics_Mobile Accessories_1142,2021-03,1313.76,2870.93,-1557.17
1078,Electronics_Cables_1078,2023-11,15337.67,16894.62,-1556.95
1115,Household_Paper Products_1115,2023-08,6428.22,7982.97,-1554.75
1039,Beverages_Soft Drinks_1039,2023-02,4256.97,5811.72,-1554.75
1032,Snacks_Chocolates_1032,2021-03,1015.72,2569.89,-1554.17
1155,Electronics_Mobile Accessories_1155,2024-09,2127.84,3681.42,-1553.58
1075,Snacks_Crackers_1075,2024-09,962.64,2514.02,-1551.38
1039,Beverages_Soft Drinks_1039,2025-09,2046.89,3597.68,-1550.79
1094,Grocery_Rice_1094,2024-04,1883.07,3433.81,-1550.74
1140,Personal Care_Shampoo_1140,2023-09,3118.95,4669.1,-1550.15
1181,Personal Care_Soap_1181,2022-06,3938.22,5487.51,-1549.29
1012,Beverages_Juices_1012,2022-03,1142.1,2689.98,-1547.88
1057,Beverages_Tea_1057,2021-09,2209.08,3756.62,-1547.54
1136,Personal Care_Shampoo_1136,2023-03,4801.41,6348.24,-1546.83
1128,Grocery_Spices_1128,2024-03,2547.58,4093.93,-1546.35
1005,Household_Paper Products_1005,2022-03,1185.9,2729.79,-1543.89
1156,Personal Care_Soap_1156,2023-03,3776.6,5320.01,-1543.41
1178,Beverages_Soft Drinks_1178,2022-03,2034.9,3575.13,-1540.23
1090,Dairy_Cheese_1090,2024-02,6436.44,7975.34,-1538.9
1188,Grocery_Spices_1188,2025-03,2914.96,4452.52,-1537.56
1132,Dairy_Butter_1132,2021-02,6029.22,7565.74,-1536.52
1157,Household_Cleaning Supplies_1157,2021-03,994.84,2530.67,-1535.83
1143,Dairy_Cheese_1143,2024-03,1443.19,2978.98,-1535.79
1065,Electronics_Chargers_1065,2023-04,21128.18,22662.51,-1534.33
1193,Beverages_Tea_1193,2025-09,762.85,2296.87,-1534.02
1121,Grocery_Rice_1121,2023-03,3725.92,5257.84,-1531.92
1082,Household_Detergent_1082,2024-08,6666.9,8198.63,-1531.73
1179,Household_Cleaning Supplies_1179,2021-06,3806.88,5337.16,-1530.28
1013,Grocery_Cereals_1013,2024-04,3504.9,5034.95,-1530.05
1088,Household_Cleaning Supplies_1088,2025-02,3192.44,4721.26,-1528.82
1105,Beverages_Water_1105,2023-09,971.28,2499.95,-1528.67
1129,Electronics_Chargers_1129,2022-10,11310.16,12838.56,-1528.4
1064,Snacks_Biscuits_1064,2022-09,1608.88,3136.78,-1527.9
1035,Electronics_Batteries_1035,2021-06,31654.02,33178.67,-1524.65
1161,Electronics_Batteries_1161,2022-08,12406.12,13930.28,-1524.16
1057,Beverages_Tea_1057,2022-09,2855.64,4378.62,-1522.98
1192,Dairy_Milk_1192,2024-09,2153.06,3675.07,-1522.01
1175,Household_Trash Bags_1175,2024-12,4451.6,5972.21,-1520.61
1130,Snacks_Nuts_1130,2022-03,1213.92,2734.08,-1520.16
1035,Electronics_Batteries_1035,2025-06,24737.45,26255.66,-1518.21
1067,Grocery_Cereals_1067,2025-02,8408.57,9926.37,-1517.8
1196,Grocery_Pasta_1196,2024-03,4468.63,5985.87,-1517.24
1132,Dairy_Butter_1132,2022-02,5359.98,6877.16,-1517.18
1193,Beverages_Tea_1193,2022-02,1910.36,3425.53,-1515.17
1004,Beverages_Juices_1004,2024-03,3159.71,4672.96,-1513.25
1086,Grocery_Rice_1086,2022-09,1159.62,2672.46,-1512.84
1082,Household_Detergent_1082,2023-05,5046.58,6559.1,-1512.52
1124,Dairy_Cheese_1124,2024-03,3269.36,4781.53,-1512.17
1062,Personal Care_Deodorant_1062,2022-11,1700.25,3209.8,-1509.55
1111,Snacks_Nuts_1111,2023-03,863.2,2369.73,-1506.53
1113,Dairy_Cheese_1113,2024-02,3794.94,5301.26,-1506.32
1083,Dairy_Cheese_1083,2023-03,1142.48,2645.6,-1503.12
1126,Beverages_Soft Drinks_1126,2022-03,2004.6,3506.03,-1501.43
1076,Snacks_Chocolates_1076,2025-02,3839.84,5339.84,-1500.0
1131,Snacks_Crackers_1131,2023-03,2100.2,3599.65,-1499.45
1197,Electronics_Mobile Accessories_1197,2021-03,1476.72,2975.29,-1498.57
1044,Snacks_Biscuits_1044,2023-09,1525.3,3023.41,-1498.11
1166,Grocery_Spices_1166,2021-12,3754.26,5251.09,-1496.83
1188,Grocery_Spices_1188,2025-09,1732.3,3228.62,-1496.32
1113,Dairy_Cheese_1113,2022-11,1462.9,2958.93,-1496.03
1164,Electronics_Cables_1164,2024-07,24493.08,25988.07,-1494.99
1113,Dairy_Cheese_1113,2023-02,3420.77,4915.08,-1494.31
1094,Grocery_Rice_1094,2024-09,2162.0,3656.13,-1494.13
1008,Personal Care_Shampoo_1008,2024-10,2768.22,4262.18,-1493.96
1089,Electronics_Mobile Accessories_1089,2024-05,7979.95,9471.02,-1491.07
1125,Personal Care_Toothpaste_1125,2022-03,1860.93,3351.21,-1490.28
1113,Dairy_Cheese_1113,2025-09,2073.78,3563.28,-1489.5
1078,Electronics_Cables_1078,2022-12,16655.6,18145.07,-1489.47
1012,Beverages_Juices_1012,2021-06,1240.8,2730.26,-1489.46
1124,Dairy_Cheese_1124,2024-09,2054.94,3543.45,-1488.51
1018,Personal Care_Deodorant_1018,2023-11,4469.43,5957.28,-1487.85
1052,Snacks_Crackers_1052,2025-09,1384.44,2872.21,-1487.77
1004,Beverages_Juices_1004,2021-06,3201.78,4688.06,-1486.28
1159,Electronics_Batteries_1159,2024-02,33988.97,35475.12,-1486.15
1062,Personal Care_Deodorant_1062,2022-08,3353.82,4838.24,-1484.42
1116,Personal Care_Skincare_1116,2022-10,4843.44,6327.72,-1484.28
1108,Dairy_Butter_1108,2025-03,7131.94,8614.82,-1482.88
1189,Electronics_Batteries_1189,2021-10,5303.32,6785.13,-1481.81
1171,Personal Care_Toothpaste_1171,2023-02,5881.35,7362.92,-1481.57
1175,Household_Trash Bags_1175,2021-08,8488.61,9969.89,-1481.28
1051,Electronics_Cables_1051,2025-02,12917.12,14396.06,-1478.94
1126,Beverages_Soft Drinks_1126,2025-09,2544.3,4020.51,-1476.21
1077,Household_Cleaning Supplies_1077,2023-02,8054.28,9529.4,-1475.12
1066,Household_Cleaning Supplies_1066,2024-06,4748.55,6222.5,-1473.95
1015,Dairy_Cream_1015,2025-02,4704.77,6177.83,-1473.06
1016,Grocery_Rice_1016,2024-09,1691.28,3163.14,-1471.86
1188,Grocery_Spices_1188,2022-03,1874.96,3345.62,-1470.66
1124,Dairy_Cheese_1124,2022-09,2054.94,3524.96,-1470.02
1094,Grocery_Rice_1094,2025-03,3321.26,4790.49,-1469.23
1063,Snacks_Chocolates_1063,2021-03,1492.24,2961.1,-1468.86
1083,Dairy_Cheese_1083,2023-09,999.36,2468.08,-1468.72
1154,Household_Cleaning Supplies_1154,2021-09,1191.75,2660.37,-1468.62
1069,Grocery_Spices_1069,2024-02,6349.05,7817.31,-1468.26
1138,Household_Cleaning Supplies_1138,2024-03,6331.5,7799.62,-1468.12
1181,Personal Care_Soap_1181,2024-03,4797.2,6264.82,-1467.62
1145,Household_Trash Bags_1145,2022-09,584.46,2049.99,-1465.53
1144,Household_Detergent_1144,2025-04,1148.84,2613.32,-1464.48
1011,Personal Care_Shampoo_1011,2023-02,3463.13,4926.5,-1463.37
1144,Household_Detergent_1144,2025-09,780.84,2243.76,-1462.92
1030,Dairy_Cream_1030,2025-02,3162.91,4623.92,-1461.01
1126,Beverages_Soft Drinks_1126,2023-03,2712.89,4173.74,-1460.85
1132,Dairy_Butter_1132,2023-06,3791.02,5251.78,-1460.76
1084,Household_Paper Products_1084,2022-06,5315.79,6776.48,-1460.69
1147,Snacks_Crackers_1147,2024-09,1762.9,3222.93,-1460.03
1036,Electronics_Mobile Accessories_1036,2025-06,8114.72,9574.36,-1459.64
1130,Snacks_Nuts_1130,2023-03,1648.94,3107.4,-1458.46
1174,Electronics_Mobile Accessories_1174,2021-02,44298.06,45755.83,-1457.77
1050,Snacks_Chips_1050,2021-03,1409.36,2865.48,-1456.12
1008,Personal Care_Shampoo_1008,2022-02,7338.52,8794.16,-1455.64
1021,Grocery_Canned Goods_1021,2021-02,5452.05,6906.6,-1454.55
1023,Personal Care_Toothpaste_1023,2025-02,9202.1,10656.5,-1454.4
1083,Dairy_Cheese_1083,2025-09,1054.88,2508.88,-1454.0
1004,Beverages_Juices_1004,2025-04,1711.58,3163.63,-1452.05
1150,Electronics_Batteries_1150,2025-07,14966.49,16417.78,-1451.29
1038,Electronics_Cables_1038,2021-11,7385.47,8835.92,-1450.45
1099,Personal Care_Toothpaste_1099,2024-08,6567.26,8017.64,-1450.38
1101,Snacks_Crackers_1101,2023-02,3658.21,5106.6,-1448.39
1030,Dairy_Cream_1030,2023-03,2337.97,3786.3,-1448.33
1132,Dairy_Butter_1132,2024-06,3386.57,4834.42,-1447.85
1148,Household_Cleaning Supplies_1148,2021-06,8470.38,9916.7,-1446.32
1122,Dairy_Yogurt_1122,2021-08,4603.17,6048.79,-1445.62
1083,Dairy_Cheese_1083,2022-09,1096.52,2540.75,-1444.23
1076,Snacks_Chocolates_1076,2021-08,2464.99,3909.14,-1444.15
1057,Beverages_Tea_1057,2024-03,3064.14,4507.51,-1443.37
1076,Snacks_Chocolates_1076,2023-09,1614.24,3057.51,-1443.27
1154,Household_Cleaning Supplies_1154,2025-04,921.62,2363.54,-1441.92
1142,Electronics_Mobile Accessories_1142,2023-09,922.76,2362.74,-1439.98
1073,Electronics_Chargers_1073,2023-08,14122.7,15562.48,-1439.78
1030,Dairy_Cream_1030,2023-09,1102.0,2540.61,-1438.61
1002,Dairy_Cream_1002,2022-03,1098.4,2536.88,-1438.48
1034,Household_Cleaning Supplies_1034,2021-08,8055.18,9491.82,-1436.64
1195,Snacks_Chocolates_1195,2025-04,1379.02,2815.02,-1436.0
1031,Snacks_Chips_1031,2021-03,1206.33,2642.3,-1435.97
1047,Household_Detergent_1047,2025-09,3322.12,4757.56,-1435.44
1170,Dairy_Yogurt_1170,2024-09,2215.2,3650.39,-1435.19
1170,Dairy_Yogurt_1170,2022-08,2357.06,3791.63,-1434.57
1031,Snacks_Chips_1031,2021-06,1404.84,2836.81,-1431.97
1049,Electronics_Batteries_1049,2024-02,24772.39,26203.95,-1431.56
1019,Electronics_Cables_1019,2025-06,23781.3,25211.34,-1430.04
1033,Household_Paper Products_1033,2025-03,3999.7,5427.29,-1427.59
1151,Electronics_Cables_1151,2022-10,11703.86,13131.16,-1427.3
1151,Electronics_Cables_1151,2024-11,12560.24,13987.54,-1427.3
1057,Beverages_Tea_1057,2024-08,3636.24,5061.68,-1425.44
1075,Snacks_Crackers_1075,2022-09,1296.89,2721.62,-1424.73
1058,Personal Care_Soap_1058,2024-06,4662.5,6084.45,-1421.95
1059,Electronics_Cables_1059,2021-09,1783.32,3205.19,-1421.87
1100,Electronics_Mobile Accessories_1100,2025-09,1657.11,3077.07,-1419.96
1102,Snacks_Biscuits_1102,2022-09,1895.52,3314.53,-1419.01
1081,Snacks_Nuts_1081,2024-09,684.08,2102.72,-1418.64
1165,Personal Care_Skincare_1165,2021-03,1747.3,3164.04,-1416.74
1170,Dairy_Yogurt_1170,2025-02,3988.06,5404.56,-1416.5
1102,Snacks_Biscuits_1102,2024-02,2755.37,4171.4,-1416.03
1172,Electronics_Chargers_1172,2023-08,17158.18,18574.03,-1415.85
1184,Snacks_Chocolates_1184,2024-09,2285.82,3701.36,-1415.54
1152,Personal Care_Toothpaste_1152,2024-09,5070.36,6485.51,-1415.15
1092,Household_Detergent_1092,2025-04,1872.65,3287.62,-1414.97
1028,Household_Paper Products_1028,2021-02,6741.38,8155.23,-1413.85
1113,Dairy_Cheese_1113,2024-09,2529.0,3941.6,-1412.6
1047,Household_Detergent_1047,2021-08,5930.8,7342.52,-1411.72
1076,Snacks_Chocolates_1076,2023-03,2194.6,3605.66,-1411.06
1155,Electronics_Mobile Accessories_1155,2023-03,2444.4,3855.04,-1410.64
1011,Personal Care_Shampoo_1011,2024-09,1466.64,2876.63,-1409.99
1109,Electronics_Batteries_1109,2024-03,4369.36,5779.11,-1409.75
1039,Beverages_Soft Drinks_1039,2025-08,3597.68,5006.94,-1409.26
1011,Personal Care_Shampoo_1011,2021-02,3590.94,5000.04,-1409.1
1113,Dairy_Cheese_1113,2021-06,2781.9,4190.32,-1408.42
1120,Grocery_Cereals_1120,2023-07,5461.2,6869.4,-1408.2
1118,Dairy_Milk_1118,2023-03,2455.32,3863.35,-1408.03
1179,Household_Cleaning Supplies_1179,2022-08,3581.63,4988.08,-1406.45
1004,Beverages_Juices_1004,2022-02,3529.44,4935.03,-1405.59
1196,Grocery_Pasta_1196,2022-06,3113.76,4517.25,-1403.49
1100,Electronics_Mobile Accessories_1100,2024-08,1725.26,3126.21,-1400.95
1032,Snacks_Chocolates_1032,2022-09,788.32,2189.26,-1400.94
1048,Snacks_Biscuits_1048,2021-03,1192.82,2592.06,-1399.24
1063,Snacks_Chocolates_1063,2021-09,1102.96,2501.96,-1399.0
1124,Dairy_Cheese_1124,2021-06,3259.56,4656.2,-1396.64
1127,Grocery_Rice_1127,2023-03,2054.35,3450.43,-1396.08
1011,Personal Care_Shampoo_1011,2025-02,2961.79,4357.25,-1395.46
1110,Grocery_Canned Goods_1110,2025-03,1846.96,3242.03,-1395.07
1119,Grocery_Pasta_1119,2023-02,5904.52,7297.65,-1393.13
1029,Grocery_Canned Goods_1029,2023-02,5219.24,6611.41,-1392.17
1152,Personal Care_Toothpaste_1152,2025-02,7921.85,9312.43,-1390.58
1148,Household_Cleaning Supplies_1148,2022-06,6165.15,7555.7,-1390.55
1029,Grocery_Canned Goods_1029,2024-03,3638.87,5029.4,-1390.53
1030,Dairy_Cream_1030,2021-09,1873.4,3263.7,-1390.3
1190,Dairy_Milk_1190,2024-03,2841.21,4229.49,-1388.28
1193,Beverages_Tea_1193,2025-04,776.17,2163.96,-1387.79
1044,Snacks_Biscuits_1044,2022-09,1721.41,3107.6,-1386.19
1077,Household_Cleaning Supplies_1077,2023-08,6205.14,7591.25,-1386.11
1190,Dairy_Milk_1190,2022-03,2188.08,3572.68,-1384.6
1162,Dairy_Yogurt_1162,2025-09,2270.4,3654.55,-1384.15
1181,Personal Care_Soap_1181,2021-08,5890.82,7274.25,-1383.43
1099,Personal Care_Toothpaste_1099,2022-06,4984.0,6363.95,-1379.95
1084,Household_Paper Products_1084,2024-07,5967.96,7346.79,-1378.83
1147,Snacks_Crackers_1147,2025-09,2177.7,3555.06,-1377.36
1139,Dairy_Cream_1139,2022-03,1612.41,2987.54,-1375.13
1006,Beverages_Coffee_1006,2023-03,1067.7,2442.57,-1374.87
1004,Beverages_Juices_1004,2022-05,2905.59,4280.32,-1374.73
1155,Electronics_Mobile Accessories_1155,2024-03,2737.18,4111.89,-1374.71
1110,Grocery_Canned Goods_1110,2022-02,2714.5,4088.49,-1373.99
1155,Electronics_Mobile Accessories_1155,2023-09,1487.2,2860.64,-1373.44
1018,Personal Care_Deodorant_1018,2025-02,9232.24,10604.85,-1372.61
1012,Beverages_Juices_1012,2022-09,860.1,2232.59,-1372.49
1077,Household_Cleaning Supplies_1077,2023-05,5236.0,6608.19,-1372.19
1126,Beverages_Soft Drinks_1126,2023-02,4173.74,5545.93,-1372.19
1059,Electronics_Cables_1059,2025-09,1910.7,3282.86,-1372.16
1062,Personal Care_Deodorant_1062,2023-05,2976.36,4346.86,-1370.5
1019,Electronics_Cables_1019,2022-11,20875.63,22245.3,-1369.67
1127,Grocery_Rice_1127,2024-03,2739.51,4108.66,-1369.15
1086,Grocery_Rice_1086,2023-03,1223.5,2590.68,-1367.18
1064,Snacks_Biscuits_1064,2022-03,1538.16,2905.05,-1366.89
1155,Electronics_Mobile Accessories_1155,2021-06,2196.48,3559.67,-1363.19
1092,Household_Detergent_1092,2025-02,4854.34,6217.13,-1362.79
1053,Snacks_Crackers_1053,2021-03,978.6,2341.2,-1362.6
1018,Personal Care_Deodorant_1018,2022-06,5846.96,7208.72,-1361.76
1179,Household_Cleaning Supplies_1179,2022-09,2220.68,3581.63,-1360.95
1005,Household_Paper Products_1005,2023-09,1203.6,2564.38,-1360.78
1147,Snacks_Crackers_1147,2022-05,2667.78,4027.91,-1360.13
1036,Electronics_Mobile Accessories_1036,2023-08,10178.98,11539.06,-1360.08
1156,Personal Care_Soap_1156,2024-04,3454.87,4814.28,-1359.41
1061,Personal Care_Skincare_1061,2023-09,3713.58,5072.21,-1358.63
1121,Grocery_Rice_1121,2025-03,4425.28,5782.3,-1357.02
1110,Grocery_Canned Goods_1110,2024-02,2956.62,4313.02,-1356.4
1041,Snacks_Nuts_1041,2025-04,1375.17,2730.04,-1354.87
1138,Household_Cleaning Supplies_1138,2021-06,6155.24,7510.06,-1354.82
1007,Personal Care_Shampoo_1007,2023-07,7121.64,8474.76,-1353.12
1196,Grocery_Pasta_1196,2022-02,5000.46,6351.81,-1351.35
1163,Household_Paper Products_1163,2024-09,3701.61,5052.45,-1350.84
1143,Dairy_Cheese_1143,2023-09,1032.6,2383.37,-1350.77
1175,Household_Trash Bags_1175,2024-06,9061.58,10412.16,-1350.58
1154,Household_Cleaning Supplies_1154,2023-03,1300.39,2650.69,-1350.3
1107,Electronics_Mobile Accessories_1107,2022-11,13762.71,15112.38,-1349.67
1115,Household_Paper Products_1115,2023-11,3868.89,5217.96,-1349.07
1057,Beverages_Tea_1057,2023-05,3178.92,4526.9,-1347.98
1030,Dairy_Cream_1030,2024-04,2068.94,3416.45,-1347.51
1117,Snacks_Crackers_1117,2025-09,636.16,1982.37,-1346.21
1115,Household_Paper Products_1115,2022-06,5129.52,6475.41,-1345.89
1057,Beverages_Tea_1057,2022-02,3588.59,4933.88,-1345.29
1004,Beverages_Juices_1004,2022-03,2184.16,3529.44,-1345.28
1147,Snacks_Crackers_1147,2025-04,2032.52,3377.33,-1344.81
1120,Grocery_Cereals_1120,2025-03,5516.31,6861.08,-1344.77
1021,Grocery_Canned Goods_1021,2024-03,3284.1,4628.81,-1344.71
1061,Personal Care_Skincare_1061,2023-05,7857.72,9201.96,-1344.24
1048,Snacks_Biscuits_1048,2023-09,915.42,2259.01,-1343.59
1175,Household_Trash Bags_1175,2025-04,5590.86,6934.42,-1343.56
1187,Personal Care_Skincare_1187,2023-06,7149.27,8490.65,-1341.38
1103,Dairy_Milk_1103,2022-11,4302.34,5643.33,-1340.99
1058,Personal Care_Soap_1058,2023-05,4236.58,5577.06,-1340.48
1010,Grocery_Rice_1010,2021-03,1527.99,2868.32,-1340.33
1060,Household_Detergent_1060,2022-11,2706.45,4046.74,-1340.29
1008,Personal Care_Shampoo_1008,2021-06,5887.96,7227.06,-1339.1
1052,Snacks_Crackers_1052,2023-05,1317.72,2656.76,-1339.04
1094,Grocery_Rice_1094,2025-08,3227.02,4566.05,-1339.03
1151,Electronics_Cables_1151,2025-07,17234.85,18572.78,-1337.93
1126,Beverages_Soft Drinks_1126,2024-02,3616.88,4954.78,-1337.9
1188,Grocery_Spices_1188,2025-04,1577.24,2914.96,-1337.72
1167,Grocery_Rice_1167,2024-02,8172.12,9509.13,-1337.01
1077,Household_Cleaning Supplies_1077,2022-02,6223.7,7559.48,-1335.78
1193,Beverages_Tea_1193,2022-09,776.72,2110.09,-1333.37
1112,Household_Paper Products_1112,2025-04,611.41,1942.19,-1330.78
1130,Snacks_Nuts_1130,2024-02,2870.4,4200.69,-1330.29
1103,Dairy_Milk_1103,2022-12,2974.45,4302.34,-1327.89
1005,Household_Paper Products_1005,2024-09,1593.0,2919.62,-1326.62
1096,Electronics_Mobile Accessories_1096,2023-04,11780.36,13105.33,-1324.97
1143,Dairy_Cheese_1143,2023-03,1749.31,3073.69,-1324.38
1194,Dairy_Butter_1194,2022-09,712.62,2036.66,-1324.04
1004,Beverages_Juices_1004,2021-09,2482.0,3803.6,-1321.6
1181,Personal Care_Soap_1181,2025-07,4641.75,5962.86,-1321.11
1057,Beverages_Tea_1057,2022-05,2633.43,3953.97,-1320.54
1182,Beverages_Tea_1182,2022-09,1037.48,2354.65,-1317.17
1057,Beverages_Tea_1057,2023-03,2298.46,3614.93,-1316.47
1013,Grocery_Cereals_1013,2021-09,2636.62,3952.99,-1316.37
1136,Personal Care_Shampoo_1136,2023-05,6571.61,7887.81,-1316.2
1143,Dairy_Cheese_1143,2025-02,2700.63,4016.79,-1316.16
1131,Snacks_Crackers_1131,2023-09,1760.25,3075.86,-1315.61
1131,Snacks_Crackers_1131,2022-06,2135.77,3450.06,-1314.29
1116,Personal Care_Skincare_1116,2022-05,10804.97,12118.37,-1313.4
1130,Snacks_Nuts_1130,2021-09,1197.06,2510.13,-1313.07
1008,Personal Care_Shampoo_1008,2025-03,6749.38,8061.99,-1312.61
1189,Electronics_Batteries_1189,2023-11,6955.3,8266.94,-1311.64
1101,Snacks_Crackers_1101,2023-09,1968.68,3279.84,-1311.16
1095,Snacks_Chocolates_1095,2025-04,1902.45,3211.15,-1308.7
1191,Dairy_Butter_1191,2024-09,603.9,1912.58,-1308.68
1031,Snacks_Chips_1031,2025-09,1191.06,2499.61,-1308.55
1080,Snacks_Chips_1080,2021-06,2692.25,3999.35,-1307.1
1167,Grocery_Rice_1167,2025-03,7157.56,8464.33,-1306.77
1052,Snacks_Crackers_1052,2025-04,1033.18,2339.39,-1306.21
1090,Dairy_Cheese_1090,2022-11,2824.35,4129.02,-1304.67
1192,Dairy_Milk_1192,2025-09,1779.57,3082.96,-1303.39
1182,Beverages_Tea_1182,2021-09,1233.76,2536.91,-1303.15
1044,Snacks_Biscuits_1044,2024-03,2817.39,4120.16,-1302.77
1080,Snacks_Chips_1080,2025-09,1757.75,3060.23,-1302.48
1121,Grocery_Rice_1121,2023-05,3506.8,4805.75,-1298.95
1046,Household_Paper Products_1046,2022-06,7855.65,9153.96,-1298.31
1043,Electronics_Batteries_1043,2022-05,1867.23,3164.45,-1297.22
1128,Grocery_Spices_1128,2023-09,2312.46,3609.18,-1296.72
1039,Beverages_Soft Drinks_1039,2023-09,1684.15,2980.82,-1296.67
1161,Electronics_Batteries_1161,2021-08,14037.63,15332.37,-1294.74
1131,Snacks_Crackers_1131,2021-09,2088.83,3382.89,-1294.06
1082,Household_Detergent_1082,2023-09,4555.32,5848.82,-1293.5
1058,Personal Care_Soap_1058,2022-02,6580.04,7872.86,-1292.82
1031,Snacks_Chips_1031,2022-09,1313.22,2606.03,-1292.81
1143,Dairy_Cheese_1143,2021-06,1686.58,2978.23,-1291.65
1063,Snacks_Chocolates_1063,2023-09,1167.84,2459.24,-1291.4
1094,Grocery_Rice_1094,2021-09,2162.0,3453.33,-1291.33
1031,Snacks_Chips_1031,2022-03,1191.06,2482.09,-1291.03
1016,Grocery_Rice_1016,2021-09,1924.56,3215.34,-1290.78
1185,Personal Care_Toothpaste_1185,2023-11,6372.07,7661.61,-1289.54
1090,Dairy_Cheese_1090,2023-11,2220.16,3507.84,-1287.68
1149,Electronics_Chargers_1149,2023-05,13568.98,14855.89,-1286.91
1088,Household_Cleaning Supplies_1088,2023-09,1311.92,2598.64,-1286.72
1005,Household_Paper Products_1005,2021-03,1823.1,3108.42,-1285.32
1067,Grocery_Cereals_1067,2025-03,7125.28,8408.57,-1283.29
1138,Household_Cleaning Supplies_1138,2025-02,8738.59,10021.59,-1283.0
1008,Personal Care_Shampoo_1008,2024-04,4997.63,6279.77,-1282.14
1113,Dairy_Cheese_1113,2025-03,3188.01,4469.46,-1281.45
1167,Grocery_Rice_1167,2023-03,4411.47,5692.06,-1280.59
1179,Household_Cleaning Supplies_1179,2021-02,3760.89,5041.13,-1280.24
1111,Snacks_Nuts_1111,2021-03,1281.12,2561.12,-1280.0
1012,Beverages_Juices_1012,2024-03,1341.83,2621.77,-1279.94
1063,Snacks_Chocolates_1063,2022-09,1362.48,2641.78,-1279.3
1081,Snacks_Nuts_1081,2021-03,814.86,2092.83,-1277.97
1020,Beverages_Juices_1020,2021-09,846.6,2124.0,-1277.4
1197,Electronics_Mobile Accessories_1197,2022-09,1617.36,2894.71,-1277.35
1165,Personal Care_Skincare_1165,2024-09,1141.8,2418.71,-1276.91
1155,Electronics_Mobile Accessories_1155,2022-09,2082.08,3358.83,-1276.75
1101,Snacks_Crackers_1101,2021-08,3681.1,4957.2,-1276.1
1144,Household_Detergent_1144,2023-03,1403.81,2679.51,-1275.7
1126,Beverages_Soft Drinks_1126,2025-08,4020.51,5295.74,-1275.23
1153,Electronics_Batteries_1153,2022-11,12225.99,13500.48,-1274.49
1048,Snacks_Biscuits_1048,2021-09,943.16,2216.97,-1273.81
1163,Household_Paper Products_1163,2023-09,3552.05,4824.63,-1272.58
1033,Household_Paper Products_1033,2021-06,3244.0,4515.86,-1271.86
1154,Household_Cleaning Supplies_1154,2023-09,1175.86,2446.9,-1271.04
1040,Electronics_Mobile Accessories_1040,2022-10,6520.36,7790.56,-1270.2
1040,Electronics_Mobile Accessories_1040,2024-10,6605.04,7875.24,-1270.2
1073,Electronics_Chargers_1073,2021-08,19341.26,20610.98,-1269.72
1198,Dairy_Cheese_1198,2022-05,2712.45,3981.8,-1269.35
1041,Snacks_Nuts_1041,2021-03,1224.64,2493.92,-1269.28
1084,Household_Paper Products_1084,2024-03,8887.98,10157.21,-1269.23
1043,Electronics_Batteries_1043,2021-09,1829.1,3098.26,-1269.16
1168,Snacks_Chips_1168,2023-03,2178.24,3447.36,-1269.12
1064,Snacks_Biscuits_1064,2023-09,1308.32,2577.28,-1268.96
1111,Snacks_Nuts_1111,2024-03,1311.46,2579.4,-1267.94
1029,Grocery_Canned Goods_1029,2023-06,2303.42,3571.2,-1267.78
1069,Grocery_Spices_1069,2023-02,5784.91,7050.77,-1265.86
1113,Dairy_Cheese_1113,2021-09,2301.39,3567.06,-1265.67
1170,Dairy_Yogurt_1170,2023-09,1938.3,3203.52,-1265.22
1030,Dairy_Cream_1030,2021-02,3414.06,4678.99,-1264.93
1012,Beverages_Juices_1012,2025-04,1218.38,2482.87,-1264.49
1116,Personal Care_Skincare_1116,2024-04,9106.76,10370.08,-1263.32
1022,Household_Cleaning Supplies_1022,2023-11,4218.8,5482.0,-1263.2
1023,Personal Care_Toothpaste_1023,2023-08,7731.78,8994.36,-1262.58
1142,Electronics_Mobile Accessories_1142,2021-06,1610.92,2871.48,-1260.56
1148,Household_Cleaning Supplies_1148,2022-11,4100.79,5361.0,-1260.21
1163,Household_Paper Products_1163,2023-08,4824.63,6083.9,-1259.27
1133,Electronics_Mobile Accessories_1133,2024-02,5843.58,7102.08,-1258.5
1018,Personal Care_Deodorant_1018,2022-02,8391.22,9649.55,-1258.33
1108,Dairy_Butter_1108,2023-10,2634.44,3892.68,-1258.24
1029,Grocery_Canned Goods_1029,2021-06,3208.5,4466.72,-1258.22
1078,Electronics_Cables_1078,2022-10,16714.89,17973.0,-1258.11
1018,Personal Care_Deodorant_1018,2023-06,7016.36,8274.0,-1257.64
1127,Grocery_Rice_1127,2023-09,1675.26,2932.6,-1257.34
1139,Dairy_Cream_1139,2021-06,3224.82,4481.42,-1256.6
1101,Snacks_Crackers_1101,2024-03,3097.37,4353.32,-1255.95
1162,Dairy_Yogurt_1162,2025-07,3161.4,4415.4,-1254.0
1103,Dairy_Milk_1103,2023-11,2469.88,3723.83,-1253.95
1007,Personal Care_Shampoo_1007,2022-05,7869.48,9122.54,-1253.06
1090,Dairy_Cheese_1090,2023-05,5334.84,6585.58,-1250.74
1037,Electronics_Cables_1037,2021-10,16785.58,18035.57,-1249.99
1002,Dairy_Cream_1002,2025-09,878.72,2128.11,-1249.39
1094,Grocery_Rice_1094,2021-06,2867.0,4115.36,-1248.36
1197,Electronics_Mobile Accessories_1197,2021-09,1582.2,2830.2,-1248.0
1142,Electronics_Mobile Accessories_1142,2022-09,1204.28,2451.27,-1246.99
1154,Household_Cleaning Supplies_1154,2025-09,1747.9,2994.06,-1246.16
1019,Electronics_Cables_1019,2021-02,44912.58,46158.35,-1245.77
1080,Snacks_Chips_1080,2023-02,3877.07,5121.8,-1244.73
1005,Household_Paper Products_1005,2024-03,2128.98,3372.9,-1243.92
1046,Household_Paper Products_1046,2022-11,4809.23,6051.76,-1242.53
1166,Grocery_Spices_1166,2023-03,5792.29,7034.72,-1242.43
1109,Electronics_Batteries_1109,2021-08,5824.13,7066.55,-1242.42
1025,Household_Detergent_1025,2024-09,652.96,1895.38,-1242.42
1148,Household_Cleaning Supplies_1148,2022-08,6905.04,8147.35,-1242.31
1155,Electronics_Mobile Accessories_1155,2022-02,2952.95,4194.19,-1241.24
1082,Household_Detergent_1082,2021-07,5726.2,6966.96,-1240.76
1155,Electronics_Mobile Accessories_1155,2023-08,2860.64,4099.6,-1238.96
1022,Household_Cleaning Supplies_1022,2023-06,5503.96,6742.86,-1238.9
1122,Dairy_Yogurt_1122,2022-06,2938.8,4175.15,-1236.35
1133,Electronics_Mobile Accessories_1133,2023-03,3969.93,5206.09,-1236.16
1011,Personal Care_Shampoo_1011,2023-09,1629.6,2865.16,-1235.56
1085,Personal Care_Skincare_1085,2024-02,4130.62,5365.9,-1235.28
1030,Dairy_Cream_1030,2021-06,2755.0,3988.93,-1233.93
1132,Dairy_Butter_1132,2023-03,3744.99,4978.02,-1233.03
1116,Personal Care_Skincare_1116,2023-03,10218.16,11451.04,-1232.88
1154,Household_Cleaning Supplies_1154,2022-03,1382.43,2614.13,-1231.7
1023,Personal Care_Toothpaste_1023,2023-05,6933.48,8164.97,-1231.49
1015,Dairy_Cream_1015,2024-04,2817.54,4048.73,-1231.19
1067,Grocery_Cereals_1067,2023-02,7152.91,8384.05,-1231.14
1168,Snacks_Chips_1168,2025-09,1720.8,2951.92,-1231.12
1076,Snacks_Chocolates_1076,2022-03,1905.7,3136.41,-1230.71
1134,Household_Paper Products_1134,2022-09,1134.06,2364.69,-1230.63
1100,Electronics_Mobile Accessories_1100,2024-03,1637.24,2867.76,-1230.52
1157,Household_Cleaning Supplies_1157,2025-04,1243.55,2473.98,-1230.43
1102,Snacks_Biscuits_1102,2021-06,1873.98,3103.94,-1229.96
1076,Snacks_Chocolates_1076,2022-09,2107.48,3337.37,-1229.89
1117,Snacks_Crackers_1117,2021-09,844.9,2074.23,-1229.33
1115,Household_Paper Products_1115,2024-12,4154.39,5381.12,-1226.73
1182,Beverages_Tea_1182,2022-03,1205.72,2432.01,-1226.29
1034,Household_Cleaning Supplies_1034,2021-06,6676.96,7902.57,-1225.61
1048,Snacks_Biscuits_1048,2024-08,1796.28,3020.24,-1223.96
1092,Household_Detergent_1092,2022-05,3354.58,4575.36,-1220.78
1189,Electronics_Batteries_1189,2025-03,11035.27,12255.58,-1220.31
1146,Snacks_Chocolates_1146,2022-02,2944.8,4164.8,-1220.0
1101,Snacks_Crackers_1101,2022-09,1968.68,3188.4,-1219.72
1147,Snacks_Crackers_1147,2022-09,1700.68,2919.71,-1219.03
1149,Electronics_Chargers_1149,2023-07,9309.56,10527.87,-1218.31
1007,Personal Care_Shampoo_1007,2024-06,7324.6,8542.02,-1217.42
1152,Personal Care_Toothpaste_1152,2022-06,6149.16,7366.31,-1217.15
1005,Household_Paper Products_1005,2021-02,3108.42,4324.8,-1216.38
1106,Snacks_Chocolates_1106,2024-09,767.04,1982.96,-1215.92
1123,Beverages_Water_1123,2023-03,989.92,2205.49,-1215.57
1032,Snacks_Chocolates_1032,2025-02,2158.64,3371.72,-1213.08
1011,Personal Care_Shampoo_1011,2023-03,2250.58,3463.13,-1212.55
1193,Beverages_Tea_1193,2023-09,929.29,2141.37,-1212.08
1067,Grocery_Cereals_1067,2025-08,7267.24,8478.67,-1211.43
1077,Household_Cleaning Supplies_1077,2023-06,4025.06,5236.0,-1210.94
1034,Household_Cleaning Supplies_1034,2025-10,4547.24,5756.0,-1208.76
1076,Snacks_Chocolates_1076,2024-02,3209.46,4416.86,-1207.4
1052,Snacks_Crackers_1052,2024-09,1417.8,2625.05,-1207.25
1113,Dairy_Cheese_1113,2024-11,1726.49,2933.64,-1207.15
1038,Electronics_Cables_1038,2024-11,7331.33,8538.08,-1206.75
1087,Snacks_Crackers_1087,2023-02,1084.23,2289.99,-1205.76
1108,Dairy_Butter_1108,2023-03,4197.91,5402.92,-1205.01
1131,Snacks_Crackers_1131,2022-02,2855.82,4060.04,-1204.22
1031,Snacks_Chips_1031,2023-03,1251.57,2455.53,-1203.96
1041,Snacks_Nuts_1041,2021-09,1183.36,2387.3,-1203.94
1190,Dairy_Milk_1190,2022-09,2005.74,3209.42,-1203.68
1142,Electronics_Mobile Accessories_1142,2022-03,969.68,2172.98,-1203.3
1196,Grocery_Pasta_1196,2024-04,3266.53,4468.63,-1202.1
1197,Electronics_Mobile Accessories_1197,2022-02,2717.97,3919.74,-1201.77
1094,Grocery_Rice_1094,2023-05,2303.0,3504.15,-1201.15
1069,Grocery_Spices_1069,2022-03,3485.3,4684.16,-1198.86
1009,Electronics_Batteries_1009,2022-08,13959.49,15157.11,-1197.62
1015,Dairy_Cream_1015,2023-03,3456.25,4653.76,-1197.51
1047,Household_Detergent_1047,2021-02,6155.78,7353.19,-1197.41
1090,Dairy_Cheese_1090,2024-08,5168.22,6365.26,-1197.04
1069,Grocery_Spices_1069,2025-02,6091.31,7287.27,-1195.96
1032,Snacks_Chocolates_1032,2022-03,1182.48,2378.23,-1195.75
1151,Electronics_Cables_1151,2022-03,14273.0,15468.56,-1195.56
1002,Dairy_Cream_1002,2021-09,947.37,2142.15,-1194.78
1124,Dairy_Cheese_1124,2023-02,3626.9,4819.63,-1192.73
1077,Household_Cleaning Supplies_1077,2024-10,3236.8,4426.8,-1190.0
1044,Snacks_Biscuits_1044,2021-08,3370.16,4557.96,-1187.8
1015,Dairy_Cream_1015,2022-06,2821.52,4008.51,-1186.99
1048,Snacks_Biscuits_1048,2022-02,2223.24,3409.05,-1185.81
1050,Snacks_Chips_1050,2025-04,1123.21,2307.77,-1184.56
1165,Personal Care_Skincare_1165,2022-03,1435.9,2620.35,-1184.45
1195,Snacks_Chocolates_1195,2023-09,1652.68,2837.04,-1184.36
1066,Household_Cleaning Supplies_1066,2023-11,3097.58,4281.08,-1183.5
1080,Snacks_Chips_1080,2022-06,2136.0,3319.44,-1183.44
1148,Household_Cleaning Supplies_1148,2024-08,7456.7,8639.91,-1183.21
1094,Grocery_Rice_1094,2025-09,2044.5,3227.02,-1182.52
1010,Grocery_Rice_1010,2022-09,1182.96,2365.36,-1182.4
1103,Dairy_Milk_1103,2024-02,7355.32,8536.95,-1181.63
1049,Electronics_Batteries_1049,2021-10,8034.88,9216.48,-1181.6
1170,Dairy_Yogurt_1170,2025-04,2000.5,3182.01,-1181.51
1139,Dairy_Cream_1139,2024-03,2716.63,3897.67,-1181.04
1070,Grocery_Canned Goods_1070,2024-03,5707.92,6887.95,-1180.03
1139,Dairy_Cream_1139,2023-09,1385.31,2563.65,-1178.34
1164,Electronics_Cables_1164,2022-10,11774.4,12951.84,-1177.44
1086,Grocery_Rice_1086,2025-09,888.54,2064.99,-1176.45
1117,Snacks_Crackers_1117,2024-09,636.16,1809.96,-1173.8
1084,Household_Paper Products_1084,2025-03,6076.05,7249.21,-1173.16
1099,Personal Care_Toothpaste_1099,2023-03,5839.18,7011.89,-1172.71
1109,Electronics_Batteries_1109,2025-02,6161.12,7333.78,-1172.66
1144,Household_Detergent_1144,2021-03,1605.06,2777.66,-1172.6
1144,Household_Detergent_1144,2023-09,1041.12,2212.58,-1171.46
1154,Household_Cleaning Supplies_1154,2021-06,1859.13,3030.28,-1171.15
1043,Electronics_Batteries_1043,2023-03,2212.74,3382.45,-1169.71
1119,Grocery_Pasta_1119,2023-05,3570.93,4740.63,-1169.7
1003,Household_Cleaning Supplies_1003,2025-09,864.0,2032.68,-1168.68
1110,Grocery_Canned Goods_1110,2022-03,1546.44,2714.5,-1168.06
1011,Personal Care_Shampoo_1011,2024-04,2159.57,3327.24,-1167.67
1005,Household_Paper Products_1005,2025-02,2901.9,4069.14,-1167.24
1165,Personal Care_Skincare_1165,2023-09,1072.6,2239.31,-1166.71
1038,Electronics_Cables_1038,2023-11,8066.71,9233.04,-1166.33
1083,Dairy_Cheese_1083,2021-03,1360.24,2525.34,-1165.1
1057,Beverages_Tea_1057,2022-03,2424.6,3588.59,-1163.99
1031,Snacks_Chips_1031,2025-04,1342.24,2505.15,-1162.91
1108,Dairy_Butter_1108,2022-02,5797.24,6959.64,-1162.4
1052,Snacks_Crackers_1052,2021-09,967.44,2129.21,-1161.77
1122,Dairy_Yogurt_1122,2024-03,4422.97,5583.72,-1160.75
1101,Snacks_Crackers_1101,2022-03,2068.36,3228.7,-1160.34
1043,Electronics_Batteries_1043,2023-11,1442.99,2602.95,-1159.96
1104,Grocery_Pasta_1104,2023-09,1858.56,3018.0,-1159.44
1171,Personal Care_Toothpaste_1171,2023-09,4292.01,5450.74,-1158.73
1010,Grocery_Rice_1010,2025-09,1297.97,2456.64,-1158.67
1004,Beverages_Juices_1004,2021-03,2779.84,3937.97,-1158.13
1142,Electronics_Mobile Accessories_1142,2023-03,2260.22,3418.33,-1158.11
1130,Snacks_Nuts_1130,2022-02,2734.08,3891.96,-1157.88
1184,Snacks_Chocolates_1184,2024-03,3445.46,4602.65,-1157.19
1182,Beverages_Tea_1182,2023-03,1493.55,2649.06,-1155.51
1110,Grocery_Canned Goods_1110,2024-09,1564.85,2720.35,-1155.5
1050,Snacks_Chips_1050,2021-06,2337.04,3491.82,-1154.78
1197,Electronics_Mobile Accessories_1197,2023-02,2547.45,3701.94,-1154.49
1005,Household_Paper Products_1005,2025-09,1805.4,2958.56,-1153.16
1025,Household_Detergent_1025,2021-03,627.52,1779.96,-1152.44
1171,Personal Care_Toothpaste_1171,2023-11,2682.74,3833.64,-1150.9
1085,Personal Care_Skincare_1085,2023-09,2130.4,3280.48,-1150.08
1075,Snacks_Crackers_1075,2022-03,935.9,2085.17,-1149.27
1023,Personal Care_Toothpaste_1023,2024-11,4872.43,6021.18,-1148.75
1085,Personal Care_Skincare_1085,2025-04,2433.17,3579.8,-1146.63
1173,Electronics_Batteries_1173,2025-03,25258.69,26405.18,-1146.49
1106,Snacks_Chocolates_1106,2021-03,1116.72,2262.29,-1145.57
1136,Personal Care_Shampoo_1136,2023-10,4582.04,5727.55,-1145.51
1128,Grocery_Spices_1128,2021-09,2179.56,3324.28,-1144.72
1157,Household_Cleaning Supplies_1157,2024-03,1966.05,3109.94,-1143.89
1065,Electronics_Chargers_1065,2025-08,26708.56,27852.01,-1143.45
1118,Dairy_Milk_1118,2022-02,3267.17,4410.56,-1143.39
1125,Personal Care_Toothpaste_1125,2023-09,1753.05,2895.82,-1142.77
1156,Personal Care_Soap_1156,2021-08,6265.3,7407.77,-1142.47
1163,Household_Paper Products_1163,2022-11,2783.64,3925.95,-1142.31
1132,Dairy_Butter_1132,2024-03,4856.35,5998.66,-1142.31
1118,Dairy_Milk_1118,2024-09,2109.3,3251.17,-1141.87
1151,Electronics_Cables_1151,2023-10,11132.94,12274.78,-1141.84
1153,Electronics_Batteries_1153,2024-06,15252.3,16393.44,-1141.14
1015,Dairy_Cream_1015,2022-08,4423.12,5563.37,-1140.25
1066,Household_Cleaning Supplies_1066,2025-02,7349.36,8489.01,-1139.65
1162,Dairy_Yogurt_1162,2024-11,1236.71,2376.0,-1139.29
1069,Grocery_Spices_1069,2025-09,4634.3,5772.19,-1137.89
1168,Snacks_Chips_1168,2022-06,1892.88,3030.52,-1137.64
1053,Snacks_Crackers_1053,2023-03,1180.84,2317.82,-1136.98
1055,Dairy_Butter_1055,2025-09,790.94,1927.77,-1136.83
1028,Household_Paper Products_1028,2022-06,4094.44,5230.38,-1135.94
1049,Electronics_Batteries_1049,2025-02,20964.0,22099.83,-1135.83
1118,Dairy_Milk_1118,2025-04,2106.93,3240.98,-1134.05
1051,Electronics_Cables_1051,2022-11,5858.74,6992.3,-1133.56
1171,Personal Care_Toothpaste_1171,2022-02,5599.28,6732.04,-1132.76
1092,Household_Detergent_1092,2021-06,3439.18,4571.22,-1132.04
1010,Grocery_Rice_1010,2023-09,1527.99,2660.02,-1132.03
1050,Snacks_Chips_1050,2022-02,2185.4,3317.13,-1131.73
1184,Snacks_Chocolates_1184,2021-09,1904.85,3035.96,-1131.11
1063,Snacks_Chocolates_1063,2024-03,1589.94,2720.27,-1130.33
1109,Electronics_Batteries_1109,2023-05,4403.19,5532.32,-1129.13
1032,Snacks_Chocolates_1032,2021-02,2569.89,3697.72,-1127.83
1134,Household_Paper Products_1134,2023-03,1194.8,2320.57,-1125.77
1041,Snacks_Nuts_1041,2023-02,1345.19,2470.9,-1125.71
1013,Grocery_Cereals_1013,2023-04,4014.93,5140.53,-1125.6
1107,Electronics_Mobile Accessories_1107,2021-10,10450.05,11575.44,-1125.39
1118,Dairy_Milk_1118,2024-04,2697.09,3822.41,-1125.32
1073,Electronics_Chargers_1073,2022-08,19822.78,20947.14,-1124.36
1053,Snacks_Crackers_1053,2024-03,1594.17,2718.48,-1124.31
1076,Snacks_Chocolates_1076,2024-04,1833.21,2957.46,-1124.25
1043,Electronics_Batteries_1043,2024-05,2016.7,3139.96,-1123.26
1119,Grocery_Pasta_1119,2025-09,3354.51,4477.48,-1122.97
1142,Electronics_Mobile Accessories_1142,2021-09,1313.76,2435.86,-1122.1
1074,Personal Care_Skincare_1074,2021-08,9808.29,10930.26,-1121.97
1086,Grocery_Rice_1086,2024-09,1325.28,2446.64,-1121.36
1048,Snacks_Biscuits_1048,2023-03,1524.68,2645.06,-1120.38
1088,Household_Cleaning Supplies_1088,2021-06,2666.16,3785.81,-1119.65
1047,Household_Detergent_1047,2023-10,2419.37,3538.78,-1119.41
1020,Beverages_Juices_1020,2021-03,687.24,1806.3,-1119.06
1060,Household_Detergent_1060,2021-04,3609.21,4727.5,-1118.29
1010,Grocery_Rice_1010,2025-04,1173.92,2291.42,-1117.5
1116,Personal Care_Skincare_1116,2023-04,9101.48,10218.16,-1116.68
1094,Grocery_Rice_1094,2022-09,1997.5,3113.28,-1115.78
1148,Household_Cleaning Supplies_1148,2022-09,5789.88,6905.04,-1115.16
1074,Personal Care_Skincare_1074,2021-06,6705.69,7820.4,-1114.71
1132,Dairy_Butter_1132,2024-02,5998.66,7113.34,-1114.68
1131,Snacks_Crackers_1131,2024-04,2760.68,3874.53,-1113.85
1181,Personal Care_Soap_1181,2025-03,4777.38,5891.23,-1113.85
1104,Grocery_Pasta_1104,2021-09,1943.04,3056.19,-1113.15
1094,Grocery_Rice_1094,2022-03,2185.5,3298.43,-1112.93
1109,Electronics_Batteries_1109,2024-02,5779.11,6891.01,-1111.9
1130,Snacks_Nuts_1130,2024-03,1759.29,2870.4,-1111.11
1138,Household_Cleaning Supplies_1138,2022-11,3471.0,4581.72,-1110.72
1063,Snacks_Chocolates_1063,2022-03,1005.64,2116.14,-1110.5
1046,Household_Paper Products_1046,2025-02,8933.91,10043.39,-1109.48
1148,Household_Cleaning Supplies_1148,2023-06,4949.3,6057.93,-1108.63
1028,Household_Paper Products_1028,2023-03,4391.81,5499.57,-1107.76
1047,Household_Detergent_1047,2022-11,3009.3,4116.54,-1107.24
1070,Grocery_Canned Goods_1070,2021-11,3069.69,4176.81,-1107.12
1044,Snacks_Biscuits_1044,2025-09,1873.94,2981.0,-1107.06
1028,Household_Paper Products_1028,2023-05,4971.82,6078.78,-1106.96
1018,Personal Care_Deodorant_1018,2024-08,9716.02,10821.96,-1105.94
1047,Household_Detergent_1047,2025-02,6167.73,7273.13,-1105.4
1166,Grocery_Spices_1166,2023-05,5573.16,6678.42,-1105.26
1119,Grocery_Pasta_1119,2024-03,5102.86,6207.62,-1104.76
1094,Grocery_Rice_1094,2022-06,2444.0,3548.44,-1104.44
1133,Electronics_Mobile Accessories_1133,2022-02,4976.16,6080.57,-1104.41
1072,Electronics_Chargers_1072,2023-04,25819.12,26923.46,-1104.34
1188,Grocery_Spices_1188,2023-02,3205.6,4308.54,-1102.94
1170,Dairy_Yogurt_1170,2025-09,2151.3,3251.87,-1100.57
1002,Dairy_Cream_1002,2024-05,1043.48,2143.01,-1099.53
1023,Personal Care_Toothpaste_1023,2021-02,8871.98,9970.6,-1098.62
1008,Personal Care_Shampoo_1008,2021-10,2900.04,3998.54,-1098.5
1128,Grocery_Spices_1128,2024-09,2578.26,3675.32,-1097.06
1067,Grocery_Cereals_1067,2024-06,5298.05,6394.53,-1096.48
1100,Electronics_Mobile Accessories_1100,2022-09,1420.38,2516.53,-1096.15
1188,Grocery_Spices_1188,2023-03,2109.6,3205.6,-1096.0
1134,Household_Paper Products_1134,2021-03,1797.9,2893.49,-1095.59
1034,Household_Cleaning Supplies_1034,2022-10,4432.12,5525.76,-1093.64
1183,Electronics_Batteries_1183,2023-05,19265.76,20359.33,-1093.57
1067,Grocery_Cereals_1067,2021-11,3466.93,4560.44,-1093.51
1016,Grocery_Rice_1016,2023-09,1963.44,3055.76,-1092.32
1018,Personal Care_Deodorant_1018,2021-08,8767.82,9860.06,-1092.24
1100,Electronics_Mobile Accessories_1100,2022-03,1566.06,2657.78,-1091.72
1163,Household_Paper Products_1163,2023-05,3925.95,5017.17,-1091.22
1112,Household_Paper Products_1112,2023-02,1465.92,2556.42,-1090.5
1021,Grocery_Canned Goods_1021,2023-02,4577.68,5668.16,-1090.48
1112,Household_Paper Products_1112,2022-09,871.92,1962.22,-1090.3
1041,Snacks_Nuts_1041,2024-09,1293.44,2382.13,-1088.69
1112,Household_Paper Products_1112,2025-09,944.58,2032.84,-1088.26
1143,Dairy_Cheese_1143,2022-06,1617.74,2705.25,-1087.51
1104,Grocery_Pasta_1104,2025-04,1972.79,3060.05,-1087.26
1014,Dairy_Butter_1014,2021-03,720.36,1806.58,-1086.22
1171,Personal Care_Toothpaste_1171,2021-10,2708.55,3791.97,-1083.42
1165,Personal Care_Skincare_1165,2021-06,2231.7,3314.85,-1083.15
1064,Snacks_Biscuits_1064,2023-02,2587.02,3669.25,-1082.23
1006,Beverages_Coffee_1006,2025-09,1060.08,2142.23,-1082.15
1129,Electronics_Chargers_1129,2023-08,22173.83,23255.94,-1082.11
1173,Electronics_Batteries_1173,2021-12,12556.37,13637.7,-1081.33
1116,Personal Care_Skincare_1116,2024-02,15644.08,16725.4,-1081.32
1127,Grocery_Rice_1127,2022-09,1961.28,3041.5,-1080.22
1128,Grocery_Spices_1128,2025-03,4026.24,5105.57,-1079.33
1175,Household_Trash Bags_1175,2024-04,8497.72,9576.07,-1078.35
1147,Snacks_Crackers_1147,2023-02,3109.32,4187.19,-1077.87
1110,Grocery_Canned Goods_1110,2025-09,1399.16,2476.6,-1077.44
1131,Snacks_Crackers_1131,2021-06,2699.05,3776.18,-1077.13
1012,Beverages_Juices_1012,2025-09,1198.5,2275.6,-1077.1
1155,Electronics_Mobile Accessories_1155,2022-03,1876.16,2952.95,-1076.79
1104,Grocery_Pasta_1104,2023-02,3520.43,4595.44,-1075.01
1165,Personal Care_Skincare_1165,2022-09,1730.0,2804.5,-1074.5
1085,Personal Care_Skincare_1085,2022-06,2609.74,3683.21,-1073.47
1182,Beverages_Tea_1182,2025-09,1247.78,2321.11,-1073.33
1062,Personal Care_Deodorant_1062,2021-07,3654.69,4727.16,-1072.47
1011,Personal Care_Shampoo_1011,2022-03,1975.89,3048.12,-1072.23
1192,Dairy_Milk_1192,2024-03,2541.39,3613.22,-1071.83
1050,Snacks_Chips_1050,2024-03,1767.25,2838.76,-1071.51
1130,Snacks_Nuts_1130,2025-09,1331.94,2403.38,-1071.44
1037,Electronics_Cables_1037,2023-10,13392.75,14464.17,-1071.42
1016,Grocery_Rice_1016,2023-02,2447.47,3517.83,-1070.36
1028,Household_Paper Products_1028,2025-03,5709.2,6778.71,-1069.51
1061,Personal Care_Skincare_1061,2025-08,9934.31,11003.18,-1068.87
1142,Electronics_Mobile Accessories_1142,2025-09,1423.24,2491.92,-1068.68
1060,Household_Detergent_1060,2024-05,4387.12,5455.37,-1068.25
1139,Dairy_Cream_1139,2022-09,2089.32,3157.03,-1067.71
1022,Household_Cleaning Supplies_1022,2021-08,8221.02,9288.68,-1067.66
1167,Grocery_Rice_1167,2024-06,4627.74,5695.35,-1067.61
1062,Personal Care_Deodorant_1062,2024-04,2036.48,3103.14,-1066.66
1136,Personal Care_Shampoo_1136,2023-08,7921.97,8987.84,-1065.87
1099,Personal Care_Toothpaste_1099,2022-05,6363.95,7429.28,-1065.33
1095,Snacks_Chocolates_1095,2021-09,1757.28,2822.02,-1064.74
1198,Dairy_Cheese_1198,2021-11,1268.05,2331.9,-1063.85
1011,Personal Care_Shampoo_1011,2025-04,2015.82,3079.43,-1063.61
1033,Household_Paper Products_1033,2023-06,3576.16,4638.92,-1062.76
1053,Snacks_Crackers_1053,2024-09,920.35,1982.16,-1061.81
1127,Grocery_Rice_1127,2023-02,3450.43,4512.11,-1061.68
1004,Beverages_Juices_1004,2025-08,3972.34,5032.28,-1059.94
1147,Snacks_Crackers_1147,2021-06,2509.54,3569.48,-1059.94
1061,Personal Care_Skincare_1061,2022-08,7590.92,8648.54,-1057.62
1036,Electronics_Mobile Accessories_1036,2024-05,11185.0,12242.37,-1057.37
1035,Electronics_Batteries_1035,2024-04,39545.35,40601.61,-1056.26
1039,Beverages_Soft Drinks_1039,2021-09,1865.52,2921.7,-1056.18
1030,Dairy_Cream_1030,2025-04,1914.85,2969.85,-1055.0
1165,Personal Care_Skincare_1165,2023-03,1389.54,2444.15,-1054.61
1084,Household_Paper Products_1084,2021-10,3543.86,4597.44,-1053.58
1072,Electronics_Chargers_1072,2024-08,33537.13,34590.31,-1053.18
1101,Snacks_Crackers_1101,2025-03,4067.34,5120.44,-1053.1
1154,Household_Cleaning Supplies_1154,2022-09,921.62,1973.94,-1052.32
1090,Dairy_Cheese_1090,2021-12,3930.24,4982.25,-1052.01
1192,Dairy_Milk_1192,2022-03,1406.08,2458.01,-1051.93
1089,Electronics_Mobile Accessories_1089,2022-05,8153.05,9203.88,-1050.83
1193,Beverages_Tea_1193,2024-03,1753.3,2803.8,-1050.5
1162,Dairy_Yogurt_1162,2023-02,3748.07,4798.53,-1050.46
1181,Personal Care_Soap_1181,2021-12,2864.87,3913.92,-1049.05
1154,Household_Cleaning Supplies_1154,2022-06,1350.65,2399.45,-1048.8
1143,Dairy_Cheese_1143,2023-02,3073.69,4120.94,-1047.25
1032,Snacks_Chocolates_1032,2023-03,1197.68,2242.71,-1045.03
1028,Household_Paper Products_1028,2022-05,5230.38,6275.3,-1044.92
1147,Snacks_Crackers_1147,2023-05,2239.92,3284.77,-1044.85
1113,Dairy_Cheese_1113,2022-02,3792.17,4836.96,-1044.79
1009,Electronics_Batteries_1009,2024-08,15640.28,16684.43,-1044.15
1179,Household_Cleaning Supplies_1179,2024-06,2705.22,3749.2,-1043.98
1167,Grocery_Rice_1167,2023-05,4679.9,5723.0,-1043.1
1010,Grocery_Rice_1010,2021-06,1626.57,2669.6,-1043.03
1161,Electronics_Batteries_1161,2021-11,6975.66,8018.02,-1042.36
1021,Grocery_Canned Goods_1021,2022-06,2335.23,3376.65,-1041.42
1187,Personal Care_Skincare_1187,2024-06,9162.02,10203.05,-1041.03
1184,Snacks_Chocolates_1184,2022-02,2554.98,3595.7,-1040.72
1163,Household_Paper Products_1163,2025-08,5405.39,6445.56,-1040.17
1033,Household_Paper Products_1033,2021-11,2333.74,3373.76,-1040.02
1037,Electronics_Cables_1037,2023-11,12353.91,13392.75,-1038.84
1064,Snacks_Biscuits_1064,2025-03,2251.87,3290.22,-1038.35
1003,Household_Cleaning Supplies_1003,2022-03,828.0,1863.75,-1035.75
1145,Household_Trash Bags_1145,2022-03,916.8,1952.25,-1035.45
1178,Beverages_Soft Drinks_1178,2023-05,2777.04,3811.5,-1034.46
1070,Grocery_Canned Goods_1070,2021-02,8045.67,9079.42,-1033.75
1057,Beverages_Tea_1057,2024-02,4507.51,5540.41,-1032.9
1179,Household_Cleaning Supplies_1179,2025-06,3322.01,4354.84,-1032.83
1184,Snacks_Chocolates_1184,2023-09,2106.54,3138.51,-1031.97
1066,Household_Cleaning Supplies_1066,2023-09,4330.86,5362.07,-1031.21
1124,Dairy_Cheese_1124,2023-03,2596.4,3626.9,-1030.5
1008,Personal Care_Shampoo_1008,2023-02,7015.02,8044.96,-1029.94
1192,Dairy_Milk_1192,2022-06,1801.54,2830.02,-1028.48
1129,Electronics_Chargers_1129,2023-07,23255.94,24283.19,-1027.25
1111,Snacks_Nuts_1111,2025-09,1130.4,2157.62,-1027.22
1080,Snacks_Chips_1080,2025-03,3374.03,4401.1,-1027.07
1054,Snacks_Chips_1054,2021-03,936.7,1963.47,-1026.77
1082,Household_Detergent_1082,2021-12,3967.6,4992.96,-1025.36
1118,Dairy_Milk_1118,2025-03,3240.98,4266.34,-1025.36
1134,Household_Paper Products_1134,2025-09,1161.72,2185.41,-1023.69
1139,Dairy_Cream_1139,2025-02,3780.32,4803.74,-1023.42
1128,Grocery_Spices_1128,2021-06,4119.9,5143.18,-1023.28
1168,Snacks_Chips_1168,2023-05,1586.96,2609.22,-1022.26
1010,Grocery_Rice_1010,2023-03,1682.32,2703.57,-1021.25
1077,Household_Cleaning Supplies_1077,2025-02,7535.68,8556.7,-1021.02
1133,Electronics_Mobile Accessories_1133,2024-06,3888.06,4908.25,-1020.19
1083,Dairy_Cheese_1083,2021-06,1332.48,2352.27,-1019.79
1013,Grocery_Cereals_1013,2024-02,5057.04,6076.77,-1019.73
1106,Snacks_Chocolates_1106,2022-09,1195.68,2215.22,-1019.54
1111,Snacks_Nuts_1111,2021-09,741.04,1760.43,-1019.39
1111,Snacks_Nuts_1111,2022-09,1017.36,2036.19,-1018.83
1170,Dairy_Yogurt_1170,2021-06,2087.4,3104.19,-1016.79
1036,Electronics_Mobile Accessories_1036,2025-03,15083.15,16099.91,-1016.76
1089,Electronics_Mobile Accessories_1089,2024-03,10234.78,11250.67,-1015.89
1113,Dairy_Cheese_1113,2025-04,2172.9,3188.01,-1015.11
1005,Household_Paper Products_1005,2025-04,1318.12,2332.86,-1014.74
1168,Snacks_Chips_1168,2022-11,1435.35,2447.36,-1012.01
1050,Snacks_Chips_1050,2025-03,2307.77,3319.44,-1011.67
1020,Beverages_Juices_1020,2022-03,707.16,1718.72,-1011.56
1050,Snacks_Chips_1050,2021-08,2108.61,3120.05,-1011.44
1130,Snacks_Nuts_1130,2025-04,1422.8,2433.92,-1011.12
1141,Beverages_Coffee_1141,2021-03,870.35,1881.1,-1010.75
1163,Household_Paper Products_1163,2023-10,2542.52,3552.05,-1009.53
1007,Personal Care_Shampoo_1007,2025-10,5448.06,6456.96,-1008.9
1179,Household_Cleaning Supplies_1179,2023-08,3143.44,4151.7,-1008.26
1132,Dairy_Butter_1132,2025-08,4689.93,5697.75,-1007.82
1048,Snacks_Biscuits_1048,2025-04,991.57,1998.9,-1007.33
1052,Snacks_Crackers_1052,2024-03,1896.38,2903.12,-1006.74
1054,Snacks_Chips_1054,2024-09,552.16,1558.47,-1006.31
1104,Grocery_Pasta_1104,2024-05,2302.08,3308.22,-1006.14
1084,Household_Paper Products_1084,2023-10,3735.42,4741.11,-1005.69
1133,Electronics_Mobile Accessories_1133,2024-04,3855.02,4859.87,-1004.85
1062,Personal Care_Deodorant_1062,2022-06,3180.62,4185.45,-1004.83
1061,Personal Care_Skincare_1061,2022-11,3624.08,4628.52,-1004.44
1129,Electronics_Chargers_1129,2025-08,27441.38,28445.52,-1004.14
1059,Electronics_Cables_1059,2023-02,3176.27,4180.14,-1003.87
1168,Snacks_Chips_1168,2025-06,1884.52,2887.12,-1002.6
1109,Electronics_Batteries_1109,2025-04,2471.59,3473.94,-1002.35
1113,Dairy_Cheese_1113,2023-05,3262.41,4264.31,-1001.9
1139,Dairy_Cream_1139,2025-08,3330.73,4332.49,-1001.76
1125,Personal Care_Toothpaste_1125,2025-04,3085.64,4087.37,-1001.73
1118,Dairy_Milk_1118,2023-05,3009.9,4011.6,-1001.7
1107,Electronics_Mobile Accessories_1107,2021-12,21388.88,22390.45,-1001.57
1139,Dairy_Cream_1139,2023-03,2735.23,3736.19,-1000.96
1100,Electronics_Mobile Accessories_1100,2022-02,2657.78,3657.05,-999.27
1182,Beverages_Tea_1182,2025-03,2089.85,3088.51,-998.66
1085,Personal Care_Skincare_1085,2023-11,2038.13,3035.82,-997.69
1080,Snacks_Chips_1080,2025-04,2378.56,3374.03,-995.47
1041,Snacks_Nuts_1041,2022-03,1486.08,2481.1,-995.02
1194,Dairy_Butter_1194,2021-09,789.66,1784.3,-994.64
1070,Grocery_Canned Goods_1070,2024-06,4574.65,5569.08,-994.43
1095,Snacks_Chocolates_1095,2024-04,2587.1,3581.26,-994.16
1095,Snacks_Chocolates_1095,2022-05,2421.49,3415.19,-993.7
1165,Personal Care_Skincare_1165,2022-02,2620.35,3611.96,-991.61
1144,Household_Detergent_1144,2022-09,1214.64,2205.11,-990.47
1055,Dairy_Butter_1055,2024-03,1393.36,2383.74,-990.38
1021,Grocery_Canned Goods_1021,2023-05,2854.17,3844.22,-990.05
1197,Electronics_Mobile Accessories_1197,2024-06,1790.05,2777.64,-987.59
1018,Personal Care_Deodorant_1018,2024-03,7141.54,8128.7,-987.16
1075,Snacks_Crackers_1075,2024-02,2108.73,3095.88,-987.15
1059,Electronics_Cables_1059,2023-03,2189.87,3176.27,-986.4
1136,Personal Care_Shampoo_1136,2021-07,7997.54,8983.21,-985.67
1106,Snacks_Chocolates_1106,2021-09,688.08,1673.55,-985.47
1193,Beverages_Tea_1193,2023-03,1263.94,2248.93,-984.99
1188,Grocery_Spices_1188,2021-06,2017.62,3002.44,-984.82
1168,Snacks_Chips_1168,2025-04,1548.33,2532.15,-983.82
1133,Electronics_Mobile Accessories_1133,2024-03,4859.87,5843.58,-983.71
1069,Grocery_Spices_1069,2022-08,5792.11,6775.59,-983.48
1077,Household_Cleaning Supplies_1077,2024-05,5902.4,6885.82,-983.42
1162,Dairy_Yogurt_1162,2023-09,2164.8,3147.94,-983.14
1086,Grocery_Rice_1086,2024-04,1391.14,2373.02,-981.88
1035,Electronics_Batteries_1035,2023-10,19875.78,20857.3,-981.52
1173,Electronics_Batteries_1173,2025-10,17503.06,18484.54,-981.48
1020,Beverages_Juices_1020,2025-03,1132.24,2112.41,-980.17
1125,Personal Care_Toothpaste_1125,2021-06,3506.1,4486.04,-979.94
1042,Grocery_Canned Goods_1042,2022-02,6526.84,7503.43,-976.59
1013,Grocery_Cereals_1013,2025-04,4256.71,5233.26,-976.55
1040,Electronics_Mobile Accessories_1040,2024-04,7291.37,8267.65,-976.28
1154,Household_Cleaning Supplies_1154,2024-08,1953.59,2929.85,-976.26
1111,Snacks_Nuts_1111,2021-06,1281.12,2256.54,-975.42
1135,Household_Trash Bags_1135,2025-06,5891.59,6866.64,-975.05
1142,Electronics_Mobile Accessories_1142,2024-09,1219.92,2194.86,-974.94
1069,Grocery_Spices_1069,2022-06,4634.3,5608.44,-974.14
1197,Electronics_Mobile Accessories_1197,2025-04,1660.45,2633.47,-973.02
1094,Grocery_Rice_1094,2024-02,3506.91,4479.7,-972.79
1170,Dairy_Yogurt_1170,2022-09,1384.5,2357.06,-972.56
1050,Snacks_Chips_1050,2023-11,1079.22,2051.6,-972.38
1170,Dairy_Yogurt_1170,2021-02,4354.88,5326.47,-971.59
1196,Grocery_Pasta_1196,2023-02,5749.64,6719.97,-970.33
1083,Dairy_Cheese_1083,2025-04,1511.56,2481.26,-969.7
1031,Snacks_Chips_1031,2023-09,1084.17,2053.21,-969.04
1064,Snacks_Biscuits_1064,2021-09,1555.84,2524.7,-968.86
1014,Dairy_Butter_1014,2023-03,667.02,1635.75,-968.73
1025,Household_Detergent_1025,2022-09,636.0,1604.71,-968.71
1182,Beverages_Tea_1182,2023-08,1602.53,2570.59,-968.06
1115,Household_Paper Products_1115,2023-06,4515.77,5483.28,-967.51
1074,Personal Care_Skincare_1074,2025-09,7081.71,8049.0,-967.29
1134,Household_Paper Products_1134,2022-02,1603.25,2568.69,-965.44
1147,Snacks_Crackers_1147,2021-09,1306.62,2270.72,-964.1
1155,Electronics_Mobile Accessories_1155,2023-05,2516.8,3480.18,-963.38
1111,Snacks_Nuts_1111,2022-02,1774.89,2737.3,-962.41
1123,Beverages_Water_1123,2022-09,775.78,1738.09,-962.31
1139,Dairy_Cream_1139,2022-02,2987.54,3949.81,-962.27
1195,Snacks_Chocolates_1195,2023-02,2626.98,3588.34,-961.36
1033,Household_Paper Products_1033,2022-05,2824.31,3785.34,-961.03
1092,Household_Detergent_1092,2022-10,2452.53,3410.99,-958.46
1155,Electronics_Mobile Accessories_1155,2023-02,3855.04,4813.49,-958.45
1170,Dairy_Yogurt_1170,2022-02,3562.86,4520.24,-957.38
1179,Household_Cleaning Supplies_1179,2021-11,2244.93,3201.24,-956.31
1043,Electronics_Batteries_1043,2024-03,2979.72,3934.9,-955.18
1146,Snacks_Chocolates_1146,2025-04,1824.05,2779.11,-955.06
1157,Household_Cleaning Supplies_1157,2021-09,1345.96,2300.7,-954.74
1167,Grocery_Rice_1167,2024-11,3195.59,4150.1,-954.51
1048,Snacks_Biscuits_1048,2024-03,1621.5,2574.99,-953.49
1069,Grocery_Spices_1069,2023-11,2455.53,3408.7,-953.17
1002,Dairy_Cream_1002,2024-09,1208.24,2161.29,-953.05
1029,Grocery_Canned Goods_1029,2022-08,3596.31,4549.36,-953.05
1128,Grocery_Spices_1128,2023-02,4480.81,5433.33,-952.52
1197,Electronics_Mobile Accessories_1197,2025-09,1775.58,2728.06,-952.48
1068,Electronics_Chargers_1068,2024-10,8558.1,9509.0,-950.9
1052,Snacks_Crackers_1052,2021-06,1818.12,2768.85,-950.73
1022,Household_Cleaning Supplies_1022,2024-05,5372.36,6322.99,-950.63
1076,Snacks_Chocolates_1076,2021-06,2242.0,3191.52,-949.52
1131,Snacks_Crackers_1131,2023-02,3599.65,4548.9,-949.25
1141,Beverages_Coffee_1141,2024-02,1144.99,2093.76,-948.77
1122,Dairy_Yogurt_1122,2022-10,2528.0,3476.0,-948.0
1002,Dairy_Cream_1002,2023-03,1419.57,2367.37,-947.8
1148,Household_Cleaning Supplies_1148,2021-11,4467.36,5414.61,-947.25
1090,Dairy_Cheese_1090,2025-06,4170.12,5115.6,-945.48
1139,Dairy_Cream_1139,2024-06,2438.85,3383.79,-944.94
1130,Snacks_Nuts_1130,2023-09,1079.04,2023.32,-944.28
1105,Beverages_Water_1105,2024-03,2214.34,3158.26,-943.92
1007,Personal Care_Shampoo_1007,2023-05,8205.72,9149.01,-943.29
1013,Grocery_Cereals_1013,2024-11,2798.2,3741.15,-942.95
1057,Beverages_Tea_1057,2022-10,1912.74,2855.64,-942.9
1195,Snacks_Chocolates_1195,2021-09,2050.16,2992.3,-942.14
1011,Personal Care_Shampoo_1011,2024-08,2876.63,3818.68,-942.05
1191,Dairy_Butter_1191,2025-03,1378.58,2320.6,-942.02
1048,Snacks_Biscuits_1048,2023-02,2645.06,3586.36,-941.3
1070,Grocery_Canned Goods_1070,2024-08,6581.55,7520.26,-938.71
1066,Household_Cleaning Supplies_1066,2024-04,4427.76,5366.08,-938.32
1191,Dairy_Butter_1191,2021-09,653.4,1590.93,-937.53
1179,Household_Cleaning Supplies_1179,2025-02,4477.07,5414.49,-937.42
1138,Household_Cleaning Supplies_1138,2022-05,4980.89,5918.06,-937.17
1119,Grocery_Pasta_1119,2022-08,5471.93,6406.59,-934.66
1025,Household_Detergent_1025,2025-04,411.2,1345.48,-934.28
1005,Household_Paper Products_1005,2022-06,1663.8,2597.43,-933.63
1147,Snacks_Crackers_1147,2025-10,1244.4,2177.7,-933.3
1102,Snacks_Biscuits_1102,2025-04,1936.46,2869.52,-933.06
1144,Household_Detergent_1144,2025-03,2613.32,3545.63,-932.31
1002,Dairy_Cream_1002,2022-09,906.18,1838.18,-932.0
1150,Electronics_Batteries_1150,2025-10,10784.34,11716.32,-931.98
1106,Snacks_Chocolates_1106,2024-03,1476.79,2408.36,-931.57
1060,Household_Detergent_1060,2023-03,3888.04,4819.19,-931.15
1076,Snacks_Chocolates_1076,2025-03,2908.87,3839.84,-930.97
1075,Snacks_Crackers_1075,2021-03,1577.66,2508.34,-930.68
1142,Electronics_Mobile Accessories_1142,2025-04,1094.49,2025.06,-930.57
1194,Dairy_Butter_1194,2025-09,953.37,1883.91,-930.54
1051,Electronics_Cables_1051,2023-06,7774.3,8704.7,-930.4
1127,Grocery_Rice_1127,2025-09,1573.11,2503.33,-930.22
1148,Household_Cleaning Supplies_1148,2024-11,3896.92,4824.9,-927.98
1199,Electronics_Cables_1199,2022-08,41161.71,42088.17,-926.46
1048,Snacks_Biscuits_1048,2022-09,1151.21,2077.59,-926.38
1069,Grocery_Spices_1069,2022-02,4684.16,5610.5,-926.34
1051,Electronics_Cables_1051,2022-08,12092.08,13016.89,-924.81
1146,Snacks_Chocolates_1146,2021-06,2394.22,3315.85,-921.63
1118,Dairy_Milk_1118,2022-03,2346.3,3267.17,-920.87
1059,Electronics_Cables_1059,2024-03,3270.12,4190.5,-920.38
1052,Snacks_Crackers_1052,2024-02,2903.12,3823.43,-920.31
1147,Snacks_Crackers_1147,2021-08,2270.72,3190.52,-919.8
1136,Personal Care_Shampoo_1136,2023-11,3663.24,4582.04,-918.8
1023,Personal Care_Toothpaste_1023,2024-08,10264.8,11183.2,-918.4
1032,Snacks_Chocolates_1032,2023-05,1394.72,2311.63,-916.91
1125,Personal Care_Toothpaste_1125,2024-04,2688.4,3605.23,-916.83
1100,Electronics_Mobile Accessories_1100,2022-05,2428.77,3345.23,-916.46
1063,Snacks_Chocolates_1063,2022-02,2116.14,3032.48,-916.34
1067,Grocery_Cereals_1067,2024-05,6394.53,7310.84,-916.31
1175,Household_Trash Bags_1175,2022-06,5086.4,6002.7,-916.3
1146,Snacks_Chocolates_1146,2022-03,2029.0,2944.8,-915.8
1009,Electronics_Batteries_1009,2022-02,16200.2,17115.36,-915.16
1101,Snacks_Crackers_1101,2021-09,2766.12,3681.1,-914.98
1128,Grocery_Spices_1128,2023-05,3428.82,4343.8,-914.98
1092,Household_Detergent_1092,2023-06,3454.96,4369.45,-914.49
1053,Snacks_Crackers_1053,2025-04,867.09,1781.33,-914.24
1166,Grocery_Spices_1166,2025-03,8166.01,9079.43,-913.42
1059,Electronics_Cables_1059,2024-02,4190.5,5102.84,-912.34
1193,Beverages_Tea_1193,2022-03,998.64,1910.36,-911.72
1200,Beverages_Juices_1200,2022-09,531.79,1442.69,-910.9
1005,Household_Paper Products_1005,2023-03,1461.31,2371.85,-910.54
1081,Snacks_Nuts_1081,2022-09,583.48,1493.32,-909.84
1191,Dairy_Butter_1191,2025-04,469.76,1378.58,-908.82
1016,Grocery_Rice_1016,2023-03,1538.84,2447.47,-908.63
1064,Snacks_Biscuits_1064,2025-04,1343.68,2251.87,-908.19
1100,Electronics_Mobile Accessories_1100,2024-02,2867.76,3775.32,-907.56
1180,Grocery_Spices_1180,2021-06,966.0,1873.28,-907.28
1005,Household_Paper Products_1005,2023-06,1677.25,2584.2,-906.95
1144,Household_Detergent_1144,2022-03,1315.86,2222.7,-906.84
1013,Grocery_Cereals_1013,2022-06,4026.19,4932.47,-906.28
1149,Electronics_Chargers_1149,2022-02,16319.96,17226.12,-906.16
1080,Snacks_Chips_1080,2023-09,1624.25,2530.27,-906.02
1105,Beverages_Water_1105,2022-09,1363.2,2269.04,-905.84
1048,Snacks_Biscuits_1048,2022-03,1317.65,2223.24,-905.59
1060,Household_Detergent_1060,2023-07,3903.28,4807.7,-904.42
1108,Dairy_Butter_1108,2025-10,3066.96,3971.32,-904.36
1138,Household_Cleaning Supplies_1138,2025-06,4743.7,5646.16,-902.46
1075,Snacks_Crackers_1075,2021-06,1564.29,2466.32,-902.03
1047,Household_Detergent_1047,2023-09,3538.78,4438.85,-900.07
1192,Dairy_Milk_1192,2024-05,1977.3,2876.86,-899.56
1110,Grocery_Canned Goods_1110,2021-09,1638.49,2536.97,-898.48
1198,Dairy_Cheese_1198,2023-05,3471.94,4370.29,-898.35
1099,Personal Care_Toothpaste_1099,2024-11,3738.0,4635.12,-897.12
1139,Dairy_Cream_1139,2021-02,4123.6,5019.45,-895.85
1143,Dairy_Cheese_1143,2024-09,1600.53,2495.35,-894.82
1048,Snacks_Biscuits_1048,2024-09,901.55,1796.28,-894.73
1121,Grocery_Rice_1121,2024-10,1976.56,2869.2,-892.64
1039,Beverages_Soft Drinks_1039,2022-03,2383.72,3275.79,-892.07
1002,Dairy_Cream_1002,2022-05,1388.48,2280.39,-891.91
1161,Electronics_Batteries_1161,2025-02,13705.76,14597.22,-891.46
1135,Household_Trash Bags_1135,2022-08,7391.12,8282.41,-891.29
1054,Snacks_Chips_1054,2025-09,650.76,1542.03,-891.27
1032,Snacks_Chocolates_1032,2025-04,1182.48,2072.8,-890.32
1144,Household_Detergent_1144,2021-06,1879.8,2770.04,-890.24
1029,Grocery_Canned Goods_1029,2022-09,2706.3,3596.31,-890.01
1187,Personal Care_Skincare_1187,2025-03,11560.33,12449.82,-889.49
1154,Household_Cleaning Supplies_1154,2024-09,1064.63,1953.59,-888.96
1157,Household_Cleaning Supplies_1157,2023-03,1448.29,2337.01,-888.72
1140,Personal Care_Shampoo_1140,2022-11,2983.6,3871.8,-888.2
1007,Personal Care_Shampoo_1007,2025-02,11275.22,12161.18,-885.96
1105,Beverages_Water_1105,2025-04,1003.67,1889.21,-885.54
1125,Personal Care_Toothpaste_1125,2022-09,2211.54,3097.06,-885.52
1112,Household_Paper Products_1112,2021-03,871.92,1757.15,-885.23
1075,Snacks_Crackers_1075,2023-09,976.01,1859.89,-883.88
1104,Grocery_Pasta_1104,2021-08,3056.19,3939.92,-883.73
1050,Snacks_Chips_1050,2024-02,2838.76,3721.85,-883.09
1023,Personal Care_Toothpaste_1023,2024-02,9206.31,10088.73,-882.42
1038,Electronics_Cables_1038,2022-11,9144.92,10027.28,-882.36
1053,Snacks_Crackers_1053,2022-03,978.6,1859.89,-881.29
1043,Electronics_Batteries_1043,2025-03,2862.17,3742.2,-880.03
1138,Household_Cleaning Supplies_1138,2024-10,3008.2,3887.52,-879.32
1135,Household_Trash Bags_1135,2022-06,6008.31,6885.62,-877.31
1033,Household_Paper Products_1033,2022-10,2108.6,2984.48,-875.88
1003,Household_Cleaning Supplies_1003,2025-04,816.0,1691.4,-875.4
1102,Snacks_Biscuits_1102,2022-05,2952.48,3827.82,-875.34
1043,Electronics_Batteries_1043,2021-06,2204.3,3079.36,-875.06
1090,Dairy_Cheese_1090,2024-04,3807.37,4682.13,-874.76
1178,Beverages_Soft Drinks_1178,2024-09,2082.78,2957.4,-874.62
1117,Snacks_Crackers_1117,2023-03,1028.12,1902.2,-874.08
1119,Grocery_Pasta_1119,2021-02,7353.55,8227.54,-873.99
1182,Beverages_Tea_1182,2021-03,1556.22,2430.16,-873.94
1069,Grocery_Spices_1069,2023-06,4220.66,5093.9,-873.24
1009,Electronics_Batteries_1009,2023-06,9222.33,10095.45,-873.12
1193,Beverages_Tea_1193,2021-03,1484.09,2356.99,-872.9
1124,Dairy_Cheese_1124,2022-07,2032.46,2905.26,-872.8
1132,Dairy_Butter_1132,2023-09,3164.98,4036.95,-871.97
1165,Personal Care_Skincare_1165,2024-08,2418.71,3290.63,-871.92
1181,Personal Care_Soap_1181,2023-02,5415.4,6285.81,-870.41
1105,Beverages_Water_1105,2022-03,1550.64,2420.75,-870.11
1091,Dairy_Butter_1091,2022-03,559.36,1429.04,-869.68
1042,Grocery_Canned Goods_1042,2023-06,5282.04,6151.3,-869.26
1191,Dairy_Butter_1191,2023-02,1534.91,2403.15,-868.24
1066,Household_Cleaning Supplies_1066,2022-08,7774.96,8642.39,-867.43
1024,Grocery_Canned Goods_1024,2021-09,501.03,1367.81,-866.78
1047,Household_Detergent_1047,2025-10,2455.48,3322.12,-866.64
1023,Personal Care_Toothpaste_1023,2025-08,7859.92,8726.0,-866.08
1190,Dairy_Milk_1190,2021-08,2414.43,3280.13,-865.7
1012,Beverages_Juices_1012,2021-09,1240.8,2106.26,-865.46
1146,Snacks_Chocolates_1146,2022-05,2148.23,3013.26,-865.03
1172,Electronics_Chargers_1172,2023-11,9119.1,9983.6,-864.5
1011,Personal Care_Shampoo_1011,2022-09,1812.93,2676.95,-864.02
1162,Dairy_Yogurt_1162,2024-02,4154.44,5018.44,-864.0
1190,Dairy_Milk_1190,2025-02,3033.89,3897.3,-863.41
1102,Snacks_Biscuits_1102,2025-09,2304.78,3167.84,-863.06
1088,Household_Cleaning Supplies_1088,2022-09,2010.2,2872.47,-862.27
1130,Snacks_Nuts_1130,2022-06,1702.86,2564.7,-861.84
1022,Household_Cleaning Supplies_1022,2023-08,5813.39,6675.15,-861.76
1020,Beverages_Juices_1020,2023-09,816.72,1677.48,-860.76
1049,Electronics_Batteries_1049,2025-03,20104.74,20964.0,-859.26
1139,Dairy_Cream_1139,2022-06,2271.0,3129.65,-858.65
1020,Beverages_Juices_1020,2021-06,1245.0,2103.37,-858.37
1154,Household_Cleaning Supplies_1154,2025-10,889.84,1747.9,-858.06
1070,Grocery_Canned Goods_1070,2024-04,4850.01,5707.92,-857.91
1077,Household_Cleaning Supplies_1077,2023-10,3427.2,4284.0,-856.8
1145,Household_Trash Bags_1145,2021-03,962.64,1818.6,-855.96
1006,Beverages_Coffee_1006,2022-03,883.4,1738.82,-855.42
1193,Beverages_Tea_1193,2024-09,1137.34,1992.33,-854.99
1062,Personal Care_Deodorant_1062,2024-08,4195.94,5049.66,-853.72
1090,Dairy_Cheese_1090,2023-08,5239.66,6093.24,-853.58
1105,Beverages_Water_1105,2023-07,1974.49,2827.94,-853.45
1179,Household_Cleaning Supplies_1179,2025-03,3624.22,4477.07,-852.85
1067,Grocery_Cereals_1067,2023-06,4253.17,5105.71,-852.54
1031,Snacks_Chips_1031,2024-04,1542.44,2393.66,-851.22
1056,Snacks_Nuts_1056,2025-09,334.88,1185.91,-851.03
1147,Snacks_Crackers_1147,2023-03,2258.92,3109.32,-850.4
1193,Beverages_Tea_1193,2021-08,1795.51,2645.74,-850.23
1145,Household_Trash Bags_1145,2024-03,1697.55,2547.64,-850.09
1080,Snacks_Chips_1080,2022-02,3055.44,3905.16,-849.72
1191,Dairy_Butter_1191,2023-09,554.4,1403.82,-849.42
1153,Electronics_Batteries_1153,2023-11,15705.19,16554.16,-848.97
1064,Snacks_Biscuits_1064,2021-06,2156.96,3005.84,-848.88
1162,Dairy_Yogurt_1162,2024-03,3306.34,4154.44,-848.1
1123,Beverages_Water_1123,2021-03,991.82,1838.75,-846.93
1193,Beverages_Tea_1193,2025-03,2163.96,3010.33,-846.37
1136,Personal Care_Shampoo_1136,2025-04,6748.85,7595.12,-846.27
1126,Beverages_Soft Drinks_1126,2024-11,1620.94,2467.2,-846.26
1010,Grocery_Rice_1010,2025-02,2517.61,3363.68,-846.07
1041,Snacks_Nuts_1041,2025-09,1376.0,2221.58,-845.58
1087,Snacks_Crackers_1087,2025-09,744.18,1589.2,-845.02
1053,Snacks_Crackers_1053,2022-09,815.5,1660.38,-844.88
1036,Electronics_Mobile Accessories_1036,2022-06,9932.28,10776.75,-844.47
1015,Dairy_Cream_1015,2023-06,3008.12,3852.46,-844.34
1022,Household_Cleaning Supplies_1022,2023-05,6742.86,7586.49,-843.63
1140,Personal Care_Shampoo_1140,2023-08,4669.1,5510.86,-841.76
1080,Snacks_Chips_1080,2021-02,3909.14,4749.8,-840.66
1052,Snacks_Crackers_1052,2025-02,2737.4,3577.97,-840.57
1122,Dairy_Yogurt_1122,2023-11,2320.15,3160.0,-839.85
1182,Beverages_Tea_1182,2024-03,1350.16,2188.64,-838.48
1154,Household_Cleaning Supplies_1154,2022-02,2614.13,3452.44,-838.31
1165,Personal Care_Skincare_1165,2023-06,1566.69,2404.7,-838.01
1088,Household_Cleaning Supplies_1088,2024-04,2663.79,3500.42,-836.63
1063,Snacks_Chocolates_1063,2025-09,1362.48,2198.92,-836.44
1125,Personal Care_Toothpaste_1125,2024-11,1860.93,2697.0,-836.07
1134,Household_Paper Products_1134,2021-09,815.97,1651.8,-835.83
1110,Grocery_Canned Goods_1110,2021-08,2536.97,3372.4,-835.43
1008,Personal Care_Shampoo_1008,2022-10,3515.2,4350.06,-834.86
1082,Household_Detergent_1082,2025-03,6657.27,7491.94,-834.67
1148,Household_Cleaning Supplies_1148,2023-05,6057.93,6892.56,-834.63
1194,Dairy_Butter_1194,2025-04,970.88,1805.33,-834.45
1101,Snacks_Crackers_1101,2023-05,3189.76,4024.2,-834.44
1171,Personal Care_Toothpaste_1171,2025-10,3708.63,4542.03,-833.4
1063,Snacks_Chocolates_1063,2024-09,1767.98,2600.92,-832.94
1156,Personal Care_Soap_1156,2021-06,4820.9,5653.29,-832.39
1142,Electronics_Mobile Accessories_1142,2024-06,1295.33,2127.04,-831.71
1195,Snacks_Chocolates_1195,2022-11,1679.2,2510.4,-831.2
1041,Snacks_Nuts_1041,2022-09,1431.04,2261.52,-830.48
1054,Snacks_Chips_1054,2021-09,621.18,1450.49,-829.31
1145,Household_Trash Bags_1145,2021-09,767.82,1596.9,-829.08
1098,Electronics_Mobile Accessories_1098,2021-10,8282.4,9110.64,-828.24
1182,Beverages_Tea_1182,2025-04,1261.8,2089.85,-828.05
1151,Electronics_Cables_1151,2024-05,17413.06,18240.49,-827.43
1125,Personal Care_Toothpaste_1125,2024-08,4402.3,5229.67,-827.37
1117,Snacks_Crackers_1117,2021-03,874.72,1700.77,-826.05
1087,Snacks_Crackers_1087,2021-03,753.6,1579.48,-825.88
1092,Household_Detergent_1092,2024-04,3364.11,4189.85,-825.74
1063,Snacks_Chocolates_1063,2023-03,1640.96,2466.2,-825.24
1089,Electronics_Mobile Accessories_1089,2024-02,11250.67,12075.23,-824.56
1138,Household_Cleaning Supplies_1138,2022-02,6800.27,7624.63,-824.36
1169,Beverages_Soft Drinks_1169,2021-03,657.72,1481.37,-823.65
1104,Grocery_Pasta_1104,2025-03,3060.05,3881.95,-821.9
1172,Electronics_Chargers_1172,2023-06,17557.52,18378.9,-821.38
1088,Household_Cleaning Supplies_1088,2021-02,3245.59,4066.37,-820.78
1153,Electronics_Batteries_1153,2023-12,14884.67,15705.19,-820.52
1050,Snacks_Chips_1050,2023-09,1623.44,2443.92,-820.48
1176,Snacks_Chocolates_1176,2024-09,437.12,1257.35,-820.23
1170,Dairy_Yogurt_1170,2023-03,2531.29,3351.42,-820.13
1102,Snacks_Biscuits_1102,2022-06,2132.46,2952.48,-820.02
1013,Grocery_Cereals_1013,2024-08,4584.39,5404.29,-819.9
1048,Snacks_Biscuits_1048,2021-06,1858.58,2678.2,-819.62
1143,Dairy_Cheese_1143,2025-04,1538.09,2355.94,-817.85
1105,Beverages_Water_1105,2025-09,1346.16,2163.82,-817.66
1102,Snacks_Biscuits_1102,2023-08,2833.64,3649.54,-815.9
1131,Snacks_Crackers_1131,2023-06,2729.1,3543.97,-814.87
1155,Electronics_Mobile Accessories_1155,2022-06,2791.36,3605.03,-813.67
1085,Personal Care_Skincare_1085,2023-02,4912.04,5725.51,-813.47
1003,Household_Cleaning Supplies_1003,2023-03,1299.36,2111.16,-811.8
1036,Electronics_Mobile Accessories_1036,2022-02,16855.8,17666.71,-810.91
1036,Electronics_Mobile Accessories_1036,2021-11,5810.85,6621.52,-810.67
1008,Personal Care_Shampoo_1008,2022-05,5151.98,5962.42,-810.44
1045,Electronics_Cables_1045,2024-11,12181.84,12991.32,-809.48
1182,Beverages_Tea_1182,2024-08,1861.82,2670.37,-808.55
1189,Electronics_Batteries_1189,2023-06,8160.87,8968.85,-807.98
1095,Snacks_Chocolates_1095,2025-02,3382.56,4190.33,-807.77
1088,Household_Cleaning Supplies_1088,2024-06,2239.98,3047.04,-807.06
1170,Dairy_Yogurt_1170,2025-03,3182.01,3988.06,-806.05
1095,Snacks_Chocolates_1095,2024-09,2238.44,3044.44,-806.0
1034,Household_Cleaning Supplies_1034,2023-06,6849.64,7655.48,-805.84
1127,Grocery_Rice_1127,2022-05,1799.1,2604.6,-805.5
1130,Snacks_Nuts_1130,2021-08,2510.13,3314.93,-804.8
1031,Snacks_Chips_1031,2024-08,1671.28,2475.72,-804.44
1050,Snacks_Chips_1050,2023-03,2168.54,2972.55,-804.01
1035,Electronics_Batteries_1035,2025-02,50966.3,51769.36,-803.06
1068,Electronics_Chargers_1068,2025-08,16918.29,17720.83,-802.54
1147,Snacks_Crackers_1147,2025-06,2039.05,2841.38,-802.33
1124,Dairy_Cheese_1124,2025-08,2925.49,3727.65,-802.16
1047,Household_Detergent_1047,2024-12,3165.36,3966.5,-801.14
1054,Snacks_Chips_1054,2024-04,813.61,1613.98,-800.37
1127,Grocery_Rice_1127,2023-05,2492.46,3292.8,-800.34
1124,Dairy_Cheese_1124,2025-09,2125.8,2925.49,-799.69
1087,Snacks_Crackers_1087,2024-09,857.22,1656.79,-799.57
1127,Grocery_Rice_1127,2024-04,1940.09,2739.51,-799.42
1110,Grocery_Canned Goods_1110,2024-03,2157.52,2956.62,-799.1
1032,Snacks_Chocolates_1032,2024-04,1665.05,2464.12,-799.07
1011,Personal Care_Shampoo_1011,2024-02,3771.0,4569.95,-798.95
1095,Snacks_Chocolates_1095,2024-08,3044.44,3843.06,-798.62
1195,Snacks_Chocolates_1195,2023-03,1828.52,2626.98,-798.46
1141,Beverages_Coffee_1141,2021-09,515.45,1313.33,-797.88
1006,Beverages_Coffee_1006,2024-09,858.16,1655.63,-797.47
1003,Household_Cleaning Supplies_1003,2022-06,1296.0,2091.75,-795.75
1101,Snacks_Crackers_1101,2024-08,4066.19,4860.84,-794.65
1090,Dairy_Cheese_1090,2025-02,5254.72,6048.46,-793.74
1184,Snacks_Chocolates_1184,2024-04,2652.02,3445.46,-793.44
1140,Personal Care_Shampoo_1140,2025-06,3688.1,4481.25,-793.15
1088,Household_Cleaning Supplies_1088,2025-04,1966.6,2759.75,-793.15
1091,Dairy_Butter_1091,2023-03,804.37,1597.41,-793.04
1165,Personal Care_Skincare_1165,2025-02,2774.82,3567.73,-792.91
1080,Snacks_Chips_1080,2022-05,3319.44,4112.33,-792.89
1130,Snacks_Nuts_1130,2022-10,927.3,1719.72,-792.42
1002,Dairy_Cream_1002,2023-09,1029.75,1821.93,-792.18
1083,Dairy_Cheese_1083,2022-03,1374.12,2166.15,-792.03
1134,Household_Paper Products_1134,2024-03,1857.74,2649.62,-791.88
1012,Beverages_Juices_1012,2023-09,1142.1,1933.39,-791.29
1176,Snacks_Chocolates_1176,2021-09,512.25,1302.69,-790.44
1117,Snacks_Crackers_1117,2022-09,735.56,1525.81,-790.25
1040,Electronics_Mobile Accessories_1040,2023-05,10330.96,11119.9,-788.94
1006,Beverages_Coffee_1006,2023-09,883.4,1671.7,-788.3
1144,Household_Detergent_1144,2024-03,1948.37,2735.7,-787.33
1167,Grocery_Rice_1167,2024-04,4689.36,5476.15,-786.79
1109,Electronics_Batteries_1109,2024-05,4112.07,4898.47,-786.4
1141,Beverages_Coffee_1141,2023-09,583.05,1369.24,-786.19
1184,Snacks_Chocolates_1184,2023-08,3138.51,3924.65,-786.14
1195,Snacks_Chocolates_1195,2025-03,2815.02,3601.07,-786.05
1179,Household_Cleaning Supplies_1179,2024-12,2233.51,3019.27,-785.76
1049,Electronics_Batteries_1049,2024-04,10048.39,10833.72,-785.33
1191,Dairy_Butter_1191,2021-03,1108.8,1892.51,-783.71
1093,Snacks_Chips_1093,2021-09,502.74,1286.12,-783.38
1124,Dairy_Cheese_1124,2025-04,2525.91,3309.01,-783.1
1117,Snacks_Crackers_1117,2023-09,606.34,1389.08,-782.74
1087,Snacks_Crackers_1087,2025-04,531.75,1314.3,-782.55
1197,Electronics_Mobile Accessories_1197,2024-03,2281.68,3063.14,-781.46
1055,Dairy_Butter_1055,2025-04,735.24,1516.28,-781.04
1105,Beverages_Water_1105,2025-02,2340.31,3121.33,-781.02
1192,Dairy_Milk_1192,2023-03,2256.0,3037.01,-781.01
1074,Personal Care_Skincare_1074,2025-08,8049.0,8829.96,-780.96
1133,Electronics_Mobile Accessories_1133,2021-06,3655.8,4435.53,-779.73
1081,Snacks_Nuts_1081,2025-09,804.8,1584.32,-779.52
1081,Snacks_Nuts_1081,2025-04,940.51,1719.54,-779.03
1064,Snacks_Biscuits_1064,2024-06,1449.06,2227.68,-778.62
1088,Household_Cleaning Supplies_1088,2023-02,3975.69,4754.15,-778.46
1021,Grocery_Canned Goods_1021,2025-10,1729.8,2508.21,-778.41
1155,Electronics_Mobile Accessories_1155,2025-10,1075.36,1853.28,-777.92
1143,Dairy_Cheese_1143,2023-05,1738.21,2515.83,-777.62
1129,Electronics_Chargers_1129,2021-08,20254.69,21032.23,-777.54
1067,Grocery_Cereals_1067,2024-02,9088.97,9866.04,-777.07
1062,Personal Care_Deodorant_1062,2025-03,4763.99,5540.02,-776.03
1104,Grocery_Pasta_1104,2024-03,2711.93,3487.58,-775.65
1014,Dairy_Butter_1014,2021-09,626.4,1401.57,-775.17
1076,Snacks_Chocolates_1076,2024-07,2439.44,3214.32,-774.88
1198,Dairy_Cheese_1198,2024-11,2127.53,2901.92,-774.39
1074,Personal Care_Skincare_1074,2022-08,9632.76,10406.37,-773.61
1002,Dairy_Cream_1002,2023-05,1318.08,2091.45,-773.37
1083,Dairy_Cheese_1083,2021-09,1152.04,1924.55,-772.51
1123,Beverages_Water_1123,2025-09,854.34,1626.57,-772.23
1115,Household_Paper Products_1115,2022-12,4133.7,4904.63,-770.93
1025,Household_Detergent_1025,2023-03,820.34,1590.97,-770.63
1006,Beverages_Coffee_1006,2025-04,1154.34,1924.65,-770.31
1024,Grocery_Canned Goods_1024,2024-09,738.36,1508.52,-770.16
1017,Household_Paper Products_1017,2022-06,5230.83,6000.83,-770.0
1083,Dairy_Cheese_1083,2024-02,2391.91,3161.69,-769.78
1033,Household_Paper Products_1033,2023-02,6252.92,7022.18,-769.26
1003,Household_Cleaning Supplies_1003,2023-09,864.0,1632.96,-768.96
1119,Grocery_Pasta_1119,2022-06,4184.12,4952.84,-768.72
1127,Grocery_Rice_1127,2021-06,2696.76,3465.28,-768.52
1198,Dairy_Cheese_1198,2024-05,3135.11,3903.41,-768.3
1054,Snacks_Chips_1054,2023-09,808.52,1576.64,-768.12
1096,Electronics_Mobile Accessories_1096,2022-11,10221.6,10989.13,-767.53
1012,Beverages_Juices_1012,2024-08,1681.28,2448.04,-766.76
1058,Personal Care_Soap_1058,2023-03,4272.78,5038.86,-766.08
1132,Dairy_Butter_1132,2024-10,2678.06,3443.22,-765.16
1180,Grocery_Spices_1180,2022-03,663.6,1428.53,-764.93
1043,Electronics_Batteries_1043,2023-06,2143.33,2907.8,-764.47
1158,Snacks_Crackers_1158,2022-09,596.14,1360.25,-764.11
1139,Dairy_Cream_1139,2023-08,2563.65,3327.66,-764.01
1017,Household_Paper Products_1017,2021-08,6859.59,7623.49,-763.9
1089,Electronics_Mobile Accessories_1089,2024-04,9471.02,10234.78,-763.76
1080,Snacks_Chips_1080,2022-03,2291.75,3055.44,-763.69
1100,Electronics_Mobile Accessories_1100,2022-08,2516.53,3279.12,-762.59
1054,Snacks_Chips_1054,2022-02,1576.25,2338.84,-762.59
1106,Snacks_Chocolates_1106,2025-04,991.98,1754.46,-762.48
1114,Electronics_Batteries_1114,2023-10,12650.86,13412.96,-762.1
1101,Snacks_Crackers_1101,2022-08,3188.4,3950.42,-762.02
1106,Snacks_Chocolates_1106,2025-09,823.44,1585.46,-762.02
1008,Personal Care_Shampoo_1008,2025-08,6091.33,6853.3,-761.97
1135,Household_Trash Bags_1135,2025-07,5130.22,5891.59,-761.37
1005,Household_Paper Products_1005,2022-09,1628.4,2386.85,-758.45
1102,Snacks_Biscuits_1102,2022-11,1180.44,1938.6,-758.16
1051,Electronics_Cables_1051,2021-04,6519.57,7277.7,-758.13
1096,Electronics_Mobile Accessories_1096,2024-06,13516.59,14274.54,-757.95
1083,Dairy_Cheese_1083,2023-06,1240.84,1998.72,-757.88
1054,Snacks_Chips_1054,2022-03,818.38,1576.25,-757.87
1110,Grocery_Canned Goods_1110,2023-06,2169.44,2927.19,-757.75
1188,Grocery_Spices_1188,2022-05,2353.8,3111.28,-757.48
1051,Electronics_Cables_1051,2023-02,12516.65,13273.87,-757.22
1102,Snacks_Biscuits_1102,2023-06,2237.55,2994.06,-756.51
1111,Snacks_Nuts_1111,2023-09,1142.96,1899.28,-756.32
1190,Dairy_Milk_1190,2022-06,1863.92,2618.74,-754.82
1029,Grocery_Canned Goods_1029,2022-06,2901.6,3654.84,-753.24
1145,Household_Trash Bags_1145,2024-04,944.39,1697.55,-753.16
1003,Household_Cleaning Supplies_1003,2022-09,1248.0,2001.12,-753.12
1140,Personal Care_Shampoo_1140,2023-10,2366.1,3118.95,-752.85
1076,Snacks_Chocolates_1076,2022-02,3136.41,3889.01,-752.6
1118,Dairy_Milk_1118,2022-12,1522.49,2274.17,-751.68
1172,Electronics_Chargers_1172,2022-12,10200.24,10951.89,-751.65
1015,Dairy_Cream_1015,2022-03,2197.53,2948.88,-751.35
1031,Snacks_Chips_1031,2025-02,2001.59,2752.63,-751.04
1148,Household_Cleaning Supplies_1148,2023-10,4503.24,5253.78,-750.54
1094,Grocery_Rice_1094,2022-02,3298.43,4048.88,-750.45
1101,Snacks_Crackers_1101,2023-06,2441.21,3189.76,-748.55
1027,Snacks_Chips_1027,2024-03,591.87,1340.36,-748.49
1031,Snacks_Chips_1031,2024-03,2393.66,3141.89,-748.23
1008,Personal Care_Shampoo_1008,2023-10,4086.42,4833.4,-746.98
1156,Personal Care_Soap_1156,2025-03,5161.59,5908.55,-746.96
1118,Dairy_Milk_1118,2022-09,1516.8,2263.59,-746.79
1131,Snacks_Crackers_1131,2025-03,3622.21,4369.0,-746.79
1141,Beverages_Coffee_1141,2024-09,583.05,1329.81,-746.76
1058,Personal Care_Soap_1058,2021-02,7703.65,8449.78,-746.13
1197,Electronics_Mobile Accessories_1197,2025-03,2633.47,3379.58,-746.11
1111,Snacks_Nuts_1111,2024-09,1155.52,1901.59,-746.07
1180,Grocery_Spices_1180,2023-02,1010.02,1755.94,-745.92
1014,Dairy_Butter_1014,2022-09,571.59,1317.33,-745.74
1145,Household_Trash Bags_1145,2025-09,997.02,1742.67,-745.65
1115,Household_Paper Products_1115,2023-04,3572.23,4317.72,-745.49
1105,Beverages_Water_1105,2024-08,2242.93,2988.2,-745.27
1111,Snacks_Nuts_1111,2022-03,1029.92,1774.89,-744.97
1128,Grocery_Spices_1128,2022-10,1488.48,2232.72,-744.24
1161,Electronics_Batteries_1161,2025-10,6447.48,7191.42,-743.94
1088,Household_Cleaning Supplies_1088,2023-07,1789.42,2532.45,-743.03
1112,Household_Paper Products_1112,2022-03,716.22,1456.04,-739.82
1162,Dairy_Yogurt_1162,2025-10,1531.2,2270.4,-739.2
1005,Household_Paper Products_1005,2021-06,2141.7,2880.77,-739.07
1118,Dairy_Milk_1118,2024-02,3633.02,4371.67,-738.65
1118,Dairy_Milk_1118,2025-02,4266.34,5004.99,-738.65
1008,Personal Care_Shampoo_1008,2024-08,6089.63,6828.27,-738.64
1157,Household_Cleaning Supplies_1157,2025-02,2486.22,3224.8,-738.58
1049,Electronics_Batteries_1049,2022-05,14991.55,15730.05,-738.5
1034,Household_Cleaning Supplies_1034,2023-05,7655.48,8393.78,-738.3
1010,Grocery_Rice_1010,2024-03,2486.09,3224.1,-738.01
1172,Electronics_Chargers_1172,2024-05,12479.5,13216.0,-736.5
1016,Grocery_Rice_1016,2024-04,2356.99,3093.29,-736.3
1104,Grocery_Pasta_1104,2024-02,3487.58,4223.4,-735.82
1168,Snacks_Chips_1168,2024-11,1138.32,1873.76,-735.44
1024,Grocery_Canned Goods_1024,2022-03,580.14,1315.51,-735.37
1165,Personal Care_Skincare_1165,2021-08,2489.47,3223.49,-734.02
1024,Grocery_Canned Goods_1024,2022-08,1127.43,1860.51,-733.08
1092,Household_Detergent_1092,2022-06,2621.67,3354.58,-732.91
1190,Dairy_Milk_1190,2021-09,1681.58,2414.43,-732.85
1197,Electronics_Mobile Accessories_1197,2021-06,2144.76,2877.45,-732.69
1033,Household_Paper Products_1033,2024-08,4977.64,5710.2,-732.56
1166,Grocery_Spices_1166,2024-06,5333.86,6066.36,-732.5
1102,Snacks_Biscuits_1102,2025-10,1572.42,2304.78,-732.36
1194,Dairy_Butter_1194,2022-03,799.29,1531.55,-732.26
1126,Beverages_Soft Drinks_1126,2022-11,2121.17,2852.7,-731.53
1187,Personal Care_Skincare_1187,2022-02,9631.95,10363.4,-731.45
1075,Snacks_Crackers_1075,2025-09,1230.04,1961.27,-731.23
1100,Electronics_Mobile Accessories_1100,2023-02,2544.92,3274.72,-729.8
1073,Electronics_Chargers_1073,2022-05,15656.83,16386.36,-729.53
1171,Personal Care_Toothpaste_1171,2022-11,3312.49,4041.99,-729.5
1082,Household_Detergent_1082,2021-08,4996.76,5726.2,-729.44
1093,Snacks_Chips_1093,2024-09,694.26,1423.3,-729.04
1059,Electronics_Cables_1059,2024-04,2542.32,3270.12,-727.8
1030,Dairy_Cream_1030,2024-11,1432.6,2159.92,-727.32
1076,Snacks_Chocolates_1076,2025-06,2882.5,3609.62,-727.12
1093,Snacks_Chips_1093,2022-09,462.84,1189.27,-726.43
1142,Electronics_Mobile Accessories_1142,2024-04,1834.07,2559.83,-725.76
1092,Household_Detergent_1092,2024-03,4189.85,4915.2,-725.35
1158,Snacks_Crackers_1158,2021-03,370.77,1096.06,-725.29
1093,Snacks_Chips_1093,2023-03,887.93,1612.8,-724.87
1061,Personal Care_Skincare_1061,2021-06,8449.74,9174.48,-724.74
1060,Household_Detergent_1060,2024-11,2603.71,3328.16,-724.45
1008,Personal Care_Shampoo_1008,2023-09,4833.4,5557.36,-723.96
1131,Snacks_Crackers_1131,2023-08,3075.86,3799.78,-723.92
1112,Household_Paper Products_1112,2022-02,1456.04,2179.82,-723.78
1126,Beverages_Soft Drinks_1126,2023-06,2591.59,3315.3,-723.71
1015,Dairy_Cream_1015,2021-11,1772.39,2495.96,-723.57
1008,Personal Care_Shampoo_1008,2023-11,3362.94,4086.42,-723.48
1056,Snacks_Nuts_1056,2023-03,477.34,1200.53,-723.19
1162,Dairy_Yogurt_1162,2023-05,2508.0,3231.1,-723.1
1055,Dairy_Butter_1055,2025-02,1953.66,2676.04,-722.38
1032,Snacks_Chocolates_1032,2024-09,1258.28,1980.5,-722.22
1136,Personal Care_Shampoo_1136,2024-07,7831.59,8552.71,-721.12
1130,Snacks_Nuts_1130,2023-08,2023.32,2744.35,-721.03
1198,Dairy_Cheese_1198,2022-03,1943.25,2663.65,-720.4
1064,Snacks_Biscuits_1064,2025-02,3290.22,4009.41,-719.19
1124,Dairy_Cheese_1124,2023-08,3321.34,4039.34,-718.0
1200,Beverages_Juices_1200,2023-09,411.95,1129.9,-717.95
1092,Household_Detergent_1092,2021-02,4750.78,5468.31,-717.53
1050,Snacks_Chips_1050,2021-09,1391.52,2108.61,-717.09
1081,Snacks_Nuts_1081,2022-03,855.1,1572.16,-717.06
1106,Snacks_Chocolates_1106,2022-03,1003.92,1720.91,-716.99
1043,Electronics_Batteries_1043,2025-06,2472.54,3189.2,-716.66
1050,Snacks_Chips_1050,2025-09,1659.12,2375.56,-716.44
1059,Electronics_Cables_1059,2022-08,3507.52,4223.12,-715.6
1087,Snacks_Crackers_1087,2022-02,1329.59,2043.98,-714.39
1100,Electronics_Mobile Accessories_1100,2025-04,1509.27,2223.63,-714.36
1091,Dairy_Butter_1091,2024-09,576.84,1290.86,-714.02
1190,Dairy_Milk_1190,2023-03,2506.64,3219.71,-713.07
1058,Personal Care_Soap_1058,2025-08,6139.66,6852.61,-712.95
1061,Personal Care_Skincare_1061,2023-07,6768.67,7480.98,-712.31
1130,Snacks_Nuts_1130,2021-02,3273.32,3985.16,-711.84
1194,Dairy_Butter_1194,2023-02,1656.02,2367.6,-711.58
1007,Personal Care_Shampoo_1007,2024-08,9357.62,10069.17,-711.55
1054,Snacks_Chips_1054,2022-08,1252.36,1963.77,-711.41
1081,Snacks_Nuts_1081,2021-06,1056.3,1765.99,-709.69
1053,Snacks_Crackers_1053,2022-02,1859.89,2569.2,-709.31
1086,Grocery_Rice_1086,2025-03,2021.85,2729.66,-707.81
1021,Grocery_Canned Goods_1021,2021-11,2233.46,2940.66,-707.2
1062,Personal Care_Deodorant_1062,2023-02,4512.28,5219.14,-706.86
1032,Snacks_Chocolates_1032,2023-08,1673.22,2379.11,-705.89
1088,Household_Cleaning Supplies_1088,2024-09,2010.2,2716.03,-705.83
1086,Grocery_Rice_1086,2023-09,1159.62,1865.2,-705.58
1125,Personal Care_Toothpaste_1125,2023-07,2458.89,3164.16,-705.27
1180,Grocery_Spices_1180,2025-04,583.38,1288.64,-705.26
1169,Beverages_Soft Drinks_1169,2022-03,529.83,1234.22,-704.39
1108,Dairy_Butter_1108,2025-05,3617.44,4321.24,-703.8
1141,Beverages_Coffee_1141,2023-02,1144.07,1847.76,-703.69
1145,Household_Trash Bags_1145,2024-09,1077.24,1780.86,-703.62
1010,Grocery_Rice_1010,2023-07,1716.26,2419.1,-702.84
1142,Electronics_Mobile Accessories_1142,2025-06,1846.5,2549.32,-702.82
1080,Snacks_Chips_1080,2024-03,2843.31,3545.63,-702.32
1166,Grocery_Spices_1166,2022-11,4328.34,5030.64,-702.3
1135,Household_Trash Bags_1135,2021-08,7718.29,8420.52,-702.23
1141,Beverages_Coffee_1141,2021-06,870.35,1571.71,-701.36
1181,Personal Care_Soap_1181,2024-06,4242.49,4942.08,-699.59
1069,Grocery_Spices_1069,2021-11,3551.94,4251.3,-699.36
1130,Snacks_Nuts_1130,2022-09,1719.72,2418.68,-698.96
1082,Household_Detergent_1082,2024-06,4838.89,5537.84,-698.95
1012,Beverages_Juices_1012,2024-06,866.16,1565.1,-698.94
1105,Beverages_Water_1105,2024-10,1090.56,1789.2,-698.64
1146,Snacks_Chocolates_1146,2025-03,2779.11,3477.65,-698.54
1168,Snacks_Chips_1168,2021-02,3872.35,4570.33,-697.98
1018,Personal Care_Deodorant_1018,2021-12,6380.93,7078.66,-697.73
1179,Household_Cleaning Supplies_1179,2024-08,4994.42,5692.06,-697.64
1003,Household_Cleaning Supplies_1003,2024-09,948.0,1645.56,-697.56
1064,Snacks_Biscuits_1064,2023-03,1889.5,2587.02,-697.52
1082,Household_Detergent_1082,2022-05,5953.69,6651.04,-697.35
1090,Dairy_Cheese_1090,2022-07,3249.43,3946.32,-696.89
1161,Electronics_Batteries_1161,2024-08,14418.76,15115.58,-696.82
1181,Personal Care_Soap_1181,2023-10,2972.97,3667.95,-694.98
1163,Household_Paper Products_1163,2022-06,3776.39,4470.41,-694.02
1020,Beverages_Juices_1020,2025-09,796.8,1490.78,-693.98
1137,Snacks_Nuts_1137,2022-09,604.8,1298.42,-693.62
1120,Grocery_Cereals_1120,2025-07,6309.18,7000.83,-691.65
1132,Dairy_Butter_1132,2022-06,3999.7,4690.84,-691.14
1144,Household_Detergent_1144,2021-08,1614.23,2305.13,-690.9
1191,Dairy_Butter_1191,2021-06,1079.1,1769.96,-690.86
1147,Snacks_Crackers_1147,2024-02,3625.54,4316.07,-690.53
1165,Personal Care_Skincare_1165,2023-02,2444.15,3134.25,-690.1
1159,Electronics_Batteries_1159,2021-04,17296.02,17986.08,-690.06
1156,Personal Care_Soap_1156,2023-08,4518.07,5207.93,-689.86
1123,Beverages_Water_1123,2024-09,697.22,1386.66,-689.44
1134,Household_Paper Products_1134,2024-09,1120.23,1809.38,-689.15
1068,Electronics_Chargers_1068,2023-04,10493.8,11182.52,-688.72
1059,Electronics_Cables_1059,2025-07,2377.76,3065.04,-687.28
1051,Electronics_Cables_1051,2024-03,10374.97,11062.02,-687.05
1110,Grocery_Canned Goods_1110,2022-09,1435.98,2122.18,-686.2
1144,Household_Detergent_1144,2023-07,1696.59,2380.74,-684.15
1031,Snacks_Chips_1031,2023-06,1394.5,2076.72,-682.22
1084,Household_Paper Products_1084,2025-02,7249.21,7930.77,-681.56
1111,Snacks_Nuts_1111,2023-02,2369.73,3050.34,-680.61
1128,Grocery_Spices_1128,2023-06,2748.34,3428.82,-680.48
1006,Beverages_Coffee_1006,2022-09,883.4,1563.78,-680.38
1096,Electronics_Mobile Accessories_1096,2025-10,8610.04,9289.78,-679.74
1113,Dairy_Cheese_1113,2022-06,2453.13,3132.83,-679.7
1093,Snacks_Chips_1093,2021-03,845.88,1525.47,-679.59
1005,Household_Paper Products_1005,2022-08,2386.85,3065.46,-678.61
1119,Grocery_Pasta_1119,2022-02,4555.89,5234.45,-678.56
1062,Personal Care_Deodorant_1062,2022-02,4370.97,5049.51,-678.54
1180,Grocery_Spices_1180,2025-09,436.8,1114.76,-677.96
1033,Household_Paper Products_1033,2024-04,3119.94,3797.73,-677.79
1022,Household_Cleaning Supplies_1022,2022-11,4749.99,5427.18,-677.19
1058,Personal Care_Soap_1058,2021-10,3470.39,4146.44,-676.05
1032,Snacks_Chocolates_1032,2023-02,2242.71,2917.67,-674.96
1050,Snacks_Chips_1050,2022-06,1837.52,2512.1,-674.58
1126,Beverages_Soft Drinks_1126,2022-08,4680.23,5354.25,-674.02
1120,Grocery_Cereals_1120,2022-11,3505.91,4179.6,-673.69
1122,Dairy_Yogurt_1122,2021-06,3697.2,4370.68,-673.48
1032,Snacks_Chocolates_1032,2024-03,2464.12,3137.43,-673.31
1055,Dairy_Butter_1055,2022-03,935.76,1608.11,-672.35
1023,Personal Care_Toothpaste_1023,2024-04,5704.9,6376.96,-672.06
1132,Dairy_Butter_1132,2024-05,4834.42,5504.5,-670.08
1082,Household_Detergent_1082,2024-11,3617.46,4287.36,-669.9
1012,Beverages_Juices_1012,2023-05,1621.5,2291.32,-669.82
1064,Snacks_Biscuits_1064,2023-06,1982.18,2652.0,-669.82
1005,Household_Paper Products_1005,2022-02,2729.79,3398.93,-669.14
1190,Dairy_Milk_1190,2024-08,2253.22,2921.93,-668.71
1110,Grocery_Canned Goods_1110,2022-06,2061.92,2730.49,-668.57
1113,Dairy_Cheese_1113,2021-08,3567.06,4235.47,-668.41
1134,Household_Paper Products_1134,2021-06,1728.75,2396.93,-668.18
1104,Grocery_Pasta_1104,2022-02,3598.32,4266.24,-667.92
1104,Grocery_Pasta_1104,2022-06,2259.84,2927.76,-667.92
1028,Household_Paper Products_1028,2024-04,4729.81,5397.59,-667.78
1070,Grocery_Canned Goods_1070,2023-11,2623.44,3290.82,-667.38
1123,Beverages_Water_1123,2023-09,805.24,1472.54,-667.3
1176,Snacks_Chocolates_1176,2024-03,775.25,1440.8,-665.55
1110,Grocery_Canned Goods_1110,2021-06,2209.2,2874.31,-665.11
1083,Dairy_Cheese_1083,2022-06,1790.52,2455.03,-664.51
1176,Snacks_Chocolates_1176,2025-09,553.23,1217.66,-664.43
1121,Grocery_Rice_1121,2021-12,1944.68,2609.1,-664.42
1186,Dairy_Yogurt_1186,2021-03,649.74,1312.92,-663.18
1125,Personal Care_Toothpaste_1125,2023-11,2061.11,2723.97,-662.86
1069,Grocery_Spices_1069,2024-12,4047.21,4709.3,-662.09
1103,Dairy_Milk_1103,2024-05,4491.63,5153.5,-661.87
1060,Household_Detergent_1060,2022-05,4621.03,5282.61,-661.58
1117,Snacks_Crackers_1117,2022-03,894.6,1556.12,-661.52
1059,Electronics_Cables_1059,2021-08,3205.19,3866.4,-661.21
1081,Snacks_Nuts_1081,2023-02,1645.04,2305.77,-660.73
1168,Snacks_Chips_1168,2021-06,2734.16,3394.28,-660.12
1071,Grocery_Canned Goods_1071,2023-03,417.4,1075.17,-657.77
1100,Electronics_Mobile Accessories_1100,2025-03,2223.63,2881.03,-657.4
1056,Snacks_Nuts_1056,2024-09,484.38,1141.71,-657.33
1029,Grocery_Canned Goods_1029,2021-11,1547.61,2204.1,-656.49
1163,Household_Paper Products_1163,2025-04,3363.6,4019.59,-655.99
1041,Snacks_Nuts_1041,2022-05,1368.26,2022.72,-654.46
1023,Personal Care_Toothpaste_1023,2022-05,7039.96,7694.18,-654.22
1069,Grocery_Spices_1069,2024-06,3980.14,4634.3,-654.16
1087,Snacks_Crackers_1087,2021-02,1579.48,2233.38,-653.9
1158,Snacks_Crackers_1158,2025-09,625.22,1278.55,-653.33
1168,Snacks_Chips_1168,2024-02,3445.32,4098.47,-653.15
1117,Snacks_Crackers_1117,2024-02,1639.98,2292.88,-652.9
1025,Household_Detergent_1025,2023-09,652.96,1305.82,-652.86
1083,Dairy_Cheese_1083,2021-11,999.09,1651.72,-652.63
1102,Snacks_Biscuits_1102,2024-09,1809.36,2461.91,-652.55
1025,Household_Detergent_1025,2022-03,771.68,1423.58,-651.9
1066,Household_Cleaning Supplies_1066,2025-08,7547.92,8199.56,-651.64
1156,Personal Care_Soap_1156,2022-06,3802.4,4453.8,-651.4
1059,Electronics_Cables_1059,2023-05,2038.08,2688.34,-650.26
1106,Snacks_Chocolates_1106,2023-02,1668.64,2318.78,-650.14
1184,Snacks_Chocolates_1184,2021-10,1254.96,1904.85,-649.89
1090,Dairy_Cheese_1090,2021-08,5777.37,6427.08,-649.71
1198,Dairy_Cheese_1198,2024-06,2486.85,3135.11,-648.26
1113,Dairy_Cheese_1113,2023-03,2772.75,3420.77,-648.02
1138,Household_Cleaning Supplies_1138,2025-10,3517.28,4165.2,-647.92
1186,Dairy_Yogurt_1186,2024-02,723.81,1371.48,-647.67
1074,Personal Care_Skincare_1074,2024-05,7081.71,7729.15,-647.44
1094,Grocery_Rice_1094,2023-09,2115.0,2761.72,-646.72
1057,Beverages_Tea_1057,2024-10,2478.48,3125.04,-646.56
1180,Grocery_Spices_1180,2021-03,630.0,1276.17,-646.17
1028,Household_Paper Products_1028,2023-11,2654.5,3300.62,-646.12
1055,Dairy_Butter_1055,2022-09,1180.84,1826.75,-645.91
1198,Dairy_Cheese_1198,2021-06,3135.11,3780.97,-645.86
1083,Dairy_Cheese_1083,2024-09,1290.84,1936.37,-645.53
1191,Dairy_Butter_1191,2022-03,1019.7,1664.93,-645.23
1002,Dairy_Cream_1002,2025-03,1551.42,2196.44,-645.02
1024,Grocery_Canned Goods_1024,2023-09,606.51,1251.19,-644.68
1093,Snacks_Chips_1093,2025-09,526.68,1171.36,-644.68
1130,Snacks_Nuts_1130,2025-03,2433.92,3078.43,-644.51
1107,Electronics_Mobile Accessories_1107,2024-10,12379.29,13022.37,-643.08
1060,Household_Detergent_1060,2023-10,3328.16,3971.1,-642.94
1153,Electronics_Batteries_1153,2022-10,13500.48,14143.36,-642.88
1162,Dairy_Yogurt_1162,2023-03,3105.7,3748.07,-642.37
1181,Personal Care_Soap_1181,2022-11,2640.17,3281.85,-641.68
1081,Snacks_Nuts_1081,2023-09,724.32,1365.92,-641.6
1016,Grocery_Rice_1016,2025-10,1302.48,1944.0,-641.52
1179,Household_Cleaning Supplies_1179,2023-02,4356.81,4997.91,-641.1
1018,Personal Care_Deodorant_1018,2022-11,4875.02,5516.0,-640.98
1062,Personal Care_Deodorant_1062,2022-09,2713.74,3353.82,-640.08
1160,Snacks_Nuts_1160,2025-09,457.32,1096.93,-639.61
1170,Dairy_Yogurt_1170,2024-10,1576.2,2215.2,-639.0
1154,Household_Cleaning Supplies_1154,2025-06,1903.86,2542.4,-638.54
1195,Snacks_Chocolates_1195,2021-08,2992.3,3630.8,-638.5
1095,Snacks_Chocolates_1095,2025-06,2667.3,3305.36,-638.06
1124,Dairy_Cheese_1124,2021-10,1464.44,2102.18,-637.74
1121,Grocery_Rice_1121,2025-10,1849.04,2486.64,-637.6
1184,Snacks_Chocolates_1184,2021-08,3035.96,3673.4,-637.44
1123,Beverages_Water_1123,2022-03,893.62,1530.86,-637.24
1102,Snacks_Biscuits_1102,2023-02,3578.74,4214.48,-635.74
1053,Snacks_Crackers_1053,2025-09,1118.4,1753.97,-635.57
1011,Personal Care_Shampoo_1011,2023-11,1625.57,2261.07,-635.5
1157,Household_Cleaning Supplies_1157,2024-08,1519.56,2154.94,-635.38
1079,Beverages_Juices_1079,2022-09,431.6,1066.57,-634.97
1088,Household_Cleaning Supplies_1088,2022-02,3237.48,3872.28,-634.8
1108,Dairy_Butter_1108,2025-02,8614.82,9248.28,-633.46
1110,Grocery_Canned Goods_1110,2025-04,1213.6,1846.96,-633.36
1163,Household_Paper Products_1163,2021-12,3284.33,3917.68,-633.35
1107,Electronics_Mobile Accessories_1107,2022-02,25572.77,26205.69,-632.92
1016,Grocery_Rice_1016,2024-12,1347.04,1979.87,-632.83
1190,Dairy_Milk_1190,2024-09,1620.8,2253.22,-632.42
1156,Personal Care_Soap_1156,2023-06,4223.38,4854.85,-631.47
1140,Personal Care_Shampoo_1140,2025-02,6177.14,6808.54,-631.4
1094,Grocery_Rice_1094,2023-02,4590.63,5221.29,-630.66
1021,Grocery_Canned Goods_1021,2022-05,3376.65,4007.22,-630.57
1174,Electronics_Mobile Accessories_1174,2021-08,37651.66,38281.48,-629.82
1026,Snacks_Biscuits_1026,2022-09,387.6,1017.39,-629.79
1157,Household_Cleaning Supplies_1157,2023-09,1155.77,1784.62,-628.85
1111,Snacks_Nuts_1111,2024-08,1901.59,2530.25,-628.66
1029,Grocery_Canned Goods_1029,2021-02,4356.96,4985.04,-628.08
1138,Household_Cleaning Supplies_1138,2021-08,6483.63,7111.3,-627.67
1068,Electronics_Chargers_1068,2023-06,9737.2,10364.81,-627.61
1140,Personal Care_Shampoo_1140,2024-05,3907.65,4535.2,-627.55
1123,Beverages_Water_1123,2021-09,697.22,1324.38,-627.16
1071,Grocery_Canned Goods_1071,2021-03,603.9,1230.57,-626.67
1082,Household_Detergent_1082,2021-02,9035.38,9661.03,-625.65
1052,Snacks_Crackers_1052,2025-06,2143.38,2768.88,-625.5
1046,Household_Paper Products_1046,2024-05,5469.86,6094.9,-625.04
1184,Snacks_Chocolates_1184,2022-06,1837.62,2462.36,-624.74
1154,Household_Cleaning Supplies_1154,2025-03,2363.54,2988.12,-624.58
1074,Personal Care_Skincare_1074,2021-12,5510.04,6134.15,-624.11
1189,Electronics_Batteries_1189,2022-10,8344.93,8968.85,-623.92
1160,Snacks_Nuts_1160,2024-03,610.06,1233.83,-623.77
1134,Household_Paper Products_1134,2024-08,1809.38,2432.43,-623.05
1013,Grocery_Cereals_1013,2025-05,3634.26,4256.71,-622.45
1116,Personal Care_Skincare_1116,2021-02,15518.12,16139.68,-621.56
1101,Snacks_Crackers_1101,2023-03,3037.38,3658.21,-620.83
1014,Dairy_Butter_1014,2025-04,704.7,1325.46,-620.76
1015,Dairy_Cream_1015,2021-06,3526.9,4147.56,-620.66
1165,Personal Care_Skincare_1165,2025-09,1781.9,2401.24,-619.34
1027,Snacks_Chips_1027,2025-04,380.89,999.85,-618.96
1127,Grocery_Rice_1127,2022-08,3041.5,3660.38,-618.88
1111,Snacks_Nuts_1111,2024-02,2579.4,3197.7,-618.3
1025,Household_Detergent_1025,2024-02,1555.7,2173.89,-618.19
1180,Grocery_Spices_1180,2023-09,722.4,1340.3,-617.9
1004,Beverages_Juices_1004,2022-11,1913.92,2531.64,-617.72
1179,Household_Cleaning Supplies_1179,2021-03,3143.56,3760.89,-617.33
1017,Household_Paper Products_1017,2025-08,6130.23,6746.33,-616.1
1122,Dairy_Yogurt_1122,2024-04,3807.41,4422.97,-615.56
1091,Dairy_Butter_1091,2024-02,1324.04,1939.34,-615.3
1006,Beverages_Coffee_1006,2021-06,1665.84,2281.01,-615.17
1102,Snacks_Biscuits_1102,2023-09,2218.62,2833.64,-615.02
1006,Beverages_Coffee_1006,2022-05,1578.26,2193.02,-614.76
1098,Electronics_Mobile Accessories_1098,2023-05,13665.96,14280.64,-614.68
1048,Snacks_Biscuits_1048,2025-09,1234.43,1849.04,-614.61
1100,Electronics_Mobile Accessories_1100,2024-09,1110.81,1725.26,-614.45
1010,Grocery_Rice_1010,2023-05,1807.3,2421.72,-614.42
1190,Dairy_Milk_1190,2024-02,4229.49,4843.0,-613.51
1091,Dairy_Butter_1091,2025-09,699.2,1312.11,-612.91
1071,Grocery_Canned Goods_1071,2022-03,439.2,1051.98,-612.78
1138,Household_Cleaning Supplies_1138,2024-06,5588.84,6201.52,-612.68
1054,Snacks_Chips_1054,2025-03,1340.02,1952.52,-612.5
1108,Dairy_Butter_1108,2024-06,4735.29,5347.52,-612.23
1171,Personal Care_Toothpaste_1171,2025-03,5198.0,5809.57,-611.57
1200,Beverages_Juices_1200,2021-03,771.47,1382.68,-611.21
1107,Electronics_Mobile Accessories_1107,2023-06,17395.33,18006.24,-610.91
1091,Dairy_Butter_1091,2023-09,681.72,1291.91,-610.19
1012,Beverages_Juices_1012,2024-09,1071.6,1681.28,-609.68
1071,Grocery_Canned Goods_1071,2025-04,353.71,962.95,-609.24
1025,Household_Detergent_1025,2025-02,1163.12,1772.12,-609.0
1010,Grocery_Rice_1010,2023-02,2703.57,3311.93,-608.36
1195,Snacks_Chocolates_1195,2022-02,2956.26,3564.25,-607.99
1033,Household_Paper Products_1033,2024-02,5628.9,6236.35,-607.45
1021,Grocery_Canned Goods_1021,2022-02,4513.49,5120.67,-607.18
1112,Household_Paper Products_1112,2023-09,799.26,1406.4,-607.14
1123,Beverages_Water_1123,2024-03,1270.56,1877.45,-606.89
1193,Beverages_Tea_1193,2023-05,1761.49,2367.4,-605.91
1122,Dairy_Yogurt_1122,2023-05,3823.6,4429.45,-605.85
1179,Household_Cleaning Supplies_1179,2025-10,1932.28,2537.92,-605.64
1004,Beverages_Juices_1004,2024-04,2554.29,3159.71,-605.42
1060,Household_Detergent_1060,2023-05,3819.82,4423.95,-604.13
1076,Snacks_Chocolates_1076,2021-09,1860.86,2464.99,-604.13
1120,Grocery_Cereals_1120,2024-10,3343.68,3947.4,-603.72
1041,Snacks_Nuts_1041,2023-09,1183.36,1786.77,-603.41
1194,Dairy_Butter_1194,2022-02,1531.55,2134.61,-603.06
1095,Snacks_Chocolates_1095,2022-08,3268.73,3871.78,-603.05
1200,Beverages_Juices_1200,2025-04,676.54,1279.01,-602.47
1095,Snacks_Chocolates_1095,2023-05,2029.24,2631.56,-602.32
1075,Snacks_Crackers_1075,2025-04,935.37,1537.62,-602.25
1095,Snacks_Chocolates_1095,2021-05,2630.65,3232.14,-601.49
1058,Personal Care_Soap_1058,2021-08,7043.7,7644.89,-601.19
1030,Dairy_Cream_1030,2023-02,3786.3,4386.35,-600.05
1004,Beverages_Juices_1004,2024-11,1832.83,2432.36,-599.53
1142,Electronics_Mobile Accessories_1142,2025-03,2025.06,2624.15,-599.09
1047,Household_Detergent_1047,2025-08,4757.56,5356.28,-598.72
1149,Electronics_Chargers_1149,2024-08,17219.95,17817.58,-597.63
1158,Snacks_Crackers_1158,2021-09,516.17,1113.06,-596.89
1020,Beverages_Juices_1020,2022-09,1035.84,1631.64,-595.8
1111,Snacks_Nuts_1111,2021-08,1760.43,2355.51,-595.08
1094,Grocery_Rice_1094,2024-11,1285.23,1880.0,-594.77
1155,Electronics_Mobile Accessories_1155,2024-02,4111.89,4706.62,-594.73
1190,Dairy_Milk_1190,2024-04,2246.52,2841.21,-594.69
1141,Beverages_Coffee_1141,2022-09,591.5,1186.18,-594.68
1160,Snacks_Nuts_1160,2025-04,339.66,934.13,-594.47
1041,Snacks_Nuts_1041,2024-02,2378.39,2972.65,-594.26
1150,Electronics_Batteries_1150,2025-03,21564.9,22158.28,-593.38
1090,Dairy_Cheese_1090,2025-03,4661.54,5254.72,-593.18
1160,Snacks_Nuts_1160,2022-09,364.62,956.84,-592.22
1125,Personal Care_Toothpaste_1125,2024-02,5836.58,6428.53,-591.95
1071,Grocery_Canned Goods_1071,2022-09,395.28,986.8,-591.52
1179,Household_Cleaning Supplies_1179,2023-05,3403.12,3994.61,-591.49
1083,Dairy_Cheese_1083,2024-05,1346.36,1937.81,-591.45
1085,Personal Care_Skincare_1085,2024-06,2923.96,3515.16,-591.2
1145,Household_Trash Bags_1145,2023-09,962.64,1553.68,-591.04
1075,Snacks_Crackers_1075,2023-05,1577.66,2168.46,-590.8
1014,Dairy_Butter_1014,2023-09,563.76,1154.15,-590.39
1182,Beverages_Tea_1182,2022-06,1598.28,2188.15,-589.87
1034,Household_Cleaning Supplies_1034,2024-04,7114.69,7704.44,-589.75
1006,Beverages_Coffee_1006,2021-09,1123.18,1711.71,-588.53
1184,Snacks_Chocolates_1184,2023-05,2711.61,3300.12,-588.51
1125,Personal Care_Toothpaste_1125,2022-05,3008.87,3597.35,-588.48
1191,Dairy_Butter_1191,2023-03,946.44,1534.91,-588.47
1123,Beverages_Water_1123,2022-06,1109.66,1698.04,-588.38
1131,Snacks_Crackers_1131,2024-07,3107.5,3694.89,-587.39
1090,Dairy_Cheese_1090,2022-06,3946.32,4533.21,-586.89
1113,Dairy_Cheese_1113,2025-02,4469.46,5055.38,-585.92
1092,Household_Detergent_1092,2021-12,2441.23,3026.73,-585.5
1197,Electronics_Mobile Accessories_1197,2023-03,1962.55,2547.45,-584.9
1059,Electronics_Cables_1059,2023-11,1093.19,1677.17,-583.98
1198,Dairy_Cheese_1198,2024-04,3903.41,4487.14,-583.73
1047,Household_Detergent_1047,2023-07,3978.03,4561.44,-583.41
1082,Household_Detergent_1082,2022-11,3883.53,4466.0,-582.47
1137,Snacks_Nuts_1137,2024-03,687.69,1270.11,-582.42
1063,Snacks_Chocolates_1063,2024-05,1265.16,1846.86,-581.7
1024,Grocery_Canned Goods_1024,2025-09,782.31,1363.6,-581.29
1130,Snacks_Nuts_1130,2025-06,1526.82,2107.5,-580.68
1137,Snacks_Nuts_1137,2021-03,571.2,1150.63,-579.43
1025,Household_Detergent_1025,2024-03,976.35,1555.7,-579.35
1181,Personal Care_Soap_1181,2022-10,3281.85,3861.0,-579.15
1113,Dairy_Cheese_1113,2023-08,2640.18,3217.75,-577.57
1151,Electronics_Cables_1151,2021-05,23624.33,24201.84,-577.51
1021,Grocery_Canned Goods_1021,2025-02,4868.92,5445.73,-576.81
1188,Grocery_Spices_1188,2025-02,4452.52,5028.65,-576.13
1087,Snacks_Crackers_1087,2022-03,753.6,1329.59,-575.99
1163,Household_Paper Products_1163,2024-02,6760.17,7335.85,-575.68
1194,Dairy_Butter_1194,2024-02,1722.5,2297.98,-575.48
1069,Grocery_Spices_1069,2021-08,5646.57,6221.32,-574.75
1105,Beverages_Water_1105,2022-02,2420.75,2994.78,-574.03
1112,Household_Paper Products_1112,2021-08,1322.98,1896.93,-573.95
1024,Grocery_Canned Goods_1024,2022-09,553.77,1127.43,-573.66
1050,Snacks_Chips_1050,2023-08,2443.92,3017.58,-573.66
1020,Beverages_Juices_1020,2024-09,846.6,1419.67,-573.07
1031,Snacks_Chips_1031,2025-06,1488.78,2061.45,-572.67
1164,Electronics_Cables_1164,2021-08,31082.88,31655.35,-572.47
1182,Beverages_Tea_1182,2024-09,1289.84,1861.82,-571.98
1113,Dairy_Cheese_1113,2024-04,3016.4,3587.84,-571.44
1004,Beverages_Juices_1004,2021-10,1911.14,2482.0,-570.86
1187,Personal Care_Skincare_1187,2024-10,5565.3,6136.1,-570.8
1086,Grocery_Rice_1086,2025-04,1451.31,2021.85,-570.54
1162,Dairy_Yogurt_1162,2023-07,3404.54,3974.78,-570.24
1108,Dairy_Butter_1108,2023-12,3779.22,4349.01,-569.79
1193,Beverages_Tea_1193,2021-04,914.48,1484.09,-569.61
1005,Household_Paper Products_1005,2025-03,2332.86,2901.9,-569.04
1095,Snacks_Chocolates_1095,2024-03,3581.26,4149.68,-568.42
1145,Household_Trash Bags_1145,2023-03,1307.0,1875.29,-568.29
1044,Snacks_Biscuits_1044,2024-04,2249.75,2817.39,-567.64
1057,Beverages_Tea_1057,2021-02,5317.41,5884.86,-567.45
1112,Household_Paper Products_1112,2024-09,944.58,1511.93,-567.35
1057,Beverages_Tea_1057,2023-07,2504.2,3071.16,-566.96
1112,Household_Paper Products_1112,2025-02,1206.41,1773.29,-566.88
1125,Personal Care_Toothpaste_1125,2021-10,1618.2,2184.57,-566.37
1087,Snacks_Crackers_1087,2024-03,1118.18,1684.31,-566.13
1053,Snacks_Crackers_1053,2021-06,1724.2,2290.23,-566.03
1124,Dairy_Cheese_1124,2023-06,3024.34,3590.24,-565.9
1120,Grocery_Cereals_1120,2024-03,8316.26,8881.82,-565.56
1049,Electronics_Batteries_1049,2024-12,11227.33,11792.64,-565.31
1112,Household_Paper Products_1112,2024-02,1538.01,2103.15,-565.14
1015,Dairy_Cream_1015,2023-11,2310.95,2875.78,-564.83
1197,Electronics_Mobile Accessories_1197,2024-02,3063.14,3627.65,-564.51
1112,Household_Paper Products_1112,2024-04,843.77,1408.25,-564.48
1043,Electronics_Batteries_1043,2023-08,2493.2,3056.94,-563.74
1015,Dairy_Cream_1015,2023-02,4653.76,5217.39,-563.63
1155,Electronics_Mobile Accessories_1155,2022-11,1747.56,2310.88,-563.32
1002,Dairy_Cream_1002,2024-02,2323.03,2886.03,-563.0
1025,Household_Detergent_1025,2022-06,644.48,1207.34,-562.86
1108,Dairy_Butter_1108,2022-06,3263.56,3826.33,-562.77
1186,Dairy_Yogurt_1186,2022-09,491.4,1053.38,-561.98
1142,Electronics_Mobile Accessories_1142,2024-08,2194.86,2756.2,-561.34
1118,Dairy_Milk_1118,2025-07,3131.96,3692.68,-560.72
1075,Snacks_Crackers_1075,2025-03,1537.62,2097.59,-559.97
1101,Snacks_Crackers_1101,2024-02,4353.32,4912.65,-559.33
1031,Snacks_Chips_1031,2022-06,1832.4,2391.62,-559.22
1098,Electronics_Mobile Accessories_1098,2023-06,13106.85,13665.96,-559.11
1178,Beverages_Soft Drinks_1178,2022-11,1930.69,2489.76,-559.07
1102,Snacks_Biscuits_1102,2022-02,3378.24,3937.08,-558.84
1048,Snacks_Biscuits_1048,2025-03,1998.9,2557.19,-558.29
1192,Dairy_Milk_1192,2025-02,3879.21,4437.07,-557.86
1187,Personal Care_Skincare_1187,2021-04,6720.2,7277.7,-557.5
1004,Beverages_Juices_1004,2023-06,2495.91,3052.86,-556.95
1046,Household_Paper Products_1046,2025-03,8377.29,8933.91,-556.62
1122,Dairy_Yogurt_1122,2025-04,2809.24,3365.72,-556.48
1055,Dairy_Butter_1055,2023-09,924.62,1481.03,-556.41
1064,Snacks_Biscuits_1064,2022-11,1052.57,1608.88,-556.31
1106,Snacks_Chocolates_1106,2025-02,1854.23,2410.51,-556.28
1182,Beverages_Tea_1182,2021-07,1435.24,1990.84,-555.6
1039,Beverages_Soft Drinks_1039,2021-06,3860.59,4415.69,-555.1
1065,Electronics_Chargers_1065,2024-06,20073.44,20628.28,-554.84
1198,Dairy_Cheese_1198,2022-11,1958.91,2513.27,-554.36
1162,Dairy_Yogurt_1162,2021-08,3611.78,4165.59,-553.81
1165,Personal Care_Skincare_1165,2025-08,2401.24,2955.01,-553.77
1142,Electronics_Mobile Accessories_1142,2022-06,1782.96,2336.23,-553.27
1171,Personal Care_Toothpaste_1171,2024-02,7432.95,7986.01,-553.06
1059,Electronics_Cables_1059,2021-06,2717.44,3269.89,-552.45
1200,Beverages_Juices_1200,2025-09,546.77,1098.78,-552.01
1094,Grocery_Rice_1094,2021-08,3453.33,4005.16,-551.83
1024,Grocery_Canned Goods_1024,2022-06,922.95,1474.47,-551.52
1091,Dairy_Butter_1091,2025-03,949.72,1500.7,-550.98
1182,Beverages_Tea_1182,2024-05,1416.02,1965.35,-549.33
1159,Electronics_Batteries_1159,2024-07,28526.46,29075.19,-548.73
1027,Snacks_Chips_1027,2021-03,635.25,1183.71,-548.46
1021,Grocery_Canned Goods_1021,2024-10,1960.44,2508.21,-547.77
1127,Grocery_Rice_1127,2024-02,4108.66,4656.32,-547.66
1110,Grocery_Canned Goods_1110,2023-03,1990.54,2538.07,-547.53
1121,Grocery_Rice_1121,2021-11,2609.1,3156.12,-547.02
1020,Beverages_Juices_1020,2025-04,585.22,1132.24,-547.02
1116,Personal Care_Skincare_1116,2024-10,5937.12,6483.96,-546.84
1029,Grocery_Canned Goods_1029,2023-05,3571.2,4117.98,-546.78
1054,Snacks_Chips_1054,2023-03,1095.32,1641.91,-546.59
1198,Dairy_Cheese_1198,2023-07,2872.03,3417.04,-545.01
1044,Snacks_Biscuits_1044,2025-08,2981.0,3525.95,-544.95
1170,Dairy_Yogurt_1170,2024-04,2327.33,2872.1,-544.77
1071,Grocery_Canned Goods_1071,2021-09,581.94,1126.71,-544.77
1123,Beverages_Water_1123,2025-03,1175.13,1718.58,-543.45
1118,Dairy_Milk_1118,2021-06,2962.5,3505.12,-542.62
1136,Personal Care_Shampoo_1136,2021-10,4702.62,5245.23,-542.61
1112,Household_Paper Products_1112,2023-03,924.5,1465.92,-541.42
1181,Personal Care_Soap_1181,2024-10,2471.04,3011.58,-540.54
1027,Snacks_Chips_1027,2024-09,417.45,956.85,-539.4
1160,Snacks_Nuts_1160,2024-11,351.31,889.92,-538.61
1194,Dairy_Butter_1194,2023-09,731.88,1270.49,-538.61
1027,Snacks_Chips_1027,2025-09,417.45,955.76,-538.31
1008,Personal Care_Shampoo_1008,2022-06,4613.7,5151.98,-538.28
1014,Dairy_Butter_1014,2023-06,534.9,1072.71,-537.81
1110,Grocery_Canned Goods_1110,2021-12,1135.55,1672.76,-537.21
1196,Grocery_Pasta_1196,2022-11,2038.01,2574.84,-536.83
1060,Household_Detergent_1060,2022-06,4084.56,4621.03,-536.47
1057,Beverages_Tea_1057,2024-05,3448.32,3983.73,-535.41
1122,Dairy_Yogurt_1122,2022-05,4175.15,4710.38,-535.23
1136,Personal Care_Shampoo_1136,2022-05,6541.51,7076.7,-535.19
1101,Snacks_Crackers_1101,2021-06,3065.16,3600.27,-535.11
1112,Household_Paper Products_1112,2021-06,1276.74,1810.8,-534.06
1193,Beverages_Tea_1193,2021-09,1262.17,1795.51,-533.34
1081,Snacks_Nuts_1081,2023-05,945.64,1478.26,-532.62
1175,Household_Trash Bags_1175,2022-11,5033.31,5565.12,-531.81
1101,Snacks_Crackers_1101,2023-08,3279.84,3811.1,-531.26
1005,Household_Paper Products_1005,2021-10,973.5,1504.5,-531.0
1160,Snacks_Nuts_1160,2022-03,568.56,1099.5,-530.94
1188,Grocery_Spices_1188,2023-07,1887.76,2418.66,-530.9
1134,Household_Paper Products_1134,2021-04,1267.07,1797.9,-530.83
1118,Dairy_Milk_1118,2024-07,3069.39,3600.03,-530.64
1131,Snacks_Crackers_1131,2024-11,1676.29,2206.18,-529.89
1076,Snacks_Chocolates_1076,2023-02,3605.66,4134.07,-528.41
1137,Snacks_Nuts_1137,2022-02,834.12,1362.48,-528.36
1140,Personal Care_Shampoo_1140,2023-02,5842.35,6370.43,-528.08
1106,Snacks_Chocolates_1106,2023-09,1026.48,1554.08,-527.6
1005,Household_Paper Products_1005,2023-02,2371.85,2898.94,-527.09
1137,Snacks_Nuts_1137,2021-06,725.76,1252.12,-526.36
1088,Household_Cleaning Supplies_1088,2025-08,3341.88,3867.9,-526.02
1134,Household_Paper Products_1134,2021-11,898.67,1424.49,-525.82
1146,Snacks_Chocolates_1146,2024-04,1994.11,2519.83,-525.72
1138,Household_Cleaning Supplies_1138,2023-05,5090.8,5616.3,-525.5
1102,Snacks_Biscuits_1102,2025-08,3167.84,3693.26,-525.42
1044,Snacks_Biscuits_1044,2023-05,2375.11,2900.39,-525.28
1081,Snacks_Nuts_1081,2023-03,1120.36,1645.04,-524.68
1127,Grocery_Rice_1127,2021-08,4212.22,4736.67,-524.45
1020,Beverages_Juices_1020,2024-05,1065.72,1589.78,-524.06
1139,Dairy_Cream_1139,2021-08,4399.73,4923.58,-523.85
1186,Dairy_Yogurt_1186,2023-03,503.26,1026.87,-523.61
1043,Electronics_Batteries_1043,2023-09,1969.8,2493.2,-523.4
1095,Snacks_Chocolates_1095,2024-10,1715.44,2238.44,-523.0
1176,Snacks_Chocolates_1176,2022-03,566.89,1089.16,-522.27
1121,Grocery_Rice_1121,2022-06,3761.84,4283.88,-522.04
1124,Dairy_Cheese_1124,2025-02,3522.95,4044.3,-521.35
1005,Household_Paper Products_1005,2024-02,3372.9,3894.11,-521.21
1117,Snacks_Crackers_1117,2025-02,1478.63,1999.62,-520.99
1180,Grocery_Spices_1180,2024-10,436.8,957.6,-520.8
1086,Grocery_Rice_1086,2022-06,1686.72,2207.36,-520.64
1120,Grocery_Cereals_1120,2021-11,3891.7,4411.8,-520.1
1110,Grocery_Canned Goods_1110,2021-02,3301.42,3820.94,-519.52
1043,Electronics_Batteries_1043,2025-04,2342.69,2862.17,-519.48
1024,Grocery_Canned Goods_1024,2023-02,1429.01,1948.16,-519.15
1095,Snacks_Chocolates_1095,2022-06,1903.72,2421.49,-517.77
1170,Dairy_Yogurt_1170,2025-06,2613.38,3131.1,-517.72
1006,Beverages_Coffee_1006,2024-03,1317.68,1835.32,-517.64
1042,Grocery_Canned Goods_1042,2024-04,5597.17,6114.35,-517.18
1196,Grocery_Pasta_1196,2023-05,3502.98,4019.69,-516.71
1122,Dairy_Yogurt_1122,2021-12,3240.9,3757.24,-516.34
1056,Snacks_Nuts_1056,2021-03,508.3,1024.13,-515.83
1076,Snacks_Chocolates_1076,2024-10,1636.66,2152.32,-515.66
1195,Snacks_Chocolates_1195,2023-05,2196.6,2711.72,-515.12
1200,Beverages_Juices_1200,2021-09,689.08,1203.95,-514.87
1059,Electronics_Cables_1059,2022-02,3311.61,3826.43,-514.82
1188,Grocery_Spices_1188,2024-03,2674.51,3188.68,-514.17
1024,Grocery_Canned Goods_1024,2022-02,1315.51,1829.12,-513.61
1050,Snacks_Chips_1050,2022-11,1306.36,1819.68,-513.32
1043,Electronics_Batteries_1043,2023-05,2907.8,3420.61,-512.81
1093,Snacks_Chips_1093,2023-09,805.98,1318.53,-512.55
1169,Beverages_Soft Drinks_1169,2024-09,377.58,889.61,-512.03
1002,Dairy_Cream_1002,2024-03,1811.09,2323.03,-511.94
1011,Personal Care_Shampoo_1011,2021-08,3250.47,3762.03,-511.56
1041,Snacks_Nuts_1041,2021-06,2022.72,2533.92,-511.2
1057,Beverages_Tea_1057,2024-09,3125.04,3636.24,-511.2
1108,Dairy_Butter_1108,2025-09,3971.32,4482.23,-510.91
1085,Personal Care_Skincare_1085,2024-04,3138.66,3649.52,-510.86
1134,Household_Paper Products_1134,2023-09,1203.21,1714.0,-510.79
1127,Grocery_Rice_1127,2023-10,1164.51,1675.26,-510.75
1193,Beverages_Tea_1193,2024-08,1992.33,2501.69,-509.36
1171,Personal Care_Toothpaste_1171,2021-02,6620.06,7129.27,-509.21
1157,Household_Cleaning Supplies_1157,2022-03,1316.7,1824.92,-508.22
1138,Household_Cleaning Supplies_1138,2024-04,5823.52,6331.5,-507.98
1020,Beverages_Juices_1020,2023-03,784.09,1291.51,-507.42
1168,Snacks_Chips_1168,2025-03,2532.15,3039.45,-507.3
1045,Electronics_Cables_1045,2023-04,12331.64,12838.86,-507.22
1180,Grocery_Spices_1180,2022-09,705.6,1211.95,-506.35
1198,Dairy_Cheese_1198,2025-04,1865.52,2371.75,-506.23
1137,Snacks_Nuts_1137,2025-09,490.56,996.71,-506.15
1030,Dairy_Cream_1030,2021-12,1902.47,2407.91,-505.44
1079,Beverages_Juices_1079,2021-03,551.2,1056.41,-505.21
1024,Grocery_Canned Goods_1024,2025-04,750.74,1255.86,-505.12
1079,Beverages_Juices_1079,2024-02,793.72,1298.82,-505.1
1124,Dairy_Cheese_1124,2022-06,2905.26,3410.22,-504.96
1095,Snacks_Chocolates_1095,2023-08,2160.94,2665.56,-504.62
1024,Grocery_Canned Goods_1024,2021-03,914.16,1418.77,-504.61
1200,Beverages_Juices_1200,2023-05,719.04,1223.14,-504.1
1086,Grocery_Rice_1086,2022-02,1621.17,2124.74,-503.57
1113,Dairy_Cheese_1113,2023-06,2759.63,3262.41,-502.78
1117,Snacks_Crackers_1117,2021-06,1312.08,1814.71,-502.63
1170,Dairy_Yogurt_1170,2023-05,2108.7,2611.21,-502.51
1128,Grocery_Spices_1128,2023-11,2793.9,3295.92,-502.02
1100,Electronics_Mobile Accessories_1100,2025-02,2881.03,3382.81,-501.78
1144,Household_Detergent_1144,2021-09,1113.42,1614.23,-500.81
1126,Beverages_Soft Drinks_1126,2022-05,3387.56,3888.32,-500.76
1155,Electronics_Mobile Accessories_1155,2025-06,2336.62,2837.12,-500.5
1144,Household_Detergent_1144,2023-11,1061.69,1561.68,-499.99
1083,Dairy_Cheese_1083,2024-03,1892.13,2391.91,-499.78
1047,Household_Detergent_1047,2025-03,5668.04,6167.73,-499.69
1026,Snacks_Biscuits_1026,2025-04,295.94,795.49,-499.55
1117,Snacks_Crackers_1117,2024-03,1141.12,1639.98,-498.86
1069,Grocery_Spices_1069,2024-10,3217.2,3715.1,-497.9
1145,Household_Trash Bags_1145,2021-06,1478.34,1976.19,-497.85
1079,Beverages_Juices_1079,2025-09,306.8,804.23,-497.43
1041,Snacks_Nuts_1041,2024-03,1881.01,2378.39,-497.38
1176,Snacks_Chocolates_1176,2023-09,587.38,1083.98,-496.6
1018,Personal Care_Deodorant_1018,2022-10,5516.0,6012.44,-496.44
1157,Household_Cleaning Supplies_1157,2021-06,1960.42,2456.32,-495.9
1008,Personal Care_Shampoo_1008,2024-06,4821.14,5316.74,-495.6
1105,Beverages_Water_1105,2022-06,2147.04,2642.27,-495.23
1061,Personal Care_Skincare_1061,2021-11,4510.06,5005.26,-495.2
1091,Dairy_Butter_1091,2025-02,1500.7,1995.34,-494.64
1042,Grocery_Canned Goods_1042,2021-10,3187.9,3681.8,-493.9
1061,Personal Care_Skincare_1061,2023-02,10207.16,10700.57,-493.41
1160,Snacks_Nuts_1160,2024-09,457.32,950.64,-493.32
1110,Grocery_Canned Goods_1110,2023-11,1145.59,1638.49,-492.9
1016,Grocery_Rice_1016,2024-02,3179.73,3672.3,-492.57
1043,Electronics_Batteries_1043,2021-10,1336.65,1829.1,-492.45
1090,Dairy_Cheese_1090,2024-11,2613.89,3105.9,-492.01
1168,Snacks_Chips_1168,2021-08,2993.06,3485.03,-491.97
1160,Snacks_Nuts_1160,2021-03,574.74,1066.64,-491.9
1082,Household_Detergent_1082,2023-10,4064.06,4555.32,-491.26
1010,Grocery_Rice_1010,2024-04,1995.18,2486.09,-490.91
1130,Snacks_Nuts_1130,2023-05,1871.46,2361.68,-490.22
1014,Dairy_Butter_1014,2024-09,602.91,1091.21,-488.3
1087,Snacks_Crackers_1087,2024-02,1684.31,2172.57,-488.26
1014,Dairy_Butter_1014,2025-09,649.89,1137.51,-487.62
1081,Snacks_Nuts_1081,2025-02,1675.79,2162.64,-486.85
1192,Dairy_Milk_1192,2022-11,1534.49,2021.24,-486.75
1076,Snacks_Chocolates_1076,2023-05,2174.74,2661.46,-486.72
1108,Dairy_Butter_1108,2023-06,4429.01,4915.0,-485.99
1132,Dairy_Butter_1132,2021-12,3059.2,3544.8,-485.6
1093,Snacks_Chips_1093,2022-03,598.5,1083.87,-485.37
1158,Snacks_Crackers_1158,2022-05,724.69,1209.76,-485.07
1056,Snacks_Nuts_1056,2023-09,496.34,981.09,-484.75
1165,Personal Care_Skincare_1165,2025-10,1297.5,1781.9,-484.4
1121,Grocery_Rice_1121,2022-05,4283.88,4768.05,-484.17
1158,Snacks_Crackers_1158,2022-03,727.0,1211.11,-484.11
1041,Snacks_Nuts_1041,2024-11,850.98,1334.72,-483.74
1106,Snacks_Chocolates_1106,2023-03,1185.65,1668.64,-482.99
1086,Grocery_Rice_1086,2021-10,722.88,1204.8,-481.92
1141,Beverages_Coffee_1141,2022-03,667.55,1149.38,-481.83
1142,Electronics_Mobile Accessories_1142,2023-05,1595.28,2077.02,-481.74
1095,Snacks_Chocolates_1095,2022-02,3672.77,4153.93,-481.16
1085,Personal Care_Skincare_1085,2024-03,3649.52,4130.62,-481.1
1104,Grocery_Pasta_1104,2023-05,1858.56,2339.52,-480.96
1040,Electronics_Mobile Accessories_1040,2021-11,7395.15,7875.24,-480.09
1047,Household_Detergent_1047,2022-08,5190.88,5670.9,-480.02
1071,Grocery_Canned Goods_1071,2024-09,444.69,924.59,-479.9
1153,Electronics_Batteries_1153,2021-07,15110.22,15589.84,-479.62
1196,Grocery_Pasta_1196,2023-10,2065.86,2544.9,-479.04
1200,Beverages_Juices_1200,2024-09,621.67,1100.68,-479.01
1172,Electronics_Chargers_1172,2021-11,8597.16,9076.0,-478.84
1091,Dairy_Butter_1091,2021-03,978.88,1457.57,-478.69
1042,Grocery_Canned Goods_1042,2024-05,5118.6,5597.17,-478.57
1087,Snacks_Crackers_1087,2022-09,819.54,1297.39,-477.85
1144,Household_Detergent_1144,2024-11,968.21,1446.0,-477.79
1006,Beverages_Coffee_1006,2023-05,1312.48,1790.01,-477.53
1100,Electronics_Mobile Accessories_1100,2021-06,2767.92,3245.05,-477.13
1194,Dairy_Butter_1194,2023-03,1179.38,1656.02,-476.64
1193,Beverages_Tea_1193,2022-05,1834.27,2310.04,-475.77
1017,Household_Paper Products_1017,2023-10,2291.19,2766.72,-475.53
1046,Household_Paper Products_1046,2023-02,11248.96,11724.49,-475.53
1169,Beverages_Soft Drinks_1169,2021-06,621.18,1096.6,-475.42
1163,Household_Paper Products_1163,2025-06,5208.84,5683.28,-474.44
1137,Snacks_Nuts_1137,2021-09,571.2,1045.26,-474.06
1190,Dairy_Milk_1190,2022-05,2618.74,3092.58,-473.84
1158,Snacks_Crackers_1158,2023-03,687.62,1161.11,-473.49
1137,Snacks_Nuts_1137,2025-04,560.91,1033.69,-472.78
1014,Dairy_Butter_1014,2024-04,683.14,1155.41,-472.27
1158,Snacks_Crackers_1158,2023-09,661.57,1133.79,-472.22
1054,Snacks_Chips_1054,2024-03,1613.98,2086.17,-472.19
1168,Snacks_Chips_1168,2024-08,2840.1,3312.03,-471.93
1034,Household_Cleaning Supplies_1034,2024-11,4420.73,4892.6,-471.87
1112,Household_Paper Products_1112,2021-09,851.16,1322.98,-471.82
1176,Snacks_Chocolates_1176,2023-03,640.51,1112.02,-471.51
1137,Snacks_Nuts_1137,2024-09,490.56,961.83,-471.27
1032,Snacks_Chocolates_1032,2024-02,3137.43,3608.69,-471.26
1129,Electronics_Chargers_1129,2021-12,17552.14,18022.9,-470.76
1179,Household_Cleaning Supplies_1179,2022-06,3951.08,4421.53,-470.45
1180,Grocery_Spices_1180,2021-09,562.8,1033.12,-470.32
1101,Snacks_Crackers_1101,2025-07,3344.19,3814.32,-470.13
1039,Beverages_Soft Drinks_1039,2024-02,5818.91,6288.3,-469.39
1143,Dairy_Cheese_1143,2024-05,1548.9,2017.52,-468.62
1125,Personal Care_Toothpaste_1125,2025-06,3469.04,3937.62,-468.58
1144,Household_Detergent_1144,2024-09,1576.14,2044.71,-468.57
1025,Household_Detergent_1025,2021-09,610.56,1078.81,-468.25
1060,Household_Detergent_1060,2025-06,4637.58,5105.7,-468.12
1192,Dairy_Milk_1192,2024-11,1532.62,1999.27,-466.65
1133,Electronics_Mobile Accessories_1133,2024-11,1970.9,2437.2,-466.3
1099,Personal Care_Toothpaste_1099,2022-11,4418.22,4884.32,-466.1
1140,Personal Care_Shampoo_1140,2025-03,5712.39,6177.14,-464.75
1082,Household_Detergent_1082,2024-03,6987.87,7452.41,-464.54
1057,Beverages_Tea_1057,2021-04,2094.81,2559.3,-464.49
1006,Beverages_Coffee_1006,2024-02,1835.32,2299.72,-464.4
1145,Household_Trash Bags_1145,2021-02,1818.6,2282.75,-464.15
1126,Beverages_Soft Drinks_1126,2024-06,2671.26,3135.4,-464.14
1100,Electronics_Mobile Accessories_1100,2021-09,1784.58,2248.47,-463.89
1106,Snacks_Chocolates_1106,2021-06,1421.28,1884.3,-463.02
1058,Personal Care_Soap_1058,2024-12,4078.95,4541.3,-462.35
1169,Beverages_Soft Drinks_1169,2023-03,661.35,1123.66,-462.31
1030,Dairy_Cream_1030,2023-08,2540.61,3002.54,-461.93
1002,Dairy_Cream_1002,2025-08,2128.11,2589.52,-461.41
1144,Household_Detergent_1144,2022-08,2205.11,2666.19,-461.08
1067,Grocery_Cereals_1067,2022-08,8207.48,8668.49,-461.01
1056,Snacks_Nuts_1056,2022-02,821.6,1282.47,-460.87
1064,Snacks_Biscuits_1064,2025-07,1925.93,2386.8,-460.87
1093,Snacks_Chips_1093,2021-06,1013.46,1473.66,-460.2
1175,Household_Trash Bags_1175,2025-03,6934.42,7394.49,-460.07
1176,Snacks_Chocolates_1176,2025-02,895.25,1355.06,-459.81
1101,Snacks_Crackers_1101,2022-02,3228.7,3688.16,-459.46
1069,Grocery_Spices_1069,2022-05,5608.44,6067.68,-459.24
1152,Personal Care_Toothpaste_1152,2024-02,8682.66,9141.86,-459.2
1171,Personal Care_Toothpaste_1171,2024-08,5980.23,6438.96,-458.73
1091,Dairy_Butter_1091,2021-09,655.5,1114.11,-458.61
1171,Personal Care_Toothpaste_1171,2023-10,3833.64,4292.01,-458.37
1084,Household_Paper Products_1084,2021-11,3085.54,3543.86,-458.32
1012,Beverages_Juices_1012,2023-08,1933.39,2390.8,-457.41
1056,Snacks_Nuts_1056,2021-09,400.66,857.82,-457.16
1123,Beverages_Water_1123,2025-02,1718.58,2175.45,-456.87
1002,Dairy_Cream_1002,2025-06,1424.51,1881.01,-456.5
1182,Beverages_Tea_1182,2025-06,1464.27,1920.74,-456.47
1063,Snacks_Chocolates_1063,2025-04,1410.81,1867.0,-456.19
1079,Beverages_Juices_1079,2023-03,510.64,966.26,-455.62
1017,Household_Paper Products_1017,2024-05,4712.07,5167.12,-455.05
1088,Household_Cleaning Supplies_1088,2022-05,2678.06,3133.0,-454.94
1178,Beverages_Soft Drinks_1178,2024-10,1627.92,2082.78,-454.86
1093,Snacks_Chips_1093,2025-04,673.31,1127.83,-454.52
1161,Electronics_Batteries_1161,2021-04,7315.68,7770.04,-454.36
1053,Snacks_Crackers_1053,2025-10,664.05,1118.4,-454.35
1105,Beverages_Water_1105,2024-09,1789.2,2242.93,-453.73
1024,Grocery_Canned Goods_1024,2021-02,1418.77,1872.46,-453.69
1096,Electronics_Mobile Accessories_1096,2023-10,8949.91,9403.07,-453.16
1146,Snacks_Chocolates_1146,2024-08,3750.07,4203.15,-453.08
1200,Beverages_Juices_1200,2023-02,1146.97,1599.8,-452.83
1054,Snacks_Chips_1054,2021-06,926.84,1379.42,-452.58
1111,Snacks_Nuts_1111,2025-10,678.24,1130.4,-452.16
1117,Snacks_Crackers_1117,2022-05,1174.23,1626.3,-452.07
1081,Snacks_Nuts_1081,2024-04,1429.4,1881.43,-452.03
1076,Snacks_Chocolates_1076,2022-05,2824.98,3276.55,-451.57
1063,Snacks_Chocolates_1063,2023-02,2466.2,2917.76,-451.56
1105,Beverages_Water_1105,2025-03,1889.21,2340.31,-451.1
1144,Household_Detergent_1144,2022-05,1397.16,1847.85,-450.69
1162,Dairy_Yogurt_1162,2024-05,2587.2,3037.65,-450.45
1150,Electronics_Batteries_1150,2024-05,16775.64,17226.01,-450.37
1143,Dairy_Cheese_1143,2025-07,2115.38,2565.41,-450.03
1160,Snacks_Nuts_1160,2023-03,682.37,1131.51,-449.14
1148,Household_Cleaning Supplies_1148,2022-05,7555.7,8004.79,-449.09
1079,Beverages_Juices_1079,2023-09,270.4,719.47,-449.07
1152,Personal Care_Toothpaste_1152,2024-11,4406.36,4854.6,-448.24
1184,Snacks_Chocolates_1184,2024-10,1837.62,2285.82,-448.2
1007,Personal Care_Shampoo_1007,2023-11,5403.51,5851.62,-448.11
1191,Dairy_Butter_1191,2022-09,900.9,1348.78,-447.88
1014,Dairy_Butter_1014,2025-02,1153.46,1601.31,-447.85
1042,Grocery_Canned Goods_1042,2025-08,6161.63,6608.83,-447.2
1086,Grocery_Rice_1086,2023-08,1865.2,2312.12,-446.92
1084,Household_Paper Products_1084,2025-07,5827.69,6273.62,-445.93
1194,Dairy_Butter_1194,2021-03,1097.82,1543.71,-445.89
1119,Grocery_Pasta_1119,2022-11,2836.85,3282.37,-445.52
1160,Snacks_Nuts_1160,2023-09,401.7,847.14,-445.44
1165,Personal Care_Skincare_1165,2025-06,2097.7,2543.1,-445.4
1006,Beverages_Coffee_1006,2024-08,1655.63,2100.53,-444.9
1191,Dairy_Butter_1191,2023-05,1039.5,1484.29,-444.79
1011,Personal Care_Shampoo_1011,2024-03,3327.24,3771.0,-443.76
1180,Grocery_Spices_1180,2021-08,1033.12,1475.78,-442.66
1006,Beverages_Coffee_1006,2023-08,1671.7,2114.02,-442.32
1127,Grocery_Rice_1127,2024-06,2377.84,2819.34,-441.5
1166,Grocery_Spices_1166,2025-08,5695.14,6136.54,-441.4
1018,Personal Care_Deodorant_1018,2025-10,4854.08,5295.36,-441.28
1031,Snacks_Chips_1031,2023-08,2053.21,2493.61,-440.4
1055,Dairy_Butter_1055,2025-06,1320.12,1760.12,-440.0
1157,Household_Cleaning Supplies_1157,2023-05,1740.97,2180.69,-439.72
1057,Beverages_Tea_1057,2023-02,3614.93,4054.04,-439.11
1158,Snacks_Crackers_1158,2025-02,1047.1,1485.91,-438.81
1032,Snacks_Chocolates_1032,2022-02,2378.23,2815.97,-437.74
1039,Beverages_Soft Drinks_1039,2024-11,1894.34,2331.9,-437.56
1055,Dairy_Butter_1055,2021-07,1590.02,2027.48,-437.46
1055,Dairy_Butter_1055,2025-03,1516.28,1953.66,-437.38
1089,Electronics_Mobile Accessories_1089,2021-11,4772.76,5210.05,-437.29
1106,Snacks_Chocolates_1106,2022-05,1515.05,1952.15,-437.1
1169,Beverages_Soft Drinks_1169,2023-09,566.37,1002.95,-436.58
1075,Snacks_Crackers_1075,2021-09,1270.15,1706.66,-436.51
1119,Grocery_Pasta_1119,2024-08,5130.32,5566.74,-436.42
1200,Beverages_Juices_1200,2023-03,711.51,1146.97,-435.46
1067,Grocery_Cereals_1067,2023-11,4175.03,4610.01,-434.98
1011,Personal Care_Shampoo_1011,2022-11,1602.05,2037.0,-434.95
1178,Beverages_Soft Drinks_1178,2025-03,4175.84,4610.71,-434.87
1192,Dairy_Milk_1192,2021-06,3141.71,3576.06,-434.35
1152,Personal Care_Toothpaste_1152,2021-02,9828.4,10262.74,-434.34
1010,Grocery_Rice_1010,2025-06,1751.83,2185.19,-433.36
1048,Snacks_Biscuits_1048,2023-06,1661.1,2094.37,-433.27
1056,Snacks_Nuts_1056,2022-03,388.7,821.6,-432.9
1119,Grocery_Pasta_1119,2022-10,3282.37,3715.21,-432.84
1088,Household_Cleaning Supplies_1088,2025-03,2759.75,3192.44,-432.69
1168,Snacks_Chips_1168,2023-11,1364.8,1797.28,-432.48
1007,Personal Care_Shampoo_1007,2021-08,9550.56,9983.03,-432.47
1075,Snacks_Crackers_1075,2025-02,2097.59,2529.14,-431.55
1077,Household_Cleaning Supplies_1077,2024-06,5471.14,5902.4,-431.26
1176,Snacks_Chocolates_1176,2022-09,491.76,922.91,-431.15
1001,Electronics_Chargers_1001,2025-08,28749.95,29181.09,-431.14
1134,Household_Paper Products_1134,2024-02,2649.62,3080.68,-431.06
1092,Household_Detergent_1092,2023-07,3024.14,3454.96,-430.82
1175,Household_Trash Bags_1175,2024-11,5972.21,6402.88,-430.67
1044,Snacks_Biscuits_1044,2022-06,2505.85,2936.18,-430.33
1087,Snacks_Crackers_1087,2025-06,879.51,1309.38,-429.87
1161,Electronics_Batteries_1161,2022-11,6017.86,6447.48,-429.62
1148,Household_Cleaning Supplies_1148,2022-10,5361.0,5789.88,-428.88
1148,Household_Cleaning Supplies_1148,2024-10,4824.9,5253.78,-428.88
1144,Household_Detergent_1144,2024-08,2044.71,2472.94,-428.23
1187,Personal Care_Skincare_1187,2025-10,4138.3,4566.4,-428.1
1062,Personal Care_Deodorant_1062,2025-08,4822.97,5251.02,-428.05
1008,Personal Care_Shampoo_1008,2021-12,3780.58,4208.6,-428.02
1094,Grocery_Rice_1094,2023-11,1945.89,2373.5,-427.61
1165,Personal Care_Skincare_1165,2023-05,2404.7,2831.13,-426.43
1110,Grocery_Canned Goods_1110,2024-06,1801.27,2227.61,-426.34
1185,Personal Care_Toothpaste_1185,2022-11,6616.24,7042.49,-426.25
1134,Household_Paper Products_1134,2024-05,1410.66,1836.77,-426.11
1076,Snacks_Chocolates_1076,2023-06,1748.76,2174.74,-425.98
1167,Grocery_Rice_1167,2022-12,3837.13,4262.03,-424.9
1101,Snacks_Crackers_1101,2023-10,1545.04,1968.68,-423.64
1038,Electronics_Cables_1038,2023-05,12012.88,12436.51,-423.63
1045,Electronics_Cables_1045,2022-08,17832.08,18255.71,-423.63
1089,Electronics_Mobile Accessories_1089,2023-05,8441.6,8864.82,-423.22
1173,Electronics_Batteries_1173,2024-04,18373.61,18796.78,-423.17
1104,Grocery_Pasta_1104,2021-10,1520.64,1943.04,-422.4
1058,Personal Care_Soap_1058,2023-08,5284.3,5706.15,-421.85
1063,Snacks_Chocolates_1063,2024-10,1346.26,1767.98,-421.72
1117,Snacks_Crackers_1117,2023-05,1182.86,1604.31,-421.45
1172,Electronics_Chargers_1172,2024-07,16867.17,17288.61,-421.44
1092,Household_Detergent_1092,2023-11,2341.72,2762.62,-420.9
1056,Snacks_Nuts_1056,2025-04,513.71,934.04,-420.33
1006,Beverages_Coffee_1006,2022-08,1563.78,1984.09,-420.31
1112,Household_Paper Products_1112,2022-06,923.82,1344.12,-420.3
1087,Snacks_Crackers_1087,2024-11,522.3,942.0,-419.7
1128,Grocery_Spices_1128,2025-08,4056.23,4475.82,-419.59
1194,Dairy_Butter_1194,2024-03,1303.3,1722.5,-419.2
1178,Beverages_Soft Drinks_1178,2022-02,3575.13,3994.05,-418.92
1095,Snacks_Chocolates_1095,2023-10,1610.84,2029.24,-418.4
1191,Dairy_Butter_1191,2024-02,1502.21,1920.41,-418.2
1169,Beverages_Soft Drinks_1169,2021-09,529.83,947.93,-418.1
1165,Personal Care_Skincare_1165,2024-02,3273.62,3689.79,-416.17
1139,Dairy_Cream_1139,2022-08,3157.03,3573.05,-416.02
1197,Electronics_Mobile Accessories_1197,2023-11,991.18,1406.4,-415.22
1131,Snacks_Crackers_1131,2022-03,2440.88,2855.82,-414.94
1141,Beverages_Coffee_1141,2025-04,912.6,1327.45,-414.85
1063,Snacks_Chocolates_1063,2025-08,2198.92,2613.24,-414.32
1194,Dairy_Butter_1194,2024-09,828.18,1241.89,-413.71
1026,Snacks_Biscuits_1026,2022-05,486.66,900.15,-413.49
1143,Dairy_Cheese_1143,2024-08,2495.35,2907.91,-412.56
1002,Dairy_Cream_1002,2025-04,1139.04,1551.42,-412.38
1055,Dairy_Butter_1055,2021-10,768.66,1180.84,-412.18
1011,Personal Care_Shampoo_1011,2024-06,2257.01,2668.47,-411.46
1108,Dairy_Butter_1108,2025-08,4482.23,4892.34,-410.11
1130,Snacks_Nuts_1130,2024-05,1989.48,2399.5,-410.02
1166,Grocery_Spices_1166,2022-02,8424.47,8834.45,-409.98
1083,Dairy_Cheese_1083,2023-11,756.34,1165.92,-409.58
1086,Grocery_Rice_1086,2024-03,2373.02,2782.4,-409.38
1043,Electronics_Batteries_1043,2021-02,4548.68,4957.92,-409.24
1172,Electronics_Chargers_1172,2023-02,19852.0,20260.77,-408.77
1163,Household_Paper Products_1163,2024-11,3442.47,3851.17,-408.7
1054,Snacks_Chips_1054,2023-05,1074.74,1483.12,-408.38
1132,Dairy_Butter_1132,2023-05,5251.78,5659.98,-408.2
1124,Dairy_Cheese_1124,2024-08,3543.45,3951.59,-408.14
1108,Dairy_Butter_1108,2022-05,3826.33,4234.27,-407.94
1030,Dairy_Cream_1030,2022-06,2248.08,2655.82,-407.74
1157,Household_Cleaning Supplies_1157,2024-09,1111.88,1519.56,-407.68
1030,Dairy_Cream_1030,2024-07,3059.44,3466.7,-407.26
1070,Grocery_Canned Goods_1070,2023-03,5158.95,5565.75,-406.8
1141,Beverages_Coffee_1141,2024-04,742.09,1148.75,-406.66
1198,Dairy_Cheese_1198,2022-06,2305.99,2712.45,-406.46
1038,Electronics_Cables_1038,2025-07,13548.59,13955.05,-406.46
1160,Snacks_Nuts_1160,2021-09,488.22,894.14,-405.92
1058,Personal Care_Soap_1058,2022-06,5273.19,5678.79,-405.6
1079,Beverages_Juices_1079,2024-09,332.8,738.35,-405.55
1167,Grocery_Rice_1167,2025-08,7038.76,7443.87,-405.11
1127,Grocery_Rice_1127,2022-02,3342.6,3747.3,-404.7
1020,Beverages_Juices_1020,2021-02,1806.3,2210.93,-404.63
1169,Beverages_Soft Drinks_1169,2025-09,456.75,861.22,-404.47
1197,Electronics_Mobile Accessories_1197,2021-10,1177.86,1582.2,-404.34
1161,Electronics_Batteries_1161,2024-11,6208.8,6612.8,-404.0
1007,Personal Care_Shampoo_1007,2022-06,7465.86,7869.48,-403.62
1048,Snacks_Biscuits_1048,2022-08,2077.59,2481.18,-403.59
1025,Household_Detergent_1025,2024-11,419.1,822.56,-403.46
1048,Snacks_Biscuits_1048,2023-11,844.93,1248.3,-403.37
1060,Household_Detergent_1060,2021-11,3076.62,3479.44,-402.82
1020,Beverages_Juices_1020,2023-06,1051.38,1454.16,-402.78
1075,Snacks_Crackers_1075,2024-06,1388.88,1791.58,-402.7
1032,Snacks_Chocolates_1032,2024-08,1980.5,2382.72,-402.22
1004,Beverages_Juices_1004,2024-02,4672.96,5074.42,-401.46
1024,Grocery_Canned Goods_1024,2023-03,1028.02,1429.01,-400.99
1093,Snacks_Chips_1093,2024-06,852.47,1252.86,-400.39
1027,Snacks_Chips_1027,2023-03,387.93,788.14,-400.21
1032,Snacks_Chocolates_1032,2023-09,1273.44,1673.22,-399.78
1063,Snacks_Chocolates_1063,2023-06,1611.7,2011.28,-399.58
1085,Personal Care_Skincare_1085,2021-10,1784.21,2183.66,-399.45
1053,Snacks_Crackers_1053,2021-09,1130.05,1529.41,-399.36
1099,Personal Care_Toothpaste_1099,2022-10,4884.32,5283.04,-398.72
1101,Snacks_Crackers_1101,2021-10,2367.4,2766.12,-398.72
1094,Grocery_Rice_1094,2023-08,2761.72,3160.28,-398.56
1088,Household_Cleaning Supplies_1088,2023-05,2898.92,3297.38,-398.46
1066,Household_Cleaning Supplies_1066,2025-10,3385.04,3783.28,-398.24
1052,Snacks_Crackers_1052,2025-03,2339.39,2737.4,-398.01
1015,Dairy_Cream_1015,2022-11,2640.72,3038.56,-397.84
1171,Personal Care_Toothpaste_1171,2023-04,5811.57,6208.99,-397.42
1012,Beverages_Juices_1012,2024-05,1565.1,1962.45,-397.35
1103,Dairy_Milk_1103,2024-04,5153.5,5550.31,-396.81
1119,Grocery_Pasta_1119,2025-10,2957.74,3354.51,-396.77
1003,Household_Cleaning Supplies_1003,2022-10,852.0,1248.0,-396.0
1123,Beverages_Water_1123,2021-08,1324.38,1720.34,-395.96
1063,Snacks_Chocolates_1063,2021-08,2501.96,2896.54,-394.58
1141,Beverages_Coffee_1141,2021-02,1881.1,2275.44,-394.34
1122,Dairy_Yogurt_1122,2024-08,5295.53,5689.58,-394.05
1158,Snacks_Crackers_1158,2025-04,559.5,953.27,-393.77
1154,Household_Cleaning Supplies_1154,2024-11,1100.0,1493.66,-393.66
1180,Grocery_Spices_1180,2022-08,1211.95,1605.51,-393.56
1054,Snacks_Chips_1054,2024-11,661.73,1055.02,-393.29
1003,Household_Cleaning Supplies_1003,2025-02,1562.31,1954.98,-392.67
1182,Beverages_Tea_1182,2021-10,841.2,1233.76,-392.56
1137,Snacks_Nuts_1137,2023-09,356.16,748.66,-392.5
1044,Snacks_Biscuits_1044,2025-10,1481.72,1873.94,-392.22
1053,Snacks_Crackers_1053,2024-04,1202.56,1594.17,-391.61
1075,Snacks_Crackers_1075,2021-08,1706.66,2097.85,-391.19
1178,Beverages_Soft Drinks_1178,2024-02,4526.99,4918.05,-391.06
1016,Grocery_Rice_1016,2021-11,1319.99,1710.72,-390.73
1100,Electronics_Mobile Accessories_1100,2025-06,2013.38,2403.72,-390.34
1087,Snacks_Crackers_1087,2023-09,885.48,1275.41,-389.93
1080,Snacks_Chips_1080,2023-08,2530.27,2920.09,-389.82
1165,Personal Care_Skincare_1165,2024-05,2266.3,2655.81,-389.51
1184,Snacks_Chocolates_1184,2022-04,1941.35,2330.64,-389.29
1070,Grocery_Canned Goods_1070,2021-08,7735.01,8123.99,-388.98
1140,Personal Care_Shampoo_1140,2021-02,7234.92,7623.42,-388.5
1006,Beverages_Coffee_1006,2022-02,1738.82,2126.02,-387.2
1179,Household_Cleaning Supplies_1179,2024-04,3729.69,4116.45,-386.76
1134,Household_Paper Products_1134,2025-03,2368.3,2754.64,-386.34
1068,Electronics_Chargers_1068,2021-04,7411.18,7797.38,-386.2
1100,Electronics_Mobile Accessories_1100,2021-07,2381.93,2767.92,-385.99
1198,Dairy_Cheese_1198,2025-08,3626.19,4011.5,-385.31
1145,Household_Trash Bags_1145,2022-11,783.64,1168.92,-385.28
1159,Electronics_Batteries_1159,2023-07,23157.17,23542.16,-384.99
1108,Dairy_Butter_1108,2024-04,4605.72,4989.81,-384.09
1161,Electronics_Batteries_1161,2023-07,9575.46,9958.89,-383.43
1100,Electronics_Mobile Accessories_1100,2023-04,1948.7,2331.67,-382.97
1117,Snacks_Crackers_1117,2025-04,819.76,1201.7,-381.94
1028,Household_Paper Products_1028,2021-11,2918.79,3300.62,-381.83
1026,Snacks_Biscuits_1026,2024-08,630.19,1011.92,-381.73
1002,Dairy_Cream_1002,2022-08,1838.18,2218.66,-380.48
1178,Beverages_Soft Drinks_1178,2022-05,3053.91,3434.37,-380.46
1197,Electronics_Mobile Accessories_1197,2025-06,1870.05,2250.24,-380.19
1168,Snacks_Chips_1168,2022-02,2911.02,3291.03,-380.01
1045,Electronics_Cables_1045,2022-05,23590.97,23970.6,-379.63
1140,Personal Care_Shampoo_1140,2024-06,3528.03,3907.65,-379.62
1011,Personal Care_Shampoo_1011,2023-05,2342.55,2722.07,-379.52
1055,Dairy_Butter_1055,2022-10,802.08,1180.84,-378.76
1130,Snacks_Nuts_1130,2024-11,1560.14,1938.9,-378.76
1139,Dairy_Cream_1139,2021-11,1824.33,2202.87,-378.54
1028,Household_Paper Products_1028,2025-06,5554.28,5932.76,-378.48
1005,Household_Paper Products_1005,2024-05,2159.4,2537.62,-378.22
1020,Beverages_Juices_1020,2022-06,976.08,1353.32,-377.24
1061,Personal Care_Skincare_1061,2023-06,7480.98,7857.72,-376.74
1061,Personal Care_Skincare_1061,2024-10,4090.32,4467.06,-376.74
1195,Snacks_Chocolates_1195,2021-10,1673.6,2050.16,-376.56
1164,Electronics_Cables_1164,2023-04,19294.71,19671.03,-376.32
1176,Snacks_Chocolates_1176,2025-04,538.88,915.18,-376.3
1030,Dairy_Cream_1030,2022-10,1278.32,1653.0,-374.68
1013,Grocery_Cereals_1013,2023-02,4870.83,5245.32,-374.49
1048,Snacks_Biscuits_1048,2025-10,859.94,1234.43,-374.49
1004,Beverages_Juices_1004,2023-11,2107.56,2482.0,-374.44
1041,Snacks_Nuts_1041,2021-11,919.42,1293.44,-374.02
1154,Household_Cleaning Supplies_1154,2024-05,1636.67,2009.84,-373.17
1141,Beverages_Coffee_1141,2022-02,1149.38,1522.3,-372.92
1085,Personal Care_Skincare_1085,2025-10,2077.14,2449.96,-372.82
1062,Personal Care_Deodorant_1062,2021-12,2598.15,2970.58,-372.43
1056,Snacks_Nuts_1056,2024-02,792.93,1164.67,-371.74
1084,Household_Paper Products_1084,2024-12,4874.27,5245.64,-371.37
1157,Household_Cleaning Supplies_1157,2023-02,2337.01,2707.83,-370.82
1103,Dairy_Milk_1103,2024-12,3363.91,3734.09,-370.18
1014,Dairy_Butter_1014,2022-02,1116.53,1486.43,-369.9
1116,Personal Care_Skincare_1116,2023-11,5098.7,5468.4,-369.7
1016,Grocery_Rice_1016,2024-06,2546.64,2916.0,-369.36
1027,Snacks_Chips_1027,2022-03,562.65,930.82,-368.17
1118,Dairy_Milk_1118,2021-12,2281.84,2649.66,-367.82
1165,Personal Care_Skincare_1165,2021-11,1500.95,1868.4,-367.45
1137,Snacks_Nuts_1137,2023-03,670.5,1037.89,-367.39
1088,Household_Cleaning Supplies_1088,2023-06,2532.45,2898.92,-366.47
1102,Snacks_Biscuits_1102,2023-10,1852.44,2218.62,-366.18
1155,Electronics_Mobile Accessories_1155,2024-10,1761.76,2127.84,-366.08
1147,Snacks_Crackers_1147,2022-03,1783.64,2149.52,-365.88
1180,Grocery_Spices_1180,2023-11,549.78,915.6,-365.82
1076,Snacks_Chocolates_1076,2022-11,1944.16,2309.26,-365.1
1054,Snacks_Chips_1054,2022-09,887.4,1252.36,-364.96
1190,Dairy_Milk_1190,2022-10,1641.06,2005.74,-364.68
1192,Dairy_Milk_1192,2023-06,2513.4,2878.07,-364.67
1044,Snacks_Biscuits_1044,2024-02,4120.16,4484.71,-364.55
1012,Beverages_Juices_1012,2022-05,1622.48,1986.75,-364.27
1152,Personal Care_Toothpaste_1152,2025-06,6864.0,7227.96,-363.96
1168,Snacks_Chips_1168,2023-07,1863.28,2227.12,-363.84
1055,Dairy_Butter_1055,2023-03,1131.33,1495.13,-363.8
1176,Snacks_Chocolates_1176,2023-05,519.08,882.48,-363.4
1102,Snacks_Biscuits_1102,2025-02,4485.04,4847.48,-362.44
1016,Grocery_Rice_1016,2022-03,1846.8,2207.66,-360.86
1186,Dairy_Yogurt_1186,2025-09,556.92,917.66,-360.74
1058,Personal Care_Soap_1058,2024-10,3199.97,3560.53,-360.56
1142,Electronics_Mobile Accessories_1142,2024-11,937.75,1298.12,-360.37
1132,Dairy_Butter_1132,2023-11,2909.28,3269.32,-360.04
1126,Beverages_Soft Drinks_1126,2025-10,2184.5,2544.3,-359.8
1194,Dairy_Butter_1194,2022-12,944.73,1304.39,-359.66
1112,Household_Paper Products_1112,2024-11,792.84,1152.18,-359.34
1156,Personal Care_Soap_1156,2024-07,4490.87,4850.05,-359.18
1004,Beverages_Juices_1004,2023-04,2355.3,2714.47,-359.17
1127,Grocery_Rice_1127,2025-06,2378.76,2737.62,-358.86
1076,Snacks_Chocolates_1076,2023-10,1255.52,1614.24,-358.72
1170,Dairy_Yogurt_1170,2024-03,2872.1,3230.67,-358.57
1080,Snacks_Chips_1080,2024-08,3431.17,3789.44,-358.27
1190,Dairy_Milk_1190,2021-06,2897.18,3255.38,-358.2
1104,Grocery_Pasta_1104,2021-12,2131.44,2489.59,-358.15
1055,Dairy_Butter_1055,2024-02,2383.74,2741.58,-357.84
1043,Electronics_Batteries_1043,2022-02,3472.23,3829.91,-357.68
1023,Personal Care_Toothpaste_1023,2023-06,6575.88,6933.48,-357.6
1095,Snacks_Chocolates_1095,2021-08,2822.02,3179.62,-357.6
1141,Beverages_Coffee_1141,2025-09,718.25,1075.52,-357.27
1165,Personal Care_Skincare_1165,2022-06,1920.3,2277.21,-356.91
1063,Snacks_Chocolates_1063,2025-10,1005.64,1362.48,-356.84
1142,Electronics_Mobile Accessories_1142,2023-11,1097.7,1454.52,-356.82
1051,Electronics_Cables_1051,2025-10,5422.6,5779.35,-356.75
1091,Dairy_Butter_1091,2023-05,943.92,1300.46,-356.54
1105,Beverages_Water_1105,2024-04,1859.04,2214.34,-355.3
1081,Snacks_Nuts_1081,2023-11,801.68,1156.9,-355.22
1091,Dairy_Butter_1091,2024-04,767.26,1122.34,-355.08
1088,Household_Cleaning Supplies_1088,2024-08,2716.03,3070.96,-354.93
1154,Household_Cleaning Supplies_1154,2022-08,1973.94,2328.8,-354.86
1006,Beverages_Coffee_1006,2024-11,995.88,1350.34,-354.46
1124,Dairy_Cheese_1124,2022-10,1700.64,2054.94,-354.3
1123,Beverages_Water_1123,2021-06,1296.24,1650.52,-354.28
1149,Electronics_Chargers_1149,2022-08,13691.06,14044.77,-353.71
1176,Snacks_Chocolates_1176,2021-06,799.11,1152.55,-353.44
1055,Dairy_Butter_1055,2021-09,1180.84,1533.84,-353.0
1026,Snacks_Biscuits_1026,2024-03,630.28,982.99,-352.71
1024,Grocery_Canned Goods_1024,2025-07,929.11,1281.65,-352.54
1160,Snacks_Nuts_1160,2023-08,847.14,1198.81,-351.67
1125,Personal Care_Toothpaste_1125,2024-06,2939.19,3290.34,-351.15
1162,Dairy_Yogurt_1162,2022-08,3965.02,4315.94,-350.92
1182,Beverages_Tea_1182,2023-10,939.34,1289.84,-350.5
1013,Grocery_Cereals_1013,2021-02,6409.4,6759.47,-350.07
1056,Snacks_Nuts_1056,2025-02,825.18,1174.93,-349.75
1050,Snacks_Chips_1050,2021-11,1470.21,1819.68,-349.47
1148,Household_Cleaning Supplies_1148,2021-04,4905.39,5253.78,-348.39
1170,Dairy_Yogurt_1170,2023-11,1632.56,1980.9,-348.34
1144,Household_Detergent_1144,2022-11,1170.04,1518.3,-348.26
1083,Dairy_Cheese_1083,2022-11,1206.36,1554.56,-348.2
1131,Snacks_Crackers_1131,2022-12,2070.0,2418.11,-348.11
1080,Snacks_Chips_1080,2025-08,3060.23,3406.65,-346.42
1180,Grocery_Spices_1180,2025-02,1561.29,1907.7,-346.41
1145,Household_Trash Bags_1145,2025-03,1372.28,1718.6,-346.32
1028,Household_Paper Products_1028,2023-07,5486.19,5832.44,-346.25
1085,Personal Care_Skincare_1085,2024-10,1943.99,2290.18,-346.19
1028,Household_Paper Products_1028,2025-07,5208.14,5554.28,-346.14
1128,Grocery_Spices_1128,2024-10,2232.72,2578.26,-345.54
1171,Personal Care_Toothpaste_1171,2023-08,5450.74,5795.77,-345.03
1017,Household_Paper Products_1017,2022-12,4179.06,4523.92,-344.86
1143,Dairy_Cheese_1143,2025-03,2355.94,2700.63,-344.69
1162,Dairy_Yogurt_1162,2021-02,4662.11,5006.69,-344.58
1028,Household_Paper Products_1028,2022-11,3081.72,3425.96,-344.24
1165,Personal Care_Skincare_1165,2024-03,2929.53,3273.62,-344.09
1142,Electronics_Mobile Accessories_1142,2021-10,969.68,1313.76,-344.08
1180,Grocery_Spices_1180,2024-02,1352.74,1695.77,-343.03
1145,Household_Trash Bags_1145,2023-05,1432.5,1775.39,-342.89
1079,Beverages_Juices_1079,2025-04,459.63,802.0,-342.37
1026,Snacks_Biscuits_1026,2023-03,666.9,1009.11,-342.21
1011,Personal Care_Shampoo_1011,2022-08,2676.95,3019.13,-342.18
1125,Personal Care_Toothpaste_1125,2023-06,3164.16,3506.1,-341.94
1044,Snacks_Biscuits_1044,2021-11,2011.4,2353.32,-341.92
1002,Dairy_Cream_1002,2024-11,1250.96,1592.68,-341.72
1064,Snacks_Biscuits_1064,2022-05,2098.4,2439.84,-341.44
1014,Dairy_Butter_1014,2022-03,775.17,1116.53,-341.36
1154,Household_Cleaning Supplies_1154,2023-06,1692.57,2033.92,-341.35
1193,Beverages_Tea_1193,2021-06,1872.45,2213.8,-341.35
1039,Beverages_Soft Drinks_1039,2021-02,5341.01,5682.17,-341.16
1020,Beverages_Juices_1020,2024-11,855.01,1195.2,-340.19
1124,Dairy_Cheese_1124,2024-05,2881.64,3221.8,-340.16
1192,Dairy_Milk_1192,2023-02,3037.01,3376.37,-339.36
1184,Snacks_Chocolates_1184,2024-02,4602.65,4941.39,-338.74
1050,Snacks_Chips_1050,2021-02,2865.48,3203.46,-337.98
1048,Snacks_Biscuits_1048,2024-02,2574.99,2912.59,-337.6
1005,Household_Paper Products_1005,2022-10,1292.1,1628.4,-336.3
1176,Snacks_Chocolates_1176,2021-03,778.62,1114.43,-335.81
1111,Snacks_Nuts_1111,2024-11,1033.27,1369.04,-335.77
1063,Snacks_Chocolates_1063,2025-03,1867.0,2202.31,-335.31
1084,Household_Paper Products_1084,2025-10,3448.08,3783.31,-335.23
1024,Grocery_Canned Goods_1024,2021-06,1151.49,1486.62,-335.13
1180,Grocery_Spices_1180,2023-06,866.88,1201.2,-334.32
1163,Household_Paper Products_1163,2022-05,4470.41,4804.39,-333.98
1058,Personal Care_Soap_1058,2024-02,8131.23,8464.88,-333.65
1027,Snacks_Chips_1027,2025-02,983.76,1316.82,-333.06
1123,Beverages_Water_1123,2025-04,842.3,1175.13,-332.83
1135,Household_Trash Bags_1135,2023-05,6361.74,6694.54,-332.8
1027,Snacks_Chips_1027,2023-10,508.2,840.95,-332.75
1044,Snacks_Biscuits_1044,2022-02,3162.03,3494.32,-332.29
1123,Beverages_Water_1123,2025-06,955.5,1286.42,-330.92
1106,Snacks_Chocolates_1106,2022-06,1184.4,1515.05,-330.65
1027,Snacks_Chips_1027,2021-06,701.8,1032.21,-330.41
1031,Snacks_Chips_1031,2024-02,3141.89,3472.16,-330.27
1123,Beverages_Water_1123,2024-08,1386.66,1716.45,-329.79
1196,Grocery_Pasta_1196,2024-10,2574.84,2904.18,-329.34
1126,Beverages_Soft Drinks_1126,2022-06,3058.3,3387.56,-329.26
1001,Electronics_Chargers_1001,2021-10,10531.84,10860.96,-329.12
1094,Grocery_Rice_1094,2021-10,1833.0,2162.0,-329.0
1197,Electronics_Mobile Accessories_1197,2023-06,2132.76,2461.2,-328.44
1109,Electronics_Batteries_1109,2024-10,2874.81,3202.32,-327.51
1119,Grocery_Pasta_1119,2023-08,4654.83,4982.25,-327.42
1147,Snacks_Crackers_1147,2021-12,1693.21,2019.88,-326.67
1105,Beverages_Water_1105,2022-08,2269.04,2595.69,-326.65
1176,Snacks_Chocolates_1176,2025-06,677.84,1004.01,-326.17
1063,Snacks_Chocolates_1063,2021-02,2961.1,3286.58,-325.48
1024,Grocery_Canned Goods_1024,2024-02,1493.45,1818.75,-325.3
1081,Snacks_Nuts_1081,2021-09,1156.9,1480.84,-323.94
1087,Snacks_Crackers_1087,2022-06,1017.36,1341.15,-323.79
1058,Personal Care_Soap_1058,2025-04,3554.23,3877.89,-323.66
1152,Personal Care_Toothpaste_1152,2021-10,3883.68,4207.32,-323.64
1134,Household_Paper Products_1134,2021-08,1651.8,1975.14,-323.34
1186,Dairy_Yogurt_1186,2025-04,365.71,689.04,-323.33
1147,Snacks_Crackers_1147,2022-08,2919.71,3242.34,-322.63
1034,Household_Cleaning Supplies_1034,2024-05,6792.08,7114.69,-322.61
1019,Electronics_Cables_1019,2024-12,18467.3,18789.87,-322.57
1186,Dairy_Yogurt_1186,2023-09,464.1,786.2,-322.1
1011,Personal Care_Shampoo_1011,2023-06,2020.72,2342.55,-321.83
1110,Grocery_Canned Goods_1110,2022-08,2122.18,2443.59,-321.41
1053,Snacks_Crackers_1053,2021-08,1529.41,1850.8,-321.39
1158,Snacks_Crackers_1158,2021-02,1096.06,1416.32,-320.26
1097,Snacks_Crackers_1097,2021-03,227.07,547.19,-320.12
1191,Dairy_Butter_1191,2024-04,1032.59,1352.39,-319.8
1025,Household_Detergent_1025,2022-02,1423.58,1742.64,-319.06
1139,Dairy_Cream_1139,2023-06,2338.24,2657.07,-318.83
1085,Personal Care_Skincare_1085,2022-11,2583.85,2902.67,-318.82
1095,Snacks_Chocolates_1095,2022-11,1710.44,2029.24,-318.8
1005,Household_Paper Products_1005,2025-10,1486.8,1805.4,-318.6
1108,Dairy_Butter_1108,2021-12,3803.1,4121.47,-318.37
1064,Snacks_Biscuits_1064,2021-10,1237.6,1555.84,-318.24
1171,Personal Care_Toothpaste_1171,2021-12,3945.35,4263.27,-317.92
1186,Dairy_Yogurt_1186,2021-09,436.8,754.69,-317.89
1152,Personal Care_Toothpaste_1152,2023-11,4051.57,4369.14,-317.57
1042,Grocery_Canned Goods_1042,2021-08,6519.03,6836.44,-317.41
1041,Snacks_Nuts_1041,2025-06,1471.46,1788.8,-317.34
1010,Grocery_Rice_1010,2022-02,3030.01,3347.26,-317.25
1064,Snacks_Biscuits_1064,2021-08,2524.7,2841.56,-316.86
1146,Snacks_Chocolates_1146,2022-12,2217.67,2533.68,-316.01
1179,Household_Cleaning Supplies_1179,2022-05,4421.53,4736.97,-315.44
1093,Snacks_Chips_1093,2022-02,1083.87,1398.93,-315.06
1138,Household_Cleaning Supplies_1138,2023-08,7606.1,7920.98,-314.88
1041,Snacks_Nuts_1041,2023-03,1030.94,1345.19,-314.25
1100,Electronics_Mobile Accessories_1100,2023-08,1657.98,1971.94,-313.96
1095,Snacks_Chocolates_1095,2021-10,1443.48,1757.28,-313.8
1158,Snacks_Crackers_1158,2024-09,661.57,975.28,-313.71
1121,Grocery_Rice_1121,2023-08,4241.04,4554.72,-313.68
1157,Household_Cleaning Supplies_1157,2022-06,1828.75,2142.32,-313.57
1118,Dairy_Milk_1118,2023-02,3863.35,4176.78,-313.43
1093,Snacks_Chips_1093,2025-02,1296.26,1609.25,-312.99
1088,Household_Cleaning Supplies_1088,2021-08,3294.63,3607.56,-312.93
1142,Electronics_Mobile Accessories_1142,2025-10,1110.44,1423.24,-312.8
1064,Snacks_Biscuits_1064,2022-06,1785.68,2098.4,-312.72
1182,Beverages_Tea_1182,2023-09,1289.84,1602.53,-312.69
1056,Snacks_Nuts_1056,2022-09,430.56,743.04,-312.48
1075,Snacks_Crackers_1075,2023-12,1302.83,1615.13,-312.3
1086,Grocery_Rice_1086,2022-11,1133.53,1445.76,-312.23
1112,Household_Paper Products_1112,2023-05,1183.32,1495.31,-311.99
1016,Grocery_Rice_1016,2023-10,1652.4,1963.44,-311.04
1198,Dairy_Cheese_1198,2022-10,2513.27,2824.19,-310.92
1053,Snacks_Crackers_1053,2023-08,1195.76,1505.65,-309.89
1025,Household_Detergent_1025,2021-06,1000.64,1310.37,-309.73
1020,Beverages_Juices_1020,2024-03,1476.31,1784.7,-308.39
1017,Household_Paper Products_1017,2022-05,6000.83,6308.72,-307.89
1169,Beverages_Soft Drinks_1169,2024-02,830.8,1138.47,-307.67
1097,Snacks_Crackers_1097,2022-03,151.38,458.31,-306.93
1027,Snacks_Chips_1027,2023-09,840.95,1146.84,-305.89
1188,Grocery_Spices_1188,2024-11,1691.54,1997.24,-305.7
1087,Snacks_Crackers_1087,2025-03,1314.3,1619.96,-305.66
1111,Snacks_Nuts_1111,2023-06,1503.2,1808.64,-305.44
1140,Personal Care_Shampoo_1140,2021-04,3603.06,3907.65,-304.59
1177,Snacks_Chips_1177,2021-03,221.52,525.86,-304.34
1003,Household_Cleaning Supplies_1003,2024-02,1673.01,1975.77,-302.76
1055,Dairy_Butter_1055,2024-09,1236.54,1539.22,-302.68
1081,Snacks_Nuts_1081,2024-06,1156.08,1458.7,-302.62
1133,Electronics_Mobile Accessories_1133,2021-08,5581.42,5884.0,-302.58
1081,Snacks_Nuts_1081,2021-10,855.1,1156.9,-301.8
1169,Beverages_Soft Drinks_1169,2022-09,511.56,812.5,-300.94
1160,Snacks_Nuts_1160,2021-02,1066.64,1367.35,-300.71
1146,Snacks_Chocolates_1146,2022-08,3358.5,3658.97,-300.47
1200,Beverages_Juices_1200,2024-03,841.23,1141.46,-300.23
1080,Snacks_Chips_1080,2023-07,2920.09,3220.02,-299.93
1087,Snacks_Crackers_1087,2021-09,866.64,1166.47,-299.83
1169,Beverages_Soft Drinks_1169,2025-03,870.41,1170.24,-299.83
1157,Household_Cleaning Supplies_1157,2023-08,1784.62,2084.14,-299.52
1097,Snacks_Crackers_1097,2023-03,272.21,571.51,-299.3
1095,Snacks_Chocolates_1095,2023-02,3877.72,4176.63,-298.91
1012,Beverages_Juices_1012,2025-02,2631.17,2928.83,-297.66
1097,Snacks_Crackers_1097,2025-04,204.81,501.92,-297.11
1111,Snacks_Nuts_1111,2022-08,2036.19,2333.27,-297.08
1139,Dairy_Cream_1139,2022-05,3129.65,3426.11,-296.46
1188,Grocery_Spices_1188,2024-05,2139.9,2435.77,-295.87
1191,Dairy_Butter_1191,2022-06,1168.2,1464.02,-295.82
1044,Snacks_Biscuits_1044,2023-02,3737.54,4033.0,-295.46
1055,Dairy_Butter_1055,2024-05,1180.84,1475.95,-295.11
1050,Snacks_Chips_1050,2024-06,2113.51,2408.4,-294.89
1034,Household_Cleaning Supplies_1034,2023-07,6555.08,6849.64,-294.56
1091,Dairy_Butter_1091,2025-04,655.5,949.72,-294.22
1101,Snacks_Crackers_1101,2022-12,2450.66,2744.72,-294.06
1026,Snacks_Biscuits_1026,2021-06,849.3,1143.3,-294.0
1198,Dairy_Cheese_1198,2024-08,4231.22,4524.77,-293.55
1003,Household_Cleaning Supplies_1003,2024-04,1572.24,1865.01,-292.77
1191,Dairy_Butter_1191,2025-09,980.1,1272.84,-292.74
1143,Dairy_Cheese_1143,2024-10,1307.96,1600.53,-292.57
1081,Snacks_Nuts_1081,2025-06,1116.6,1408.4,-291.8
1110,Grocery_Canned Goods_1110,2025-02,3242.03,3533.74,-291.71
1137,Snacks_Nuts_1137,2024-02,1270.11,1561.69,-291.58
1010,Grocery_Rice_1010,2022-05,2073.21,2364.67,-291.46
1100,Electronics_Mobile Accessories_1100,2021-10,1493.22,1784.58,-291.36
1200,Beverages_Juices_1200,2025-02,1009.62,1300.56,-290.94
1182,Beverages_Tea_1182,2023-05,1598.28,1888.86,-290.58
1073,Electronics_Chargers_1073,2023-12,11015.05,11305.52,-290.47
1162,Dairy_Yogurt_1162,2023-10,1874.4,2164.8,-290.4
1138,Household_Cleaning Supplies_1138,2024-12,4170.55,4460.46,-289.91
1055,Dairy_Butter_1055,2024-10,946.9,1236.54,-289.64
1113,Dairy_Cheese_1113,2023-12,2047.2,2336.3,-289.1
1200,Beverages_Juices_1200,2022-05,813.65,1102.7,-289.05
1179,Household_Cleaning Supplies_1179,2022-02,5310.17,5598.57,-288.4
1179,Household_Cleaning Supplies_1179,2024-10,2682.12,2970.52,-288.4
1121,Grocery_Rice_1121,2022-12,3306.57,3594.77,-288.2
1169,Beverages_Soft Drinks_1169,2024-11,460.96,749.07,-288.11
1157,Household_Cleaning Supplies_1157,2022-02,1824.92,2112.88,-287.96
1077,Household_Cleaning Supplies_1077,2025-03,7248.05,7535.68,-287.63
1070,Grocery_Canned Goods_1070,2025-08,5225.16,5512.47,-287.31
1087,Snacks_Crackers_1087,2023-03,797.8,1084.23,-286.43
1187,Personal Care_Skincare_1187,2023-10,5636.65,5922.05,-285.4
1188,Grocery_Spices_1188,2025-10,1446.98,1732.3,-285.32
1197,Electronics_Mobile Accessories_1197,2022-07,1859.57,2144.76,-285.19
1063,Snacks_Chocolates_1063,2024-11,1061.15,1346.26,-285.11
1039,Beverages_Soft Drinks_1039,2022-10,1580.51,1865.52,-285.01
1068,Electronics_Chargers_1068,2025-02,17795.98,18080.72,-284.74
1106,Snacks_Chocolates_1106,2025-08,1585.46,1870.16,-284.7
1059,Electronics_Cables_1059,2024-12,2004.0,2288.65,-284.65
1186,Dairy_Yogurt_1186,2021-06,687.96,972.43,-284.47
1054,Snacks_Chips_1054,2024-08,1558.47,1842.56,-284.09
1158,Snacks_Crackers_1158,2024-10,378.04,661.57,-283.53
1042,Grocery_Canned Goods_1042,2025-07,6608.83,6892.06,-283.23
1147,Snacks_Crackers_1147,2022-06,2385.1,2667.78,-282.68
1026,Snacks_Biscuits_1026,2023-09,456.0,738.49,-282.49
1027,Snacks_Chips_1027,2022-05,683.68,965.99,-282.31
1012,Beverages_Juices_1012,2021-10,958.8,1240.8,-282.0
1094,Grocery_Rice_1094,2024-10,1880.0,2162.0,-282.0
1092,Household_Detergent_1092,2024-10,1888.73,2170.63,-281.9
1052,Snacks_Crackers_1052,2024-05,2018.28,2300.05,-281.77
1131,Snacks_Crackers_1131,2023-10,1478.61,1760.25,-281.64
1180,Grocery_Spices_1180,2023-03,728.45,1010.02,-281.57
1011,Personal Care_Shampoo_1011,2022-02,3048.12,3329.46,-281.34
1197,Electronics_Mobile Accessories_1197,2025-10,1494.3,1775.58,-281.28
1145,Household_Trash Bags_1145,2023-02,1875.29,2156.08,-280.79
1135,Household_Trash Bags_1135,2021-11,4617.3,4897.53,-280.23
1010,Grocery_Rice_1010,2022-11,1510.86,1790.87,-280.01
1032,Snacks_Chocolates_1032,2022-11,932.86,1212.8,-279.94
1032,Snacks_Chocolates_1032,2024-11,1402.82,1682.76,-279.94
1057,Beverages_Tea_1057,2025-07,3520.64,3800.32,-279.68
1096,Electronics_Mobile Accessories_1096,2023-11,8670.66,8949.91,-279.25
1157,Household_Cleaning Supplies_1157,2023-11,1169.16,1448.37,-279.21
1029,Grocery_Canned Goods_1029,2022-10,2427.3,2706.3,-279.0
1145,Household_Trash Bags_1145,2025-04,1093.62,1372.28,-278.66
1120,Grocery_Cereals_1120,2021-10,4411.8,4690.44,-278.64
1091,Dairy_Butter_1091,2021-08,1114.11,1392.26,-278.15
1026,Snacks_Biscuits_1026,2022-03,507.3,785.43,-278.13
1019,Electronics_Cables_1019,2022-06,25423.2,25701.32,-278.12
1026,Snacks_Biscuits_1026,2023-08,738.49,1015.74,-277.25
1117,Snacks_Crackers_1117,2025-03,1201.7,1478.63,-276.93
1092,Household_Detergent_1092,2025-08,3981.2,4258.01,-276.81
1165,Personal Care_Skincare_1165,2022-10,1453.2,1730.0,-276.8
1139,Dairy_Cream_1139,2023-12,2109.52,2386.13,-276.61
1050,Snacks_Chips_1050,2022-03,1908.88,2185.4,-276.52
1070,Grocery_Canned Goods_1070,2023-04,4882.62,5158.95,-276.33
1141,Beverages_Coffee_1141,2022-06,1030.9,1307.15,-276.25
1190,Dairy_Milk_1190,2025-03,2758.08,3033.89,-275.81
1003,Household_Cleaning Supplies_1003,2025-07,1403.76,1679.25,-275.49
1105,Beverages_Water_1105,2021-02,2991.66,3267.12,-275.46
1133,Electronics_Mobile Accessories_1133,2023-05,3621.95,3897.24,-275.29
1129,Electronics_Chargers_1129,2024-12,15607.21,15882.41,-275.2
1102,Snacks_Biscuits_1102,2021-02,4000.2,4275.25,-275.05
1093,Snacks_Chips_1093,2022-05,978.98,1253.9,-274.92
1093,Snacks_Chips_1093,2024-12,579.01,853.53,-274.52
1098,Electronics_Mobile Accessories_1098,2024-06,13495.13,13769.49,-274.36
1100,Electronics_Mobile Accessories_1100,2023-09,1383.96,1657.98,-274.02
1100,Electronics_Mobile Accessories_1100,2023-07,1971.94,2245.68,-273.74
1165,Personal Care_Skincare_1165,2024-04,2655.81,2929.53,-273.72
1086,Grocery_Rice_1086,2024-11,976.57,1249.98,-273.41
1082,Household_Detergent_1082,2023-07,5918.49,6191.7,-273.21
1133,Electronics_Mobile Accessories_1133,2025-03,4639.65,4912.77,-273.12
1080,Snacks_Chips_1080,2024-04,2570.33,2843.31,-272.98
1180,Grocery_Spices_1180,2025-03,1288.64,1561.29,-272.65
1062,Personal Care_Deodorant_1062,2025-02,5540.02,5812.4,-272.38
1016,Grocery_Rice_1016,2022-02,2207.66,2479.82,-272.16
1195,Snacks_Chocolates_1195,2024-10,1694.52,1966.48,-271.96
1056,Snacks_Nuts_1056,2022-08,743.04,1014.25,-271.21
1091,Dairy_Butter_1091,2021-06,1022.58,1293.69,-271.11
1071,Grocery_Canned Goods_1071,2021-06,757.62,1028.31,-270.69
1093,Snacks_Chips_1093,2025-06,950.55,1220.94,-270.39
1002,Dairy_Cream_1002,2022-02,2536.88,2807.23,-270.35
1168,Snacks_Chips_1168,2025-08,2951.92,3221.53,-269.61
1110,Grocery_Canned Goods_1110,2022-11,1222.07,1491.21,-269.14
1034,Household_Cleaning Supplies_1034,2024-06,6523.25,6792.08,-268.83
1162,Dairy_Yogurt_1162,2024-04,3037.65,3306.34,-268.69
1126,Beverages_Soft Drinks_1126,2024-03,3348.34,3616.88,-268.54
1137,Snacks_Nuts_1137,2025-03,1033.69,1302.21,-268.52
1190,Dairy_Milk_1190,2025-06,2669.3,2937.7,-268.4
1175,Household_Trash Bags_1175,2023-05,7898.88,8167.26,-268.38
1097,Snacks_Crackers_1097,2022-09,211.41,479.16,-267.75
1145,Household_Trash Bags_1145,2023-08,1553.68,1820.95,-267.27
1142,Electronics_Mobile Accessories_1142,2022-11,999.67,1266.84,-267.17
1137,Snacks_Nuts_1137,2021-08,1045.26,1310.91,-265.65
1069,Grocery_Spices_1069,2021-02,8155.85,8421.45,-265.6
1127,Grocery_Rice_1127,2025-10,1307.52,1573.11,-265.59
1104,Grocery_Pasta_1104,2025-06,2416.92,2682.24,-265.32
1170,Dairy_Yogurt_1170,2023-02,3351.42,3616.49,-265.07
1024,Grocery_Canned Goods_1024,2025-02,1475.9,1740.57,-264.67
1087,Snacks_Crackers_1087,2021-06,1055.04,1319.57,-264.53
1004,Beverages_Juices_1004,2021-11,1646.77,1911.14,-264.37
1053,Snacks_Crackers_1053,2023-09,932.0,1195.76,-263.76
1194,Dairy_Butter_1194,2021-06,1473.39,1737.04,-263.65
1188,Grocery_Spices_1188,2021-08,3341.3,3604.9,-263.6
1111,Snacks_Nuts_1111,2023-05,1808.64,2072.11,-263.47
1079,Beverages_Juices_1079,2022-06,572.0,835.25,-263.25
1075,Snacks_Crackers_1075,2023-07,1383.22,1646.14,-262.92
1113,Dairy_Cheese_1113,2023-09,2377.26,2640.18,-262.92
1134,Household_Paper Products_1134,2025-02,2754.64,3017.41,-262.77
1130,Snacks_Nuts_1130,2024-06,1726.96,1989.48,-262.52
1056,Snacks_Nuts_1056,2022-06,472.42,734.91,-262.49
1186,Dairy_Yogurt_1186,2025-02,801.79,1064.19,-262.4
1029,Grocery_Canned Goods_1029,2025-08,4525.1,4787.36,-262.26
1109,Electronics_Batteries_1109,2023-08,4911.05,5173.01,-261.96
1003,Household_Cleaning Supplies_1003,2023-07,1543.2,1804.8,-261.6
1186,Dairy_Yogurt_1186,2022-03,546.0,807.56,-261.56
1041,Snacks_Nuts_1041,2022-10,1169.6,1431.04,-261.44
1165,Personal Care_Skincare_1165,2024-06,2005.76,2266.3,-260.54
1022,Household_Cleaning Supplies_1022,2021-04,5715.24,5975.38,-260.14
1094,Grocery_Rice_1094,2024-06,2889.56,3149.0,-259.44
1106,Snacks_Chocolates_1106,2022-10,936.24,1195.68,-259.44
1020,Beverages_Juices_1020,2023-10,557.76,816.72,-258.96
1027,Snacks_Chips_1027,2023-02,788.14,1046.94,-258.8
1158,Snacks_Crackers_1158,2024-02,1226.54,1485.07,-258.53
1137,Snacks_Nuts_1137,2025-02,1302.21,1560.56,-258.35
1123,Beverages_Water_1123,2025-08,1626.57,1884.76,-258.19
1179,Household_Cleaning Supplies_1179,2024-03,4116.45,4374.62,-258.17
1010,Grocery_Rice_1010,2021-04,1270.16,1527.99,-257.83
1003,Household_Cleaning Supplies_1003,2021-06,1584.0,1841.79,-257.79
1176,Snacks_Chocolates_1176,2023-02,1112.02,1369.45,-257.43
1003,Household_Cleaning Supplies_1003,2024-08,1645.56,1902.24,-256.68
1162,Dairy_Yogurt_1162,2023-08,3147.94,3404.54,-256.6
1106,Snacks_Chocolates_1106,2024-04,1220.62,1476.79,-256.17
1200,Beverages_Juices_1200,2022-03,771.47,1027.22,-255.75
1087,Snacks_Crackers_1087,2024-08,1656.79,1911.88,-255.09
1195,Snacks_Chocolates_1195,2022-06,2405.8,2660.76,-254.96
1036,Electronics_Mobile Accessories_1036,2024-03,12250.84,12505.72,-254.88
1026,Snacks_Biscuits_1026,2021-09,456.0,710.85,-254.85
1119,Grocery_Pasta_1119,2025-08,4477.48,4731.76,-254.28
1104,Grocery_Pasta_1104,2023-07,2222.16,2475.28,-253.12
1188,Grocery_Spices_1188,2023-05,2629.02,2882.1,-253.08
1122,Dairy_Yogurt_1122,2025-10,2148.8,2401.6,-252.8
1187,Personal Care_Skincare_1187,2022-08,10304.74,10557.35,-252.61
1171,Personal Care_Toothpaste_1171,2022-06,4125.33,4377.91,-252.58
1182,Beverages_Tea_1182,2025-10,995.42,1247.78,-252.36
1076,Snacks_Chocolates_1076,2024-03,2957.46,3209.46,-252.0
1058,Personal Care_Soap_1058,2021-11,3218.46,3470.39,-251.93
1139,Dairy_Cream_1139,2022-11,1633.18,1884.93,-251.75
1024,Grocery_Canned Goods_1024,2023-05,1098.75,1350.44,-251.69
1058,Personal Care_Soap_1058,2022-08,7608.78,7860.0,-251.22
1006,Beverages_Coffee_1006,2022-11,1087.04,1337.72,-250.68
1125,Personal Care_Toothpaste_1125,2023-05,3506.1,3756.38,-250.28
1053,Snacks_Crackers_1053,2022-08,1660.38,1910.19,-249.81
1169,Beverages_Soft Drinks_1169,2025-04,620.8,870.41,-249.61
1010,Grocery_Rice_1010,2022-06,1823.73,2073.21,-249.48
1086,Grocery_Rice_1086,2024-06,1618.19,1867.44,-249.25
1196,Grocery_Pasta_1196,2024-11,2326.04,2574.84,-248.8
1182,Beverages_Tea_1182,2022-02,2432.01,2680.18,-248.17
1067,Grocery_Cereals_1067,2024-10,2924.63,3172.48,-247.85
1101,Snacks_Crackers_1101,2024-04,2849.71,3097.37,-247.66
1095,Snacks_Chocolates_1095,2024-02,4149.68,4397.22,-247.54
1130,Snacks_Nuts_1130,2025-02,3078.43,3324.93,-246.5
1132,Dairy_Butter_1132,2021-11,3544.8,3791.02,-246.22
1041,Snacks_Nuts_1041,2022-11,923.46,1169.6,-246.14
1035,Electronics_Batteries_1035,2022-10,22329.58,22574.96,-245.38
1137,Snacks_Nuts_1137,2024-08,961.83,1206.99,-245.16
1017,Household_Paper Products_1017,2021-11,2478.36,2723.49,-245.13
1105,Beverages_Water_1105,2024-12,1441.61,1686.25,-244.64
1041,Snacks_Nuts_1041,2023-05,1747.52,1991.7,-244.18
1143,Dairy_Cheese_1143,2024-02,2978.98,3222.81,-243.83
1030,Dairy_Cream_1030,2022-05,2655.82,2899.64,-243.82
1027,Snacks_Chips_1027,2022-02,930.82,1174.37,-243.55
1132,Dairy_Butter_1132,2025-10,2747.62,2991.08,-243.46
1063,Snacks_Chocolates_1063,2022-10,1119.18,1362.48,-243.3
1167,Grocery_Rice_1167,2025-06,5231.76,5474.6,-242.84
1197,Electronics_Mobile Accessories_1197,2022-06,2144.76,2387.51,-242.75
1086,Grocery_Rice_1086,2025-02,2729.66,2972.34,-242.68
1012,Beverages_Juices_1012,2022-02,2689.98,2932.61,-242.63
1071,Grocery_Canned Goods_1071,2023-09,488.61,731.06,-242.45
1143,Dairy_Cheese_1143,2023-11,1186.06,1428.43,-242.37
1137,Snacks_Nuts_1137,2023-05,779.52,1021.68,-242.16
1178,Beverages_Soft Drinks_1178,2023-03,2747.26,2989.3,-242.04
1067,Grocery_Cereals_1067,2025-06,6202.48,6444.1,-241.62
1178,Beverages_Soft Drinks_1178,2021-05,2837.97,3079.5,-241.53
1122,Dairy_Yogurt_1122,2024-06,3519.29,3760.4,-241.11
1094,Grocery_Rice_1094,2022-12,2276.21,2517.16,-240.95
1190,Dairy_Milk_1190,2024-05,2005.74,2246.52,-240.78
1060,Household_Detergent_1060,2023-09,3971.1,4211.87,-240.77
1042,Grocery_Canned Goods_1042,2024-07,6221.79,6462.01,-240.22
1053,Snacks_Crackers_1053,2025-02,1958.63,2198.8,-240.17
1137,Snacks_Nuts_1137,2023-02,1037.89,1277.94,-240.05
1003,Household_Cleaning Supplies_1003,2023-02,2111.16,2351.16,-240.0
1030,Dairy_Cream_1030,2021-04,1545.56,1785.24,-239.68
1196,Grocery_Pasta_1196,2021-10,2215.56,2455.08,-239.52
1054,Snacks_Chips_1054,2023-08,1576.64,1816.05,-239.41
1188,Grocery_Spices_1188,2024-02,3188.68,3427.75,-239.07
1052,Snacks_Crackers_1052,2021-05,2768.85,3007.61,-238.76
1188,Grocery_Spices_1188,2024-04,2435.77,2674.51,-238.74
1117,Snacks_Crackers_1117,2021-10,606.34,844.9,-238.56
1056,Snacks_Nuts_1056,2024-05,657.8,895.0,-237.2
1133,Electronics_Mobile Accessories_1133,2024-10,2437.2,2674.15,-236.95
1200,Beverages_Juices_1200,2021-06,883.82,1120.57,-236.75
1108,Dairy_Butter_1108,2024-10,2634.44,2870.36,-235.92
1014,Dairy_Butter_1014,2022-05,900.89,1136.59,-235.7
1044,Snacks_Biscuits_1044,2022-05,2936.18,3171.66,-235.48
1079,Beverages_Juices_1079,2022-02,744.25,979.55,-235.3
1053,Snacks_Crackers_1053,2023-05,1351.4,1586.54,-235.14
1177,Snacks_Chips_1177,2025-04,190.28,425.38,-235.1
1052,Snacks_Crackers_1052,2021-11,949.45,1184.28,-234.83
1116,Personal Care_Skincare_1116,2021-10,5937.12,6171.48,-234.36
1015,Dairy_Cream_1015,2025-03,4470.94,4704.77,-233.83
1093,Snacks_Chips_1093,2024-02,1224.46,1458.08,-233.62
1192,Dairy_Milk_1192,2024-08,3675.07,3908.55,-233.48
1144,Household_Detergent_1144,2025-06,1675.5,1908.72,-233.22
1195,Snacks_Chocolates_1195,2024-05,2343.04,2576.23,-233.19
1029,Grocery_Canned Goods_1029,2024-11,2612.73,2845.8,-233.07
1046,Household_Paper Products_1046,2024-10,3724.16,3956.92,-232.76
1007,Personal Care_Shampoo_1007,2025-07,8044.68,8277.28,-232.6
1011,Personal Care_Shampoo_1011,2023-08,2865.16,3097.41,-232.25
1190,Dairy_Milk_1190,2022-08,3209.42,3441.37,-231.95
1039,Beverages_Soft Drinks_1039,2021-12,1979.54,2211.45,-231.91
1197,Electronics_Mobile Accessories_1197,2021-08,2830.2,3061.69,-231.49
1169,Beverages_Soft Drinks_1169,2022-06,621.18,852.26,-231.08
1006,Beverages_Coffee_1006,2025-03,1924.65,2155.39,-230.74
1027,Snacks_Chips_1027,2022-11,490.45,719.95,-229.5
1059,Electronics_Cables_1059,2024-08,4578.16,4807.66,-229.5
1177,Snacks_Chips_1177,2021-09,221.52,450.9,-229.38
1155,Electronics_Mobile Accessories_1155,2022-05,3605.03,3833.83,-228.8
1179,Household_Cleaning Supplies_1179,2023-06,3174.67,3403.12,-228.45
1055,Dairy_Butter_1055,2022-02,1608.11,1836.51,-228.4
1145,Household_Trash Bags_1145,2021-12,1043.81,1271.36,-227.55
1030,Dairy_Cream_1030,2021-07,2527.47,2755.0,-227.53
1117,Snacks_Crackers_1117,2025-06,946.21,1172.92,-226.71
1039,Beverages_Soft Drinks_1039,2022-06,3109.2,3335.89,-226.69
1044,Snacks_Biscuits_1044,2025-02,3733.9,3960.42,-226.52
1043,Electronics_Batteries_1043,2021-08,3098.26,3324.66,-226.4
1106,Snacks_Chocolates_1106,2023-05,1342.32,1568.68,-226.36
1029,Grocery_Canned Goods_1029,2022-05,3654.84,3881.16,-226.32
1010,Grocery_Rice_1010,2025-03,2291.42,2517.61,-226.19
1054,Snacks_Chips_1054,2025-06,1194.36,1419.84,-225.48
1048,Snacks_Biscuits_1048,2025-06,1702.49,1927.93,-225.44
1113,Dairy_Cheese_1113,2022-08,4258.48,4483.68,-225.2
1124,Dairy_Cheese_1124,2023-11,2231.89,2456.48,-224.59
1024,Grocery_Canned Goods_1024,2024-05,1081.17,1305.7,-224.53
1042,Grocery_Canned Goods_1042,2023-10,3412.4,3636.9,-224.5
1184,Snacks_Chocolates_1184,2022-03,2330.64,2554.98,-224.34
1097,Snacks_Crackers_1097,2024-09,203.58,427.64,-224.06
1048,Snacks_Biscuits_1048,2024-04,1397.64,1621.5,-223.86
1091,Dairy_Butter_1091,2022-09,891.48,1114.56,-223.08
1190,Dairy_Milk_1190,2021-10,1458.72,1681.58,-222.86
1143,Dairy_Cheese_1143,2021-08,2748.88,2971.37,-222.49
1193,Beverages_Tea_1193,2024-05,1595.05,1817.34,-222.29
1169,Beverages_Soft Drinks_1169,2021-04,435.91,657.72,-221.81
1191,Dairy_Butter_1191,2022-08,1348.78,1569.94,-221.16
1154,Household_Cleaning Supplies_1154,2021-12,1402.77,1623.73,-220.96
1157,Household_Cleaning Supplies_1157,2022-11,1154.53,1375.22,-220.69
1024,Grocery_Canned Goods_1024,2025-03,1255.86,1475.9,-220.04
1125,Personal Care_Toothpaste_1125,2021-12,2273.04,2492.84,-219.8
1126,Beverages_Soft Drinks_1126,2021-11,2093.27,2313.0,-219.73
1056,Snacks_Nuts_1056,2021-06,627.9,847.53,-219.63
1033,Household_Paper Products_1033,2022-02,5543.19,5762.16,-218.97
1086,Grocery_Rice_1086,2021-06,2093.34,2311.75,-218.41
1106,Snacks_Chocolates_1106,2023-11,887.13,1105.44,-218.31
1010,Grocery_Rice_1010,2024-02,3224.1,3442.4,-218.3
1146,Snacks_Chocolates_1146,2023-05,1907.26,2124.78,-217.52
1131,Snacks_Crackers_1131,2021-02,4260.49,4477.26,-216.77
1170,Dairy_Yogurt_1170,2023-08,3203.52,3419.93,-216.41
1152,Personal Care_Toothpaste_1152,2024-10,4854.6,5070.36,-215.76
1057,Beverages_Tea_1057,2025-10,1885.8,2101.32,-215.52
1105,Beverages_Water_1105,2021-11,1335.44,1550.64,-215.2
1182,Beverages_Tea_1182,2023-02,2649.06,2864.07,-215.01
1200,Beverages_Juices_1200,2024-08,1100.68,1315.36,-214.68
1192,Dairy_Milk_1192,2022-05,2830.02,3044.43,-214.41
1190,Dairy_Milk_1190,2025-08,3210.54,3424.7,-214.16
1187,Personal Care_Skincare_1187,2025-06,8990.04,9204.15,-214.11
1124,Dairy_Cheese_1124,2025-03,3309.01,3522.95,-213.94
1016,Grocery_Rice_1016,2021-10,1710.72,1924.56,-213.84
1026,Snacks_Biscuits_1026,2021-08,710.85,924.57,-213.72
1014,Dairy_Butter_1014,2023-08,1154.15,1367.66,-213.51
1137,Snacks_Nuts_1137,2025-06,821.52,1034.88,-213.36
1100,Electronics_Mobile Accessories_1100,2023-03,2331.67,2544.92,-213.25
1126,Beverages_Soft Drinks_1126,2024-04,3135.14,3348.34,-213.2
1169,Beverages_Soft Drinks_1169,2024-04,790.1,1003.21,-213.11
1164,Electronics_Cables_1164,2022-11,11561.52,11774.4,-212.88
1091,Dairy_Butter_1091,2022-06,856.52,1069.06,-212.54
1041,Snacks_Nuts_1041,2022-06,1155.84,1368.26,-212.42
1194,Dairy_Butter_1194,2025-10,741.51,953.37,-211.86
1169,Beverages_Soft Drinks_1169,2023-05,596.82,808.67,-211.85
1186,Dairy_Yogurt_1186,2024-12,447.06,658.74,-211.68
1146,Snacks_Chocolates_1146,2023-11,1736.94,1947.84,-210.9
1025,Household_Detergent_1025,2025-09,839.52,1050.1,-210.58
1188,Grocery_Spices_1188,2023-06,2418.66,2629.02,-210.36
1093,Snacks_Chips_1093,2024-03,1014.77,1224.46,-209.69
1121,Grocery_Rice_1121,2025-02,5782.3,5991.27,-208.97
1028,Household_Paper Products_1028,2022-10,3425.96,3634.86,-208.9
1194,Dairy_Butter_1194,2024-07,972.75,1181.58,-208.83
1122,Dairy_Yogurt_1122,2023-06,3615.04,3823.6,-208.56
1024,Grocery_Canned Goods_1024,2023-11,758.48,966.9,-208.42
1106,Snacks_Chocolates_1106,2023-08,1554.08,1762.43,-208.35
1193,Beverages_Tea_1193,2023-02,2248.93,2456.98,-208.05
1113,Dairy_Cheese_1113,2024-03,3587.84,3794.94,-207.1
1006,Beverages_Coffee_1006,2021-02,2566.98,2773.99,-207.01
1091,Dairy_Butter_1091,2022-02,1429.04,1635.84,-206.8
1029,Grocery_Canned Goods_1029,2022-02,4814.01,5019.81,-205.8
1154,Household_Cleaning Supplies_1154,2022-12,1434.05,1639.59,-205.54
1006,Beverages_Coffee_1006,2021-08,1711.71,1916.87,-205.16
1149,Electronics_Chargers_1149,2025-05,9840.1,10045.19,-205.09
1113,Dairy_Cheese_1113,2021-11,1995.36,2200.23,-204.87
1128,Grocery_Spices_1128,2024-06,3383.43,3588.3,-204.87
1159,Electronics_Batteries_1159,2024-08,28321.69,28526.46,-204.77
1031,Snacks_Chips_1031,2023-02,2455.53,2660.13,-204.6
1139,Dairy_Cream_1139,2022-10,1884.93,2089.32,-204.39
1055,Dairy_Butter_1055,2023-04,927.68,1131.33,-203.65
1081,Snacks_Nuts_1081,2022-02,1572.16,1775.62,-203.46
1109,Electronics_Batteries_1109,2025-08,5862.33,6065.03,-202.7
1158,Snacks_Crackers_1158,2024-03,1024.07,1226.54,-202.47
1144,Household_Detergent_1144,2024-02,2735.7,2937.49,-201.79
1079,Beverages_Juices_1079,2025-03,802.0,1003.73,-201.73
1091,Dairy_Butter_1091,2024-03,1122.34,1324.04,-201.7
1184,Snacks_Chocolates_1184,2023-10,1904.85,2106.54,-201.69
1044,Snacks_Biscuits_1044,2024-05,2048.26,2249.75,-201.49
1100,Electronics_Mobile Accessories_1100,2023-10,1183.65,1383.96,-200.31
1144,Household_Detergent_1144,2024-05,1561.68,1761.8,-200.12
1033,Household_Paper Products_1033,2025-08,6073.2,6272.36,-199.16
1075,Snacks_Crackers_1075,2024-03,1909.67,2108.73,-199.06
1092,Household_Detergent_1092,2022-11,2253.99,2452.53,-198.54
1130,Snacks_Nuts_1130,2021-12,1630.04,1828.46,-198.42
1087,Snacks_Crackers_1087,2024-04,919.9,1118.18,-198.28
1146,Snacks_Chocolates_1146,2024-11,1567.76,1765.23,-197.47
1097,Snacks_Crackers_1097,2021-09,214.02,411.21,-197.19
1027,Snacks_Chips_1027,2023-07,609.6,806.59,-196.99
1062,Personal Care_Deodorant_1062,2024-11,2604.83,2801.28,-196.45
1147,Snacks_Crackers_1147,2024-11,1545.85,1742.16,-196.31
1021,Grocery_Canned Goods_1021,2025-03,4672.96,4868.92,-195.96
1137,Snacks_Nuts_1137,2024-11,482.8,678.72,-195.92
1160,Snacks_Nuts_1160,2021-08,894.14,1089.98,-195.84
1160,Snacks_Nuts_1160,2023-05,587.1,782.71,-195.61
1142,Electronics_Mobile Accessories_1142,2021-08,2435.86,2631.31,-195.45
1007,Personal Care_Shampoo_1007,2025-05,7062.3,7257.34,-195.04
1194,Dairy_Butter_1194,2022-06,1136.34,1331.31,-194.97
1055,Dairy_Butter_1055,2023-02,1495.13,1690.04,-194.91
1022,Household_Cleaning Supplies_1022,2024-02,9437.3,9632.18,-194.88
1101,Snacks_Crackers_1101,2022-06,3463.88,3658.57,-194.69
1152,Personal Care_Toothpaste_1152,2021-08,9566.13,9760.79,-194.66
1143,Dairy_Cheese_1143,2021-02,3140.75,3334.95,-194.2
1190,Dairy_Milk_1190,2023-11,1588.84,1782.88,-194.04
1073,Electronics_Chargers_1073,2021-11,10399.66,10593.44,-193.78
1137,Snacks_Nuts_1137,2021-02,1150.63,1344.39,-193.76
1059,Electronics_Cables_1059,2025-02,3730.92,3924.31,-193.39
1177,Snacks_Chips_1177,2025-09,241.4,434.78,-193.38
1180,Grocery_Spices_1180,2023-05,1201.2,1394.42,-193.22
1030,Dairy_Cream_1030,2025-03,2969.85,3162.91,-193.06
1165,Personal Care_Skincare_1165,2023-11,1156.41,1349.4,-192.99
1005,Household_Paper Products_1005,2025-08,2958.56,3151.49,-192.93
1081,Snacks_Nuts_1081,2024-02,2066.48,2259.38,-192.9
1183,Electronics_Batteries_1183,2021-04,10912.16,11104.57,-192.41
1054,Snacks_Chips_1054,2025-04,1147.99,1340.02,-192.03
1071,Grocery_Canned Goods_1071,2022-05,639.3,830.91,-191.61
1097,Snacks_Crackers_1097,2025-09,195.75,387.36,-191.61
1014,Dairy_Butter_1014,2024-03,1155.41,1346.93,-191.52
1079,Beverages_Juices_1079,2024-08,738.35,929.86,-191.51
1004,Beverages_Juices_1004,2023-07,2304.55,2495.91,-191.36
1181,Personal Care_Soap_1181,2025-05,2972.97,3163.72,-190.75
1039,Beverages_Soft Drinks_1039,2023-08,2980.82,3171.52,-190.7
1158,Snacks_Crackers_1158,2021-06,1068.69,1258.95,-190.26
1127,Grocery_Rice_1127,2022-11,1587.21,1777.41,-190.2
1083,Dairy_Cheese_1083,2025-03,2481.26,2671.03,-189.77
1122,Dairy_Yogurt_1122,2024-11,2338.4,2528.0,-189.6
1063,Snacks_Chocolates_1063,2024-02,2720.27,2909.59,-189.32
1004,Beverages_Juices_1004,2024-07,3516.16,3705.32,-189.16
1083,Dairy_Cheese_1083,2022-02,2166.15,2355.26,-189.11
1083,Dairy_Cheese_1083,2024-11,1268.34,1457.4,-189.06
1158,Snacks_Crackers_1158,2023-10,472.55,661.57,-189.02
1195,Snacks_Chocolates_1195,2025-08,3626.48,3815.25,-188.77
1156,Personal Care_Soap_1156,2023-11,2765.26,2953.65,-188.39
1184,Snacks_Chocolates_1184,2023-06,2523.39,2711.61,-188.22
1177,Snacks_Chips_1177,2023-03,305.19,493.37,-188.18
1079,Beverages_Juices_1079,2022-03,556.4,744.25,-187.85
1177,Snacks_Chips_1177,2022-03,156.2,344.0,-187.8
1160,Snacks_Nuts_1160,2025-06,733.14,920.82,-187.68
1181,Personal Care_Soap_1181,2024-04,4609.82,4797.2,-187.38
1030,Dairy_Cream_1030,2022-02,3942.41,4129.75,-187.34
1112,Household_Paper Products_1112,2022-10,685.08,871.92,-186.84
1106,Snacks_Chocolates_1106,2024-11,817.21,1003.92,-186.71
1147,Snacks_Crackers_1147,2022-10,1514.02,1700.68,-186.66
1110,Grocery_Canned Goods_1110,2021-11,1672.76,1859.41,-186.65
1144,Household_Detergent_1144,2024-04,1761.8,1948.37,-186.57
1093,Snacks_Chips_1093,2023-11,548.74,734.16,-185.42
1091,Dairy_Butter_1091,2024-11,662.51,847.78,-185.27
1081,Snacks_Nuts_1081,2024-03,1881.43,2066.48,-185.05
1088,Household_Cleaning Supplies_1088,2021-12,1896.78,2081.49,-184.71
1176,Snacks_Chocolates_1176,2021-02,1114.43,1298.84,-184.41
1154,Household_Cleaning Supplies_1154,2023-05,2033.92,2218.24,-184.32
1020,Beverages_Juices_1020,2023-02,1291.51,1475.72,-184.21
1136,Personal Care_Shampoo_1136,2024-12,6264.3,6448.47,-184.17
1054,Snacks_Chips_1054,2025-08,1542.03,1726.09,-184.06
1127,Grocery_Rice_1127,2022-10,1777.41,1961.28,-183.87
1102,Snacks_Biscuits_1102,2024-03,2571.97,2755.37,-183.4
1012,Beverages_Juices_1012,2024-10,888.3,1071.6,-183.3
1101,Snacks_Crackers_1101,2024-05,2666.44,2849.71,-183.27
1186,Dairy_Yogurt_1186,2024-08,717.26,900.52,-183.26
1142,Electronics_Mobile Accessories_1142,2023-04,2077.02,2260.22,-183.2
1014,Dairy_Butter_1014,2023-05,1072.71,1255.57,-182.86
1002,Dairy_Cream_1002,2023-07,1627.42,1810.06,-182.64
1023,Personal Care_Toothpaste_1023,2022-10,5048.06,5230.52,-182.46
1053,Snacks_Crackers_1053,2021-11,784.58,966.95,-182.37
1177,Snacks_Chips_1177,2022-02,344.0,526.11,-182.11
1100,Electronics_Mobile Accessories_1100,2025-10,1475.01,1657.11,-182.1
1075,Snacks_Crackers_1075,2024-05,1791.58,1973.56,-181.98
1015,Dairy_Cream_1015,2023-08,3469.01,3650.36,-181.35
1160,Snacks_Nuts_1160,2025-02,973.61,1154.85,-181.24
1071,Grocery_Canned Goods_1071,2023-10,307.44,488.61,-181.17
1012,Beverages_Juices_1012,2023-02,2505.07,2686.0,-180.93
1048,Snacks_Biscuits_1048,2022-06,1622.79,1803.04,-180.25
1178,Beverages_Soft Drinks_1178,2021-12,2137.36,2317.42,-180.06
1194,Dairy_Butter_1194,2024-05,1155.6,1335.04,-179.44
1026,Snacks_Biscuits_1026,2023-05,547.2,726.22,-179.02
1186,Dairy_Yogurt_1186,2025-06,492.78,671.58,-178.8
1147,Snacks_Crackers_1147,2021-11,2019.88,2198.44,-178.56
1134,Household_Paper Products_1134,2023-05,1383.0,1561.2,-178.2
1026,Snacks_Biscuits_1026,2021-03,598.5,776.55,-178.05
1053,Snacks_Crackers_1053,2025-03,1781.33,1958.63,-177.3
1011,Personal Care_Shampoo_1011,2022-06,2057.37,2234.34,-176.97
1041,Snacks_Nuts_1041,2023-06,1570.87,1747.52,-176.65
1050,Snacks_Chips_1050,2024-11,1393.54,1569.92,-176.38
1122,Dairy_Yogurt_1122,2022-12,3325.9,3502.23,-176.33
1133,Electronics_Mobile Accessories_1133,2023-11,2769.0,2944.95,-175.95
1191,Dairy_Butter_1191,2022-11,724.96,900.9,-175.94
1106,Snacks_Chocolates_1106,2021-08,1673.55,1849.4,-175.85
1133,Electronics_Mobile Accessories_1133,2022-05,4923.09,5098.92,-175.83
1028,Household_Paper Products_1028,2024-05,4554.02,4729.81,-175.79
1192,Dairy_Milk_1192,2025-10,1603.81,1779.57,-175.76
1089,Electronics_Mobile Accessories_1089,2022-11,5957.78,6133.35,-175.57
1036,Electronics_Mobile Accessories_1036,2023-06,11099.06,11274.48,-175.42
1105,Beverages_Water_1105,2021-05,1991.96,2167.28,-175.32
1180,Grocery_Spices_1180,2024-08,1055.12,1229.68,-174.56
1026,Snacks_Biscuits_1026,2025-03,795.49,969.95,-174.46
1180,Grocery_Spices_1180,2024-03,1178.46,1352.74,-174.28
1147,Snacks_Crackers_1147,2024-05,2156.96,2330.71,-173.75
1071,Grocery_Canned Goods_1071,2025-09,532.53,706.27,-173.74
1087,Snacks_Crackers_1087,2022-11,711.75,885.48,-173.73
1086,Grocery_Rice_1086,2025-08,2064.99,2238.59,-173.6
1083,Dairy_Cheese_1083,2023-02,2645.6,2819.05,-173.45
1041,Snacks_Nuts_1041,2022-02,2481.1,2653.96,-172.86
1024,Grocery_Canned Goods_1024,2021-11,565.79,738.36,-172.57
1008,Personal Care_Shampoo_1008,2023-08,5557.36,5729.56,-172.2
1041,Snacks_Nuts_1041,2024-04,1708.89,1881.01,-172.12
1168,Snacks_Chips_1168,2025-10,1548.72,1720.8,-172.08
1053,Snacks_Crackers_1053,2022-05,1292.44,1464.45,-172.01
1071,Grocery_Canned Goods_1071,2024-03,707.35,879.14,-171.79
1079,Beverages_Juices_1079,2024-04,520.34,691.98,-171.64
1101,Snacks_Crackers_1101,2024-11,2145.93,2317.56,-171.63
1160,Snacks_Nuts_1160,2023-11,452.55,624.18,-171.63
1095,Snacks_Chocolates_1095,2025-03,3211.15,3382.56,-171.41
1156,Personal Care_Soap_1156,2022-08,4704.89,4876.19,-171.3
1176,Snacks_Chocolates_1176,2022-08,922.91,1094.14,-171.23
1026,Snacks_Biscuits_1026,2021-02,776.55,947.4,-170.85
1100,Electronics_Mobile Accessories_1100,2022-06,2258.04,2428.77,-170.73
1192,Dairy_Milk_1192,2023-11,1807.08,1977.3,-170.22
1193,Beverages_Tea_1193,2022-06,1664.4,1834.27,-169.87
1059,Electronics_Cables_1059,2025-10,1740.86,1910.7,-169.84
1053,Snacks_Crackers_1053,2024-06,1239.89,1409.65,-169.76
1020,Beverages_Juices_1020,2022-10,866.52,1035.84,-169.32
1133,Electronics_Mobile Accessories_1133,2023-10,2944.95,3114.2,-169.25
1141,Beverages_Coffee_1141,2025-08,1075.52,1244.53,-169.01
1026,Snacks_Biscuits_1026,2024-06,674.82,843.6,-168.78
1070,Grocery_Canned Goods_1070,2024-10,2995.49,3164.25,-168.76
1093,Snacks_Chips_1093,2025-03,1127.83,1296.26,-168.43
1192,Dairy_Milk_1192,2025-08,3082.96,3251.29,-168.33
1138,Household_Cleaning Supplies_1138,2022-06,4813.12,4980.89,-167.77
1071,Grocery_Canned Goods_1071,2025-08,706.27,873.86,-167.59
1038,Electronics_Cables_1038,2022-02,18304.75,18472.29,-167.54
1121,Grocery_Rice_1121,2023-11,2989.05,3156.12,-167.07
1186,Dairy_Yogurt_1186,2024-04,717.29,884.27,-166.98
1123,Beverages_Water_1123,2021-10,530.28,697.22,-166.94
1079,Beverages_Juices_1079,2021-06,509.6,676.53,-166.93
1026,Snacks_Biscuits_1026,2025-09,530.1,697.0,-166.9
1043,Electronics_Batteries_1043,2022-11,1522.23,1688.4,-166.17
1100,Electronics_Mobile Accessories_1100,2024-05,2421.93,2588.1,-166.17
1070,Grocery_Canned Goods_1070,2022-11,4770.4,4936.23,-165.83
1186,Dairy_Yogurt_1186,2024-05,551.46,717.29,-165.83
1129,Electronics_Chargers_1129,2024-11,15882.41,16048.2,-165.79
1039,Beverages_Soft Drinks_1039,2024-04,3025.81,3191.57,-165.76
1010,Grocery_Rice_1010,2023-11,1214.43,1380.12,-165.69
1027,Snacks_Chips_1027,2022-08,639.45,804.89,-165.44
1004,Beverages_Juices_1004,2021-02,3937.97,4103.21,-165.24
1186,Dairy_Yogurt_1186,2023-12,414.36,579.38,-165.02
1134,Household_Paper Products_1134,2022-03,1438.32,1603.25,-164.93
1194,Dairy_Butter_1194,2023-08,1270.49,1434.55,-164.06
1170,Dairy_Yogurt_1170,2021-11,1838.4,2002.2,-163.8
1062,Personal Care_Deodorant_1062,2024-06,3454.65,3618.32,-163.67
1158,Snacks_Crackers_1158,2023-02,1161.11,1324.71,-163.6
1173,Electronics_Batteries_1173,2023-10,14722.2,14885.78,-163.58
1054,Snacks_Chips_1054,2022-06,1104.32,1267.75,-163.43
1158,Snacks_Crackers_1158,2024-08,975.28,1138.7,-163.42
1195,Snacks_Chocolates_1195,2024-04,2576.23,2739.55,-163.32
1157,Household_Cleaning Supplies_1157,2024-11,1285.17,1448.37,-163.2
1053,Snacks_Crackers_1053,2021-10,966.95,1130.05,-163.1
1003,Household_Cleaning Supplies_1003,2024-11,1133.07,1296.0,-162.93
1168,Snacks_Chips_1168,2023-08,1700.4,1863.28,-162.88
1198,Dairy_Cheese_1198,2024-03,4487.14,4649.95,-162.81
1026,Snacks_Biscuits_1026,2024-09,467.4,630.19,-162.79
1177,Snacks_Chips_1177,2022-11,209.42,372.04,-162.62
1026,Snacks_Biscuits_1026,2021-11,441.69,604.2,-162.51
1063,Snacks_Chocolates_1063,2023-10,1005.64,1167.84,-162.2
1125,Personal Care_Toothpaste_1125,2022-10,2049.72,2211.54,-161.82
1002,Dairy_Cream_1002,2025-02,2196.44,2358.24,-161.8
1198,Dairy_Cheese_1198,2023-11,1833.38,1995.07,-161.69
1157,Household_Cleaning Supplies_1157,2021-11,1155.18,1316.7,-161.52
1055,Dairy_Butter_1055,2023-12,742.07,903.59,-161.52
1027,Snacks_Chips_1027,2022-09,477.95,639.45,-161.5
1179,Household_Cleaning Supplies_1179,2023-11,2780.46,2941.68,-161.22
1025,Household_Detergent_1025,2023-10,491.84,652.96,-161.12
1130,Snacks_Nuts_1130,2021-06,2191.8,2352.68,-160.88
1026,Snacks_Biscuits_1026,2022-02,785.43,946.29,-160.86
1134,Household_Paper Products_1134,2023-02,2320.57,2481.05,-160.48
1079,Beverages_Juices_1079,2023-02,966.26,1126.57,-160.31
1109,Electronics_Batteries_1109,2023-06,4243.05,4403.19,-160.14
1027,Snacks_Chips_1027,2023-11,348.08,508.2,-160.12
1002,Dairy_Cream_1002,2021-06,1826.09,1985.99,-159.9
1177,Snacks_Chips_1177,2024-03,349.13,508.87,-159.74
1139,Dairy_Cream_1139,2025-03,3620.88,3780.32,-159.44
1099,Personal Care_Toothpaste_1099,2024-04,5158.09,5316.96,-158.87
1075,Snacks_Crackers_1075,2022-06,1631.14,1789.94,-158.8
1024,Grocery_Canned Goods_1024,2024-03,1334.74,1493.45,-158.71
1021,Grocery_Canned Goods_1021,2024-12,2292.09,2450.55,-158.46
1162,Dairy_Yogurt_1162,2022-10,2112.0,2270.4,-158.4
1101,Snacks_Crackers_1101,2025-02,5120.44,5278.3,-157.86
1157,Household_Cleaning Supplies_1157,2023-06,1584.13,1740.97,-156.84
1079,Beverages_Juices_1079,2021-09,577.2,733.93,-156.73
1098,Electronics_Mobile Accessories_1098,2025-03,15623.6,15780.25,-156.65
1117,Snacks_Crackers_1117,2022-02,1556.12,1712.66,-156.54
1003,Household_Cleaning Supplies_1003,2024-05,1416.0,1572.24,-156.24
1131,Snacks_Crackers_1131,2024-05,2605.17,2760.68,-155.51
1142,Electronics_Mobile Accessories_1142,2023-02,3418.33,3572.15,-153.82
1192,Dairy_Milk_1192,2024-10,1999.27,2153.06,-153.79
1111,Snacks_Nuts_1111,2022-05,1415.36,1568.43,-153.07
1070,Grocery_Canned Goods_1070,2025-06,4530.11,4683.09,-152.98
1141,Beverages_Coffee_1141,2024-06,1055.55,1208.35,-152.8
1200,Beverages_Juices_1200,2024-02,1141.46,1294.24,-152.78
1196,Grocery_Pasta_1196,2024-05,3113.76,3266.53,-152.77
1031,Snacks_Chips_1031,2022-10,1160.52,1313.22,-152.7
1093,Snacks_Chips_1093,2021-11,557.98,710.22,-152.24
1186,Dairy_Yogurt_1186,2022-02,807.56,959.43,-151.87
1130,Snacks_Nuts_1130,2025-08,2403.38,2555.21,-151.83
1020,Beverages_Juices_1020,2021-11,754.94,906.36,-151.42
1100,Electronics_Mobile Accessories_1100,2024-11,1232.64,1383.96,-151.32
1057,Beverages_Tea_1057,2025-03,4399.54,4550.8,-151.26
1011,Personal Care_Shampoo_1011,2025-07,2649.84,2800.89,-151.05
1008,Personal Care_Shampoo_1008,2023-05,4701.58,4852.62,-151.04
1059,Electronics_Cables_1059,2021-02,4293.43,4444.36,-150.93
1026,Snacks_Biscuits_1026,2025-06,658.77,809.4,-150.63
1088,Household_Cleaning Supplies_1088,2022-11,1839.09,1989.04,-149.95
1051,Electronics_Cables_1051,2021-11,5272.73,5422.6,-149.87
1191,Dairy_Butter_1191,2024-03,1352.39,1502.21,-149.82
1111,Snacks_Nuts_1111,2024-04,1161.68,1311.46,-149.78
1081,Snacks_Nuts_1081,2024-11,896.48,1046.24,-149.76
1186,Dairy_Yogurt_1186,2024-09,567.84,717.26,-149.42
1041,Snacks_Nuts_1041,2022-08,2261.52,2410.88,-149.36
1081,Snacks_Nuts_1081,2022-11,947.49,1096.54,-149.05
1156,Personal Care_Soap_1156,2022-12,4088.61,4237.06,-148.45
1050,Snacks_Chips_1050,2025-07,2084.91,2233.35,-148.44
1197,Electronics_Mobile Accessories_1197,2021-02,2975.29,3123.7,-148.41
1012,Beverages_Juices_1012,2025-03,2482.87,2631.17,-148.3
1088,Household_Cleaning Supplies_1088,2024-10,1862.08,2010.2,-148.12
1010,Grocery_Rice_1010,2023-10,1380.12,1527.99,-147.87
1026,Snacks_Biscuits_1026,2025-02,969.95,1117.16,-147.21
1157,Household_Cleaning Supplies_1157,2024-05,1682.45,1828.34,-145.89
1014,Dairy_Butter_1014,2024-08,1091.21,1236.74,-145.53
1127,Grocery_Rice_1127,2023-08,2932.6,3077.95,-145.35
1027,Snacks_Chips_1027,2021-10,496.1,641.3,-145.2
1182,Beverages_Tea_1182,2021-02,2430.16,2575.3,-145.14
1066,Household_Cleaning Supplies_1066,2025-03,7204.52,7349.36,-144.84
1131,Snacks_Crackers_1131,2025-08,3453.3,3597.6,-144.3
1031,Snacks_Chips_1031,2024-09,1527.0,1671.28,-144.28
1179,Household_Cleaning Supplies_1179,2023-10,2941.68,3085.88,-144.2
1082,Household_Detergent_1082,2023-12,4292.48,4436.42,-143.94
1063,Snacks_Chocolates_1063,2024-08,2600.92,2744.64,-143.72
1030,Dairy_Cream_1030,2023-04,2194.36,2337.97,-143.61
1074,Personal Care_Skincare_1074,2024-08,8235.87,8379.36,-143.49
1029,Grocery_Canned Goods_1029,2024-06,3706.79,3850.2,-143.41
1042,Grocery_Canned Goods_1042,2025-03,7413.44,7556.7,-143.26
1127,Grocery_Rice_1127,2024-10,1532.25,1675.26,-143.01
1051,Electronics_Cables_1051,2021-10,5422.6,5565.3,-142.7
1177,Snacks_Chips_1177,2024-09,278.32,420.25,-141.93
1169,Beverages_Soft Drinks_1169,2024-08,889.61,1031.52,-141.91
1075,Snacks_Crackers_1075,2023-02,2785.4,2927.27,-141.87
1169,Beverages_Soft Drinks_1169,2022-08,812.5,954.32,-141.82
1186,Dairy_Yogurt_1186,2023-06,535.32,677.04,-141.72
1085,Personal Care_Skincare_1085,2023-08,3280.48,3422.11,-141.63
1176,Snacks_Chocolates_1176,2024-06,691.66,833.26,-141.6
1106,Snacks_Chocolates_1106,2024-06,1426.37,1567.92,-141.55
1117,Snacks_Crackers_1117,2022-08,1525.81,1667.07,-141.26
1011,Personal Care_Shampoo_1011,2024-11,1997.68,2138.85,-141.17
1093,Snacks_Chips_1093,2022-06,837.9,978.98,-141.08
1188,Grocery_Spices_1188,2025-08,3228.62,3369.59,-140.97
1195,Snacks_Chocolates_1195,2024-03,2739.55,2880.41,-140.86
1068,Electronics_Chargers_1068,2021-12,9725.8,9866.49,-140.69
1191,Dairy_Butter_1191,2025-07,1187.9,1328.56,-140.66
1133,Electronics_Mobile Accessories_1133,2022-08,5225.77,5366.32,-140.55
1053,Snacks_Crackers_1053,2023-11,768.39,908.7,-140.31
1135,Household_Trash Bags_1135,2022-11,4858.41,4998.51,-140.1
1042,Grocery_Canned Goods_1042,2021-11,3048.71,3187.9,-139.19
1088,Household_Cleaning Supplies_1088,2022-06,2539.2,2678.06,-138.86
1138,Household_Cleaning Supplies_1138,2021-10,3887.52,4026.36,-138.84
1197,Electronics_Mobile Accessories_1197,2025-02,3379.58,3518.32,-138.74
1193,Beverages_Tea_1193,2023-10,790.59,929.29,-138.7
1130,Snacks_Nuts_1130,2023-02,3107.4,3246.07,-138.67
1194,Dairy_Butter_1194,2021-02,1543.71,1682.24,-138.53
1012,Beverages_Juices_1012,2022-08,2232.59,2370.92,-138.33
1157,Household_Cleaning Supplies_1157,2024-04,1828.34,1966.05,-137.71
1047,Household_Detergent_1047,2022-02,4978.46,5116.15,-137.69
1143,Dairy_Cheese_1143,2025-10,1445.64,1583.32,-137.68
1200,Beverages_Juices_1200,2024-06,866.07,1003.66,-137.59
1014,Dairy_Butter_1014,2023-02,1635.75,1773.31,-137.56
1177,Snacks_Chips_1177,2025-06,260.57,397.6,-137.03
1177,Snacks_Chips_1177,2022-09,224.36,360.94,-136.58
1198,Dairy_Cheese_1198,2021-08,4257.13,4393.54,-136.41
1088,Household_Cleaning Supplies_1088,2024-12,1751.65,1887.98,-136.33
1014,Dairy_Butter_1014,2024-02,1346.93,1482.9,-135.97
1015,Dairy_Cream_1015,2024-10,2360.31,2495.96,-135.65
1055,Dairy_Butter_1055,2024-11,811.49,946.9,-135.41
1027,Snacks_Chips_1027,2024-12,414.22,549.61,-135.39
1123,Beverages_Water_1123,2023-05,1217.68,1353.04,-135.36
1180,Grocery_Spices_1180,2024-06,973.56,1108.8,-135.24
1057,Beverages_Tea_1057,2021-10,2074.38,2209.08,-134.7
1076,Snacks_Chocolates_1076,2021-10,1726.34,1860.86,-134.52
1145,Household_Trash Bags_1145,2022-07,1343.95,1478.34,-134.39
1044,Snacks_Biscuits_1044,2022-11,2175.62,2309.74,-134.12
1169,Beverages_Soft Drinks_1169,2021-10,395.85,529.83,-133.98
1158,Snacks_Crackers_1158,2024-05,799.7,933.64,-133.94
1075,Snacks_Crackers_1075,2021-10,1136.45,1270.15,-133.7
1126,Beverages_Soft Drinks_1126,2023-05,3315.3,3448.88,-133.58
1100,Electronics_Mobile Accessories_1100,2021-08,2248.47,2381.93,-133.46
1182,Beverages_Tea_1182,2022-11,960.85,1093.56,-132.71
1145,Household_Trash Bags_1145,2024-11,967.48,1100.16,-132.68
1053,Snacks_Crackers_1053,2021-02,2341.2,2473.85,-132.65
1145,Household_Trash Bags_1145,2024-08,1780.86,1913.5,-132.64
1112,Household_Paper Products_1112,2024-08,1511.93,1644.32,-132.39
1048,Snacks_Biscuits_1048,2021-12,1197.3,1329.59,-132.29
1141,Beverages_Coffee_1141,2023-03,1011.97,1144.07,-132.1
1018,Personal Care_Deodorant_1018,2023-05,8274.0,8405.82,-131.82
1110,Grocery_Canned Goods_1110,2024-05,2227.61,2359.4,-131.79
1132,Dairy_Butter_1132,2021-07,4563.52,4695.3,-131.78
1094,Grocery_Rice_1094,2025-02,4790.49,4922.24,-131.75
1095,Snacks_Chocolates_1095,2023-09,2029.24,2160.94,-131.7
1083,Dairy_Cheese_1083,2025-06,1659.53,1790.52,-130.99
1071,Grocery_Canned Goods_1071,2024-04,576.67,707.35,-130.68
1177,Snacks_Chips_1177,2021-06,301.04,431.63,-130.59
1073,Electronics_Chargers_1073,2023-11,11305.52,11436.1,-130.58
1024,Grocery_Canned Goods_1024,2021-04,783.85,914.16,-130.31
1177,Snacks_Chips_1177,2023-05,289.68,419.98,-130.3
1057,Beverages_Tea_1057,2023-12,2357.33,2487.56,-130.23
1144,Household_Detergent_1144,2024-10,1446.0,1576.14,-130.14
1112,Household_Paper Products_1112,2024-03,1408.25,1538.01,-129.76
1068,Electronics_Chargers_1068,2023-05,10364.81,10493.8,-128.99
1091,Dairy_Butter_1091,2022-05,1069.06,1197.8,-128.74
1117,Snacks_Crackers_1117,2024-08,1809.96,1938.5,-128.54
1177,Snacks_Chips_1177,2022-06,241.4,369.73,-128.33
1011,Personal Care_Shampoo_1011,2021-12,1844.72,1973.05,-128.33
1144,Household_Detergent_1144,2021-02,2777.66,2905.27,-127.61
1056,Snacks_Nuts_1056,2024-03,665.38,792.93,-127.55
1081,Snacks_Nuts_1081,2021-02,2092.83,2220.25,-127.42
1006,Beverages_Coffee_1006,2024-06,1172.63,1299.86,-127.23
1154,Household_Cleaning Supplies_1154,2023-10,1048.74,1175.86,-127.12
1066,Household_Cleaning Supplies_1066,2021-11,4253.72,4380.64,-126.92
1070,Grocery_Canned Goods_1070,2021-10,4176.81,4303.38,-126.57
1070,Grocery_Canned Goods_1070,2022-02,6963.79,7090.3,-126.51
1189,Electronics_Batteries_1189,2024-11,7360.68,7487.04,-126.36
1200,Beverages_Juices_1200,2025-08,1098.78,1224.37,-125.59
1068,Electronics_Chargers_1068,2023-08,13084.24,13209.74,-125.5
1031,Snacks_Chips_1031,2024-12,1361.59,1487.02,-125.43
1028,Household_Paper Products_1028,2023-10,3300.62,3425.96,-125.34
1002,Dairy_Cream_1002,2021-07,1700.82,1826.09,-125.27
1032,Snacks_Chocolates_1032,2022-06,2167.88,2292.95,-125.07
1006,Beverages_Coffee_1006,2025-06,1377.09,1501.78,-124.69
1052,Snacks_Crackers_1052,2023-12,1273.28,1397.81,-124.53
1134,Household_Paper Products_1134,2022-10,1009.59,1134.06,-124.47
1055,Dairy_Butter_1055,2024-06,1056.76,1180.84,-124.08
1025,Household_Detergent_1025,2025-08,1050.1,1174.12,-124.02
1064,Snacks_Biscuits_1064,2024-11,1502.8,1626.56,-123.76
1141,Beverages_Coffee_1141,2022-08,1186.18,1309.85,-123.67
1192,Dairy_Milk_1192,2024-02,3613.22,3736.42,-123.2
1024,Grocery_Canned Goods_1024,2024-10,615.3,738.36,-123.06
1087,Snacks_Crackers_1087,2025-02,1619.96,1742.7,-122.74
1175,Household_Trash Bags_1175,2022-08,8999.09,9121.78,-122.69
1011,Personal Care_Shampoo_1011,2025-10,1751.82,1874.04,-122.22
1054,Snacks_Chips_1054,2021-05,1379.42,1501.56,-122.14
1134,Household_Paper Products_1134,2023-08,1714.0,1835.8,-121.8
1032,Snacks_Chocolates_1032,2022-07,2046.16,2167.88,-121.72
1023,Personal Care_Toothpaste_1023,2023-10,4318.22,4439.86,-121.64
1200,Beverages_Juices_1200,2022-02,1027.22,1148.52,-121.3
1131,Snacks_Crackers_1131,2025-02,4369.0,4490.16,-121.16
1149,Electronics_Chargers_1149,2023-11,9097.49,9218.62,-121.13
1032,Snacks_Chocolates_1032,2021-08,2513.98,2634.63,-120.65
1097,Snacks_Crackers_1097,2024-03,334.35,454.39,-120.04
1193,Beverages_Tea_1193,2024-06,1475.36,1595.05,-119.69
1044,Snacks_Biscuits_1044,2025-03,3614.29,3733.9,-119.61
1118,Dairy_Milk_1118,2023-08,3411.85,3531.3,-119.45
1113,Dairy_Cheese_1113,2025-07,2672.06,2791.43,-119.37
1117,Snacks_Crackers_1117,2021-08,2074.23,2193.42,-119.19
1026,Snacks_Biscuits_1026,2022-11,473.73,592.8,-119.07
1044,Snacks_Biscuits_1044,2023-07,2674.81,2793.47,-118.66
1127,Grocery_Rice_1127,2021-12,2195.79,2314.09,-118.3
1108,Dairy_Butter_1108,2021-10,3342.2,3460.16,-117.96
1123,Beverages_Water_1123,2023-10,687.4,805.24,-117.84
1139,Dairy_Cream_1139,2023-04,2617.54,2735.23,-117.69
1124,Dairy_Cheese_1124,2022-11,1584.17,1700.64,-116.47
1056,Snacks_Nuts_1056,2021-08,857.82,974.02,-116.2
1160,Snacks_Nuts_1160,2022-06,599.46,715.08,-115.62
1027,Snacks_Chips_1027,2024-05,689.7,805.31,-115.61
1142,Electronics_Mobile Accessories_1142,2024-03,2559.83,2675.43,-115.6
1086,Grocery_Rice_1086,2022-03,1506.0,1621.17,-115.17
1103,Dairy_Milk_1103,2021-02,7442.59,7557.76,-115.17
1191,Dairy_Butter_1191,2024-06,1062.96,1178.1,-115.14
1137,Snacks_Nuts_1137,2022-03,719.04,834.12,-115.08
1009,Electronics_Batteries_1009,2021-05,13118.03,13233.09,-115.06
1123,Beverages_Water_1123,2024-04,1155.52,1270.56,-115.04
1131,Snacks_Crackers_1131,2021-08,3382.89,3497.61,-114.72
1168,Snacks_Chips_1168,2021-10,1032.48,1147.2,-114.72
1083,Dairy_Cheese_1083,2021-02,2525.34,2639.62,-114.28
1169,Beverages_Soft Drinks_1169,2023-01,845.99,960.25,-114.26
1131,Snacks_Crackers_1131,2024-03,3874.53,3988.07,-113.54
1048,Snacks_Biscuits_1048,2021-08,2216.97,2329.86,-112.89
1176,Snacks_Chocolates_1176,2023-08,1083.98,1196.76,-112.78
1186,Dairy_Yogurt_1186,2025-03,689.04,801.79,-112.75
1085,Personal Care_Skincare_1085,2021-04,2711.14,2822.78,-111.64
1081,Snacks_Nuts_1081,2023-08,1365.92,1477.38,-111.46
1055,Dairy_Butter_1055,2025-10,679.54,790.94,-111.4
1026,Snacks_Biscuits_1026,2025-08,697.0,807.98,-110.98
1009,Electronics_Batteries_1009,2025-08,15593.03,15703.81,-110.78
1016,Grocery_Rice_1016,2023-07,2600.88,2711.48,-110.6
1110,Grocery_Canned Goods_1110,2025-10,1288.7,1399.16,-110.46
1025,Household_Detergent_1025,2025-10,729.28,839.52,-110.24
1055,Dairy_Butter_1055,2023-11,903.59,1013.74,-110.15
1091,Dairy_Butter_1091,2025-07,1127.49,1237.32,-109.83
1071,Grocery_Canned Goods_1071,2021-10,472.14,581.94,-109.8
1134,Household_Paper Products_1134,2022-06,1922.37,2032.1,-109.73
1016,Grocery_Rice_1016,2022-05,2788.43,2897.78,-109.35
1100,Electronics_Mobile Accessories_1100,2022-10,1311.12,1420.38,-109.26
1186,Dairy_Yogurt_1186,2022-10,382.2,491.4,-109.2
1042,Grocery_Canned Goods_1042,2022-08,6035.46,6144.57,-109.11
1177,Snacks_Chips_1177,2022-08,360.94,469.87,-108.93
1143,Dairy_Cheese_1143,2023-08,2383.37,2492.16,-108.79
1101,Snacks_Crackers_1101,2024-06,2558.19,2666.44,-108.25
1056,Snacks_Nuts_1056,2023-06,627.41,735.54,-108.13
1026,Snacks_Biscuits_1026,2023-02,1009.11,1117.21,-108.1
1057,Beverages_Tea_1057,2023-06,3071.16,3178.92,-107.76
1102,Snacks_Biscuits_1102,2024-10,1701.66,1809.36,-107.7
1061,Personal Care_Skincare_1061,2025-10,4520.88,4628.52,-107.64
1069,Grocery_Spices_1069,2024-04,4502.68,4609.93,-107.25
1050,Snacks_Chips_1050,2025-10,1552.08,1659.12,-107.04
1005,Household_Paper Products_1005,2024-11,1698.43,1805.4,-106.97
1079,Beverages_Juices_1079,2024-06,574.44,681.2,-106.76
1070,Grocery_Canned Goods_1070,2024-12,4197.57,4303.38,-105.81
1071,Grocery_Canned Goods_1071,2025-02,1001.78,1107.43,-105.65
1104,Grocery_Pasta_1104,2025-10,1647.36,1752.96,-105.6
1139,Dairy_Cream_1139,2024-11,1961.68,2066.61,-104.93
1027,Snacks_Chips_1027,2021-12,463.19,568.06,-104.87
1095,Snacks_Chocolates_1095,2021-02,3881.29,3985.82,-104.53
1155,Electronics_Mobile Accessories_1155,2025-08,4068.49,4172.68,-104.19
1149,Electronics_Chargers_1149,2025-10,7664.92,7768.5,-103.58
1179,Household_Cleaning Supplies_1179,2022-11,2059.46,2163.0,-103.54
1145,Household_Trash Bags_1145,2025-10,893.88,997.02,-103.14
1181,Personal Care_Soap_1181,2025-02,5891.23,5994.33,-103.1
1110,Grocery_Canned Goods_1110,2023-08,3059.99,3163.03,-103.04
1177,Snacks_Chips_1177,2021-02,525.86,628.47,-102.61
1048,Snacks_Biscuits_1048,2025-08,1849.04,1951.4,-102.36
1160,Snacks_Nuts_1160,2022-05,715.08,817.32,-102.24
1097,Snacks_Crackers_1097,2023-05,266.22,368.34,-102.12
1086,Grocery_Rice_1086,2024-02,2782.4,2884.44,-102.04
1079,Beverages_Juices_1079,2024-03,691.98,793.72,-101.74
1176,Snacks_Chocolates_1176,2021-04,676.9,778.62,-101.72
1190,Dairy_Milk_1190,2024-10,1519.5,1620.8,-101.3
1113,Dairy_Cheese_1113,2021-10,2200.23,2301.39,-101.16
1158,Snacks_Crackers_1158,2023-05,719.73,820.86,-101.13
1097,Snacks_Crackers_1097,2021-06,276.66,377.7,-101.04
1006,Beverages_Coffee_1006,2025-02,2155.39,2256.24,-100.85
1137,Snacks_Nuts_1137,2022-10,504.0,604.8,-100.8
1031,Snacks_Chips_1031,2025-08,2499.61,2600.23,-100.62
1132,Dairy_Butter_1132,2024-11,2577.64,2678.06,-100.42
1005,Household_Paper Products_1005,2022-11,1191.83,1292.1,-100.27
1143,Dairy_Cheese_1143,2022-08,2809.26,2909.12,-99.86
1177,Snacks_Chips_1177,2023-09,315.24,415.1,-99.86
1106,Snacks_Chocolates_1106,2025-03,1754.46,1854.23,-99.77
1099,Personal Care_Toothpaste_1099,2023-10,4037.04,4136.72,-99.68
1125,Personal Care_Toothpaste_1125,2025-08,5107.95,5207.61,-99.66
1069,Grocery_Spices_1069,2023-08,4988.19,5087.77,-99.58
1163,Household_Paper Products_1163,2021-02,6322.04,6421.52,-99.48
1158,Snacks_Crackers_1158,2022-11,729.5,828.78,-99.28
1111,Snacks_Nuts_1111,2025-02,2105.23,2204.46,-99.23
1133,Electronics_Mobile Accessories_1133,2022-11,3150.4,3249.6,-99.2
1196,Grocery_Pasta_1196,2025-06,3433.82,3532.92,-99.1
1054,Snacks_Chips_1054,2022-10,788.8,887.4,-98.6
1066,Household_Cleaning Supplies_1066,2023-08,5362.07,5459.59,-97.52
1180,Grocery_Spices_1180,2024-09,957.6,1055.12,-97.52
1125,Personal Care_Toothpaste_1125,2023-02,5160.68,5258.15,-97.47
1071,Grocery_Canned Goods_1071,2024-02,879.14,976.09,-96.95
1185,Personal Care_Toothpaste_1185,2025-08,11807.31,11904.02,-96.71
1088,Household_Cleaning Supplies_1088,2023-11,1723.43,1819.76,-96.33
1041,Snacks_Nuts_1041,2023-10,1087.04,1183.36,-96.32
1093,Snacks_Chips_1093,2023-05,798.0,894.23,-96.23
1178,Beverages_Soft Drinks_1178,2023-10,1915.2,2010.96,-95.76
1178,Beverages_Soft Drinks_1178,2025-10,1915.2,2010.96,-95.76
1141,Beverages_Coffee_1141,2025-02,1397.56,1492.86,-95.3
1178,Beverages_Soft Drinks_1178,2023-09,2010.96,2105.66,-94.7
1105,Beverages_Water_1105,2024-06,2052.48,2147.04,-94.56
1124,Dairy_Cheese_1124,2024-10,1960.46,2054.94,-94.48
1194,Dairy_Butter_1194,2022-05,1331.31,1425.65,-94.34
1087,Snacks_Crackers_1087,2021-10,772.44,866.64,-94.2
1087,Snacks_Crackers_1087,2023-10,791.28,885.48,-94.2
1105,Beverages_Water_1105,2025-08,2163.82,2257.85,-94.03
1158,Snacks_Crackers_1158,2025-03,953.27,1047.1,-93.83
1042,Grocery_Canned Goods_1042,2022-11,3453.44,3547.1,-93.66
1025,Household_Detergent_1025,2021-11,746.24,839.52,-93.28
1118,Dairy_Milk_1118,2023-11,2229.42,2322.6,-93.18
1195,Snacks_Chocolates_1195,2023-08,2837.04,2929.99,-92.95
1027,Snacks_Chips_1027,2021-09,641.3,734.22,-92.92
1091,Dairy_Butter_1091,2022-11,781.18,874.0,-92.82
1095,Snacks_Chocolates_1095,2023-07,2665.56,2758.11,-92.55
1194,Dairy_Butter_1194,2025-03,1805.33,1897.47,-92.14
1145,Household_Trash Bags_1145,2022-05,1301.49,1393.47,-91.98
1188,Grocery_Spices_1188,2022-06,2262.18,2353.8,-91.62
1029,Grocery_Canned Goods_1029,2021-08,3548.88,3640.44,-91.56
1152,Personal Care_Toothpaste_1152,2022-05,7366.31,7457.7,-91.39
1197,Electronics_Mobile Accessories_1197,2022-11,1455.69,1547.04,-91.35
1020,Beverages_Juices_1020,2022-02,1718.72,1809.61,-90.89
1081,Snacks_Nuts_1081,2025-10,714.26,804.8,-90.54
1081,Snacks_Nuts_1081,2022-06,1036.18,1126.66,-90.48
1158,Snacks_Crackers_1158,2024-04,933.64,1024.07,-90.43
1180,Grocery_Spices_1180,2024-12,906.28,996.64,-90.36
1050,Snacks_Chips_1050,2022-05,2512.1,2602.41,-90.31
1109,Electronics_Batteries_1109,2023-11,2930.66,3020.37,-89.71
1086,Grocery_Rice_1086,2022-07,1597.31,1686.72,-89.41
1186,Dairy_Yogurt_1186,2023-08,786.2,875.57,-89.37
1091,Dairy_Butter_1091,2023-02,1597.41,1686.33,-88.92
1115,Household_Paper Products_1115,2022-10,3449.16,3537.6,-88.44
1079,Beverages_Juices_1079,2021-10,488.8,577.2,-88.4
1129,Electronics_Chargers_1129,2022-11,11221.9,11310.16,-88.26
1027,Snacks_Chips_1027,2025-06,783.13,871.2,-88.07
1177,Snacks_Chips_1177,2023-07,314.98,402.68,-87.7
1194,Dairy_Butter_1194,2023-06,1241.49,1328.94,-87.45
1186,Dairy_Yogurt_1186,2025-10,469.56,556.92,-87.36
1097,Snacks_Crackers_1097,2024-04,247.41,334.35,-86.94
1021,Grocery_Canned Goods_1021,2024-08,4473.29,4560.12,-86.83
1042,Grocery_Canned Goods_1042,2024-11,4223.7,4310.4,-86.7
1085,Personal Care_Skincare_1085,2025-06,3588.37,3674.94,-86.57
1016,Grocery_Rice_1016,2024-03,3093.29,3179.73,-86.44
1050,Snacks_Chips_1050,2025-02,3319.44,3405.63,-86.19
1128,Grocery_Spices_1128,2022-05,2558.31,2644.32,-86.01
1050,Snacks_Chips_1050,2025-06,2233.35,2319.2,-85.85
1032,Snacks_Chocolates_1032,2025-03,2072.8,2158.64,-85.84
1031,Snacks_Chips_1031,2024-11,1487.02,1572.81,-85.79
1027,Snacks_Chips_1027,2024-11,549.61,635.25,-85.64
1037,Electronics_Cables_1037,2023-07,19435.74,19521.31,-85.57
1075,Snacks_Crackers_1075,2022-02,2085.17,2170.41,-85.24
1177,Snacks_Chips_1177,2023-10,230.04,315.24,-85.2
1123,Beverages_Water_1123,2024-05,1070.38,1155.52,-85.14
1027,Snacks_Chips_1027,2021-08,734.22,819.24,-85.02
1025,Household_Detergent_1025,2023-02,1590.97,1675.85,-84.88
1085,Personal Care_Skincare_1085,2022-02,5067.82,5152.62,-84.8
1025,Household_Detergent_1025,2023-06,1043.34,1127.84,-84.5
1058,Personal Care_Soap_1058,2023-07,5706.15,5790.62,-84.47
1180,Grocery_Spices_1180,2024-04,1094.52,1178.46,-83.94
1026,Snacks_Biscuits_1026,2024-02,982.99,1066.76,-83.77
1009,Electronics_Batteries_1009,2025-05,8185.5,8269.15,-83.65
1097,Snacks_Crackers_1097,2025-02,493.3,576.69,-83.39
1014,Dairy_Butter_1014,2023-11,684.19,767.34,-83.15
1112,Household_Paper Products_1112,2021-10,768.12,851.16,-83.04
1134,Household_Paper Products_1134,2024-10,1037.25,1120.23,-82.98
1091,Dairy_Butter_1091,2021-04,896.0,978.88,-82.88
1162,Dairy_Yogurt_1162,2022-05,2998.05,3080.55,-82.5
1177,Snacks_Chips_1177,2022-05,369.73,451.74,-82.01
1153,Electronics_Batteries_1153,2025-07,21052.86,21134.68,-81.82
1097,Snacks_Crackers_1097,2021-02,547.19,628.21,-81.02
1071,Grocery_Canned Goods_1071,2021-04,523.02,603.9,-80.88
1057,Beverages_Tea_1057,2024-11,2397.66,2478.48,-80.82
1006,Beverages_Coffee_1006,2024-05,1299.86,1380.54,-80.68
1137,Snacks_Nuts_1137,2021-10,490.56,571.2,-80.64
1180,Grocery_Spices_1180,2025-08,1114.76,1194.82,-80.06
1085,Personal Care_Skincare_1085,2024-11,1864.1,1943.99,-79.89
1097,Snacks_Crackers_1097,2024-07,282.2,361.17,-78.97
1190,Dairy_Milk_1190,2022-01,2677.34,2756.19,-78.85
1105,Beverages_Water_1105,2025-06,2238.63,2317.44,-78.81
1112,Household_Paper Products_1112,2023-11,814.03,892.68,-78.65
1169,Beverages_Soft Drinks_1169,2022-02,1234.22,1312.34,-78.12
1043,Electronics_Batteries_1043,2025-02,3742.2,3820.24,-78.04
1152,Personal Care_Toothpaste_1152,2022-12,6321.84,6399.84,-78.0
1113,Dairy_Cheese_1113,2024-07,3432.02,3509.19,-77.17
1071,Grocery_Canned Goods_1071,2023-06,631.55,708.21,-76.66
1075,Snacks_Crackers_1075,2021-12,1439.72,1516.3,-76.58
1186,Dairy_Yogurt_1186,2021-08,754.69,831.17,-76.48
1071,Grocery_Canned Goods_1071,2024-11,384.7,461.16,-76.46
1169,Beverages_Soft Drinks_1169,2023-11,460.01,535.92,-75.91
1113,Dairy_Cheese_1113,2023-10,2301.39,2377.26,-75.87
1194,Dairy_Butter_1194,2023-05,1328.94,1404.28,-75.34
1086,Grocery_Rice_1086,2023-10,1084.32,1159.62,-75.3
1086,Grocery_Rice_1086,2024-10,1249.98,1325.28,-75.3
1178,Beverages_Soft Drinks_1178,2024-08,2957.4,3032.55,-75.15
1102,Snacks_Biscuits_1102,2024-12,2235.43,2310.54,-75.11
1145,Household_Trash Bags_1145,2023-11,1002.19,1077.24,-75.05
1170,Dairy_Yogurt_1170,2022-05,2593.32,2668.14,-74.82
1086,Grocery_Rice_1086,2025-06,1823.24,1897.56,-74.32
1031,Snacks_Chips_1031,2023-11,1209.17,1282.68,-73.51
1003,Household_Cleaning Supplies_1003,2024-06,1342.56,1416.0,-73.44
1091,Dairy_Butter_1091,2023-11,826.84,900.22,-73.38
1112,Household_Paper Products_1112,2021-12,1045.02,1118.21,-73.19
1094,Grocery_Rice_1094,2024-03,3433.81,3506.91,-73.1
1158,Snacks_Crackers_1158,2021-08,1113.06,1185.9,-72.84
1166,Grocery_Spices_1166,2023-07,6161.38,6234.08,-72.7
1133,Electronics_Mobile Accessories_1133,2023-04,3897.24,3969.93,-72.69
1140,Personal Care_Shampoo_1140,2023-05,3979.35,4051.69,-72.34
1141,Beverages_Coffee_1141,2022-12,742.79,814.97,-72.18
1200,Beverages_Juices_1200,2021-12,735.51,807.69,-72.18
1185,Personal Care_Toothpaste_1185,2025-07,11904.02,11976.05,-72.03
1186,Dairy_Yogurt_1186,2022-05,648.86,720.77,-71.91
1093,Snacks_Chips_1093,2023-10,734.16,805.98,-71.82
1130,Snacks_Nuts_1130,2023-06,1799.99,1871.46,-71.47
1176,Snacks_Chocolates_1176,2022-06,867.41,938.2,-70.79
1197,Electronics_Mobile Accessories_1197,2022-10,1547.04,1617.36,-70.32
1141,Beverages_Coffee_1141,2025-03,1327.45,1397.56,-70.11
1082,Household_Detergent_1082,2023-08,5848.82,5918.49,-69.67
1026,Snacks_Biscuits_1026,2021-04,528.9,598.5,-69.6
1094,Grocery_Rice_1094,2021-12,2229.68,2299.24,-69.56
1132,Dairy_Butter_1132,2022-10,2851.96,2921.52,-69.56
1193,Beverages_Tea_1193,2024-10,1067.99,1137.34,-69.35
1141,Beverages_Coffee_1141,2025-06,1198.36,1267.5,-69.14
1168,Snacks_Chips_1168,2024-05,2370.88,2439.59,-68.71
1018,Personal Care_Deodorant_1018,2025-03,9163.54,9232.24,-68.7
1080,Snacks_Chips_1080,2024-11,1933.84,2002.5,-68.66
1086,Grocery_Rice_1086,2023-05,1716.84,1785.13,-68.29
1142,Electronics_Mobile Accessories_1142,2023-06,1527.09,1595.28,-68.19
1169,Beverages_Soft Drinks_1169,2024-06,772.42,840.42,-68.0
1101,Snacks_Crackers_1101,2021-12,2708.34,2776.31,-67.97
1047,Household_Detergent_1047,2025-06,5168.21,5235.95,-67.74
1133,Electronics_Mobile Accessories_1133,2021-10,2301.8,2369.5,-67.7
1132,Dairy_Butter_1132,2025-06,4732.16,4799.64,-67.48
1073,Electronics_Chargers_1073,2025-08,19250.93,19318.39,-67.46
1007,Personal Care_Shampoo_1007,2022-10,5246.28,5313.54,-67.26
1196,Grocery_Pasta_1196,2025-03,5178.34,5245.51,-67.17
1080,Snacks_Chips_1080,2025-10,1691.0,1757.75,-66.75
1177,Snacks_Chips_1177,2025-02,431.86,498.58,-66.72
1024,Grocery_Canned Goods_1024,2021-07,1084.95,1151.49,-66.54
1020,Beverages_Juices_1020,2021-07,1178.66,1245.0,-66.34
1141,Beverages_Coffee_1141,2021-08,1313.33,1379.02,-65.69
1044,Snacks_Biscuits_1044,2024-10,1677.83,1743.2,-65.37
1057,Beverages_Tea_1057,2021-12,2682.14,2747.34,-65.2
1087,Snacks_Crackers_1087,2023-08,1275.41,1340.27,-64.86
1193,Beverages_Tea_1193,2021-11,1155.8,1220.56,-64.76
1081,Snacks_Nuts_1081,2021-12,985.08,1049.13,-64.05
1006,Beverages_Coffee_1006,2022-06,1514.4,1578.26,-63.86
1093,Snacks_Chips_1093,2024-10,630.42,694.26,-63.84
1191,Dairy_Butter_1191,2021-12,851.4,915.06,-63.66
1002,Dairy_Cream_1002,2023-12,1464.57,1527.69,-63.12
1071,Grocery_Canned Goods_1071,2022-06,576.45,639.3,-62.85
1195,Snacks_Chocolates_1195,2025-06,2907.88,2970.64,-62.76
1097,Snacks_Crackers_1097,2023-10,224.46,287.1,-62.64
1157,Household_Cleaning Supplies_1157,2022-05,2142.32,2204.37,-62.05
1160,Snacks_Nuts_1160,2025-10,395.52,457.32,-61.8
1162,Dairy_Yogurt_1162,2025-03,4390.58,4452.16,-61.58
1176,Snacks_Chocolates_1176,2023-10,525.91,587.38,-61.47
1060,Household_Detergent_1060,2025-03,5131.81,5193.24,-61.43
1056,Snacks_Nuts_1056,2021-02,1024.13,1085.23,-61.1
1039,Beverages_Soft Drinks_1039,2023-07,3171.52,3232.55,-61.03
1155,Electronics_Mobile Accessories_1155,2024-07,2955.5,3016.09,-60.59
1155,Electronics_Mobile Accessories_1155,2021-08,3435.03,3495.4,-60.37
1097,Snacks_Crackers_1097,2023-08,314.71,374.98,-60.27
1028,Household_Paper Products_1028,2021-04,3282.59,3342.4,-59.81
1191,Dairy_Butter_1191,2025-10,920.7,980.1,-59.4
1039,Beverages_Soft Drinks_1039,2023-05,2876.01,2935.4,-59.39
1093,Snacks_Chips_1093,2023-08,1318.53,1377.91,-59.38
1071,Grocery_Canned Goods_1071,2022-11,528.06,587.43,-59.37
1043,Electronics_Batteries_1043,2024-08,3835.42,3893.4,-57.98
1179,Household_Cleaning Supplies_1179,2022-10,2163.0,2220.68,-57.68
1179,Household_Cleaning Supplies_1179,2023-09,3085.88,3143.44,-57.56
1137,Snacks_Nuts_1137,2022-06,719.04,776.58,-57.54
1097,Snacks_Crackers_1097,2022-06,297.54,354.84,-57.3
1117,Snacks_Crackers_1117,2024-04,1084.28,1141.12,-56.84
1169,Beverages_Soft Drinks_1169,2025-08,861.22,917.78,-56.56
1055,Dairy_Butter_1055,2021-08,1533.84,1590.02,-56.18
1158,Snacks_Crackers_1158,2023-08,1133.79,1189.49,-55.7
1005,Household_Paper Products_1005,2023-05,2584.2,2639.71,-55.51
1097,Snacks_Crackers_1097,2024-02,454.39,509.77,-55.38
1141,Beverages_Coffee_1141,2022-11,814.97,870.35,-55.38
1071,Grocery_Canned Goods_1071,2023-05,708.21,763.5,-55.29
1184,Snacks_Chocolates_1184,2022-11,1849.62,1904.85,-55.23
1056,Snacks_Nuts_1056,2022-11,530.82,586.04,-55.22
1093,Snacks_Chips_1093,2022-08,1189.27,1244.35,-55.08
1198,Dairy_Cheese_1198,2023-06,3417.04,3471.94,-54.9
1020,Beverages_Juices_1020,2023-11,502.87,557.76,-54.89
1097,Snacks_Crackers_1097,2022-10,156.6,211.41,-54.81
1167,Grocery_Rice_1167,2024-08,6633.56,6688.33,-54.77
1176,Snacks_Chocolates_1176,2021-10,457.61,512.25,-54.64
1189,Electronics_Batteries_1189,2024-06,9148.97,9202.82,-53.85
1091,Dairy_Butter_1091,2021-12,793.23,846.75,-53.52
1128,Grocery_Spices_1128,2021-10,2126.4,2179.56,-53.16
1160,Snacks_Nuts_1160,2021-04,521.64,574.74,-53.1
1026,Snacks_Biscuits_1026,2024-11,385.82,438.9,-53.08
1110,Grocery_Canned Goods_1110,2021-04,1530.43,1583.26,-52.83
1137,Snacks_Nuts_1137,2021-12,628.21,680.89,-52.68
1145,Household_Trash Bags_1145,2024-06,1322.59,1375.2,-52.61
1134,Household_Paper Products_1134,2022-11,957.39,1009.59,-52.2
1085,Personal Care_Skincare_1085,2022-05,3683.21,3734.67,-51.46
1162,Dairy_Yogurt_1162,2021-05,3401.05,3451.8,-50.75
1083,Dairy_Cheese_1083,2023-05,1998.72,2049.43,-50.71
1113,Dairy_Cheese_1113,2025-10,2023.2,2073.78,-50.58
1150,Electronics_Batteries_1150,2021-04,15394.1,15444.24,-50.14
1150,Electronics_Batteries_1150,2022-06,16908.78,16958.69,-49.91
1066,Household_Cleaning Supplies_1066,2023-10,4281.08,4330.86,-49.78
1054,Snacks_Chips_1054,2024-02,2086.17,2135.51,-49.34
1186,Dairy_Yogurt_1186,2024-10,518.7,567.84,-49.14
1054,Snacks_Chips_1054,2022-05,1267.75,1316.7,-48.95
1155,Electronics_Mobile Accessories_1155,2021-11,1941.64,1990.56,-48.92
1054,Snacks_Chips_1054,2023-02,1641.91,1690.65,-48.74
1143,Dairy_Cheese_1143,2022-02,2959.33,3007.74,-48.41
1186,Dairy_Yogurt_1186,2022-06,600.6,648.86,-48.26
1024,Grocery_Canned Goods_1024,2024-07,1137.53,1185.75,-48.22
1080,Snacks_Chips_1080,2023-11,1687.55,1735.5,-47.95
1178,Beverages_Soft Drinks_1178,2021-10,1292.76,1340.64,-47.88
1160,Snacks_Nuts_1160,2025-07,685.48,733.14,-47.66
1021,Grocery_Canned Goods_1021,2024-06,4161.6,4209.18,-47.58
1124,Dairy_Cheese_1124,2024-04,3221.8,3269.36,-47.56
1053,Snacks_Crackers_1053,2023-07,1505.65,1553.18,-47.53
1081,Snacks_Nuts_1081,2025-08,1584.32,1631.76,-47.44
1188,Grocery_Spices_1188,2023-11,1379.28,1426.6,-47.32
1041,Snacks_Nuts_1041,2021-02,2493.92,2541.2,-47.28
1137,Snacks_Nuts_1137,2025-10,443.52,490.56,-47.04
1122,Dairy_Yogurt_1122,2024-05,3760.4,3807.41,-47.01
1097,Snacks_Crackers_1097,2021-10,167.04,214.02,-46.98
1186,Dairy_Yogurt_1186,2023-05,677.04,723.79,-46.75
1176,Snacks_Chocolates_1176,2023-11,479.64,525.91,-46.27
1137,Snacks_Nuts_1137,2025-07,775.43,821.52,-46.09
1064,Snacks_Biscuits_1064,2023-05,2652.0,2697.74,-45.74
1006,Beverages_Coffee_1006,2021-11,1077.85,1123.18,-45.33
1067,Grocery_Cereals_1067,2021-06,8030.34,8075.54,-45.2
1006,Beverages_Coffee_1006,2023-12,1290.11,1335.21,-45.1
1041,Snacks_Nuts_1041,2023-08,1786.77,1831.34,-44.57
1115,Household_Paper Products_1115,2024-10,3404.94,3449.16,-44.22
1120,Grocery_Cereals_1120,2024-05,4504.68,4548.51,-43.83
1123,Beverages_Water_1123,2024-02,1877.45,1921.11,-43.66
1195,Snacks_Chocolates_1195,2023-12,2258.24,2301.8,-43.56
1122,Dairy_Yogurt_1122,2023-12,2277.02,2320.15,-43.13
1117,Snacks_Crackers_1117,2021-02,1700.77,1743.36,-42.59
1193,Beverages_Tea_1193,2024-11,1025.81,1067.99,-42.18
1158,Snacks_Crackers_1158,2023-06,677.91,719.73,-41.82
1193,Beverages_Tea_1193,2021-10,1220.56,1262.17,-41.61
1186,Dairy_Yogurt_1186,2021-11,449.83,491.4,-41.57
1160,Snacks_Nuts_1160,2024-08,950.64,991.87,-41.23
1169,Beverages_Soft Drinks_1169,2021-11,354.82,395.85,-41.03
1200,Beverages_Juices_1200,2025-05,636.65,676.54,-39.89
1071,Grocery_Canned Goods_1071,2023-07,591.67,631.55,-39.88
1091,Dairy_Butter_1091,2024-08,1290.86,1330.5,-39.64
1025,Household_Detergent_1025,2022-11,732.12,771.68,-39.56
1160,Snacks_Nuts_1160,2025-03,934.13,973.61,-39.48
1123,Beverages_Water_1123,2024-10,657.94,697.22,-39.28
1071,Grocery_Canned Goods_1071,2025-03,962.95,1001.78,-38.83
1091,Dairy_Butter_1091,2025-06,1237.32,1276.04,-38.72
1160,Snacks_Nuts_1160,2023-06,548.51,587.1,-38.59
1002,Dairy_Cream_1002,2023-02,2367.37,2405.41,-38.04
1172,Electronics_Chargers_1172,2025-08,19875.9,19913.37,-37.47
1077,Household_Cleaning Supplies_1077,2021-02,10185.81,10223.17,-37.36
1160,Snacks_Nuts_1160,2022-02,1099.5,1136.46,-36.96
1110,Grocery_Canned Goods_1110,2024-10,1528.03,1564.85,-36.82
1086,Grocery_Rice_1086,2021-12,1616.26,1652.95,-36.69
1097,Snacks_Crackers_1097,2024-10,167.04,203.58,-36.54
1109,Electronics_Batteries_1109,2021-10,2874.81,2911.2,-36.39
1177,Snacks_Chips_1177,2024-04,312.92,349.13,-36.21
1165,Personal Care_Skincare_1165,2022-05,2277.21,2313.29,-36.08
1056,Snacks_Nuts_1056,2023-10,460.46,496.34,-35.88
1013,Grocery_Cereals_1013,2023-10,2494.1,2529.73,-35.63
1030,Dairy_Cream_1030,2023-05,2159.92,2194.36,-34.44
1137,Snacks_Nuts_1137,2023-06,745.17,779.52,-34.35
1056,Snacks_Nuts_1056,2023-05,735.54,769.84,-34.3
1052,Snacks_Crackers_1052,2024-08,2625.05,2659.24,-34.19
1063,Snacks_Chocolates_1063,2022-05,2216.02,2250.12,-34.1
1052,Snacks_Crackers_1052,2024-11,1500.48,1534.56,-34.08
1140,Personal Care_Shampoo_1140,2021-08,5288.44,5321.8,-33.36
1032,Snacks_Chocolates_1032,2023-11,1315.9,1349.24,-33.34
1050,Snacks_Chips_1050,2023-06,2464.74,2497.6,-32.86
1136,Personal Care_Shampoo_1136,2025-07,8121.58,8154.29,-32.71
1041,Snacks_Nuts_1041,2021-07,1990.1,2022.72,-32.62
1097,Snacks_Crackers_1097,2025-06,296.43,328.86,-32.43
1144,Household_Detergent_1144,2025-07,1643.21,1675.5,-32.29
1039,Beverages_Soft Drinks_1039,2022-05,3335.89,3368.09,-32.2
1020,Beverages_Juices_1020,2023-05,1454.16,1486.26,-32.1
1013,Grocery_Cereals_1013,2023-06,4636.15,4667.53,-31.38
1200,Beverages_Juices_1200,2023-06,687.87,719.04,-31.17
1013,Grocery_Cereals_1013,2022-02,6459.93,6491.02,-31.09
1012,Beverages_Juices_1012,2023-11,1111.14,1142.1,-30.96
1011,Personal Care_Shampoo_1011,2022-05,2234.34,2265.09,-30.75
1165,Personal Care_Skincare_1165,2024-11,1474.36,1505.1,-30.74
1169,Beverages_Soft Drinks_1169,2023-10,535.92,566.37,-30.45
1061,Personal Care_Skincare_1061,2022-02,8186.88,8217.15,-30.27
1030,Dairy_Cream_1030,2025-07,3076.18,3106.26,-30.08
1025,Household_Detergent_1025,2021-08,1078.81,1108.72,-29.91
1014,Dairy_Butter_1014,2021-11,675.32,704.7,-29.38
1194,Dairy_Butter_1194,2023-11,741.1,770.4,-29.3
1125,Personal Care_Toothpaste_1125,2022-11,2020.45,2049.72,-29.27
1157,Household_Cleaning Supplies_1157,2021-10,1316.7,1345.96,-29.26
1157,Household_Cleaning Supplies_1157,2025-10,1316.7,1345.96,-29.26
1062,Personal Care_Deodorant_1062,2025-10,2421.94,2451.12,-29.18
1063,Snacks_Chocolates_1063,2022-08,2641.78,2670.94,-29.16
1024,Grocery_Canned Goods_1024,2024-04,1305.7,1334.74,-29.04
1087,Snacks_Crackers_1087,2022-08,1297.39,1326.2,-28.81
1182,Beverages_Tea_1182,2024-02,2188.64,2217.39,-28.75
1198,Dairy_Cheese_1198,2023-02,4721.95,4750.65,-28.7
1086,Grocery_Rice_1086,2022-05,2207.36,2235.95,-28.59
1026,Snacks_Biscuits_1026,2024-10,438.9,467.4,-28.5
1177,Snacks_Chips_1177,2025-10,213.0,241.4,-28.4
1152,Personal Care_Toothpaste_1152,2023-05,8306.76,8334.78,-28.02
1176,Snacks_Chocolates_1176,2024-05,833.26,861.08,-27.82
1032,Snacks_Chocolates_1032,2024-05,1637.28,1665.05,-27.77
1143,Dairy_Cheese_1143,2021-11,1228.65,1256.33,-27.68
1134,Household_Paper Products_1134,2023-10,1175.55,1203.21,-27.66
1097,Snacks_Crackers_1097,2023-09,287.1,314.71,-27.61
1041,Snacks_Nuts_1041,2025-10,1348.48,1376.0,-27.52
1145,Household_Trash Bags_1145,2025-02,1718.6,1745.48,-26.88
1177,Snacks_Chips_1177,2024-11,251.46,278.32,-26.86
1079,Beverages_Juices_1079,2021-11,462.28,488.8,-26.52
1110,Grocery_Canned Goods_1110,2025-06,2256.41,2282.84,-26.43
1024,Grocery_Canned Goods_1024,2025-10,755.94,782.31,-26.37
1063,Snacks_Chocolates_1063,2022-06,2189.7,2216.02,-26.32
1111,Snacks_Nuts_1111,2023-11,1166.98,1193.2,-26.22
1087,Snacks_Crackers_1087,2022-05,1341.15,1367.33,-26.18
1053,Snacks_Crackers_1053,2024-11,1057.83,1083.45,-25.62
1194,Dairy_Butter_1194,2021-12,845.1,870.25,-25.15
1177,Snacks_Chips_1177,2024-07,361.26,386.24,-24.98
1100,Electronics_Mobile Accessories_1100,2025-08,3077.07,3101.99,-24.92
1128,Grocery_Spices_1128,2022-08,4155.31,4179.74,-24.43
1181,Personal Care_Soap_1181,2021-11,3913.92,3938.22,-24.3
1027,Snacks_Chips_1027,2022-06,659.45,683.68,-24.23
1095,Snacks_Chocolates_1095,2024-12,2000.93,2025.12,-24.19
1079,Beverages_Juices_1079,2023-07,601.95,626.08,-24.13
1193,Beverages_Tea_1193,2022-11,1085.58,1109.6,-24.02
1003,Household_Cleaning Supplies_1003,2021-10,828.0,852.0,-24.0
1182,Beverages_Tea_1182,2021-06,1990.84,2014.44,-23.6
1160,Snacks_Nuts_1160,2024-05,679.8,703.3,-23.5
1112,Household_Paper Products_1112,2025-06,1170.3,1193.7,-23.4
1053,Snacks_Crackers_1053,2023-10,908.7,932.0,-23.3
1024,Grocery_Canned Goods_1024,2022-11,697.73,720.78,-23.05
1005,Household_Paper Products_1005,2022-05,2597.43,2620.37,-22.94
1158,Snacks_Crackers_1158,2021-11,631.48,654.3,-22.82
1184,Snacks_Chocolates_1184,2024-06,2644.38,2666.79,-22.41
1013,Grocery_Cereals_1013,2024-03,5034.95,5057.04,-22.09
1052,Snacks_Crackers_1052,2022-05,1784.76,1806.65,-21.89
1162,Dairy_Yogurt_1162,2021-06,3379.2,3401.05,-21.85
1087,Snacks_Crackers_1087,2021-08,1166.47,1188.14,-21.67
1154,Household_Cleaning Supplies_1154,2025-02,2988.12,3009.62,-21.5
1177,Snacks_Chips_1177,2023-02,493.37,514.83,-21.46
1054,Snacks_Chips_1054,2021-02,1963.47,1984.84,-21.37
1195,Snacks_Chocolates_1195,2024-06,2321.7,2343.04,-21.34
1102,Snacks_Biscuits_1102,2024-04,2550.72,2571.97,-21.25
1088,Household_Cleaning Supplies_1088,2022-10,1989.04,2010.2,-21.16
1104,Grocery_Pasta_1104,2023-10,1837.44,1858.56,-21.12
1104,Grocery_Pasta_1104,2024-10,1795.2,1816.32,-21.12
1169,Beverages_Soft Drinks_1169,2022-11,630.53,651.63,-21.1
1134,Household_Paper Products_1134,2024-04,1836.77,1857.74,-20.97
1147,Snacks_Crackers_1147,2024-10,1742.16,1762.9,-20.74
1080,Snacks_Chips_1080,2022-11,1870.54,1891.25,-20.71
1127,Grocery_Rice_1127,2021-10,1470.96,1491.39,-20.43
1092,Household_Detergent_1092,2024-02,4915.2,4935.57,-20.37
1165,Personal Care_Skincare_1165,2021-02,3164.04,3184.24,-20.2
1181,Personal Care_Soap_1181,2023-08,5495.16,5515.22,-20.06
1015,Dairy_Cream_1015,2025-07,3864.73,3884.7,-19.97
1117,Snacks_Crackers_1117,2022-10,715.68,735.56,-19.88
1054,Snacks_Chips_1054,2023-10,788.8,808.52,-19.72
1097,Snacks_Crackers_1097,2025-08,387.36,407.03,-19.67
1191,Dairy_Butter_1191,2021-04,1089.3,1108.8,-19.5
1197,Electronics_Mobile Accessories_1197,2021-11,1158.55,1177.86,-19.31
1024,Grocery_Canned Goods_1024,2023-08,1251.19,1270.18,-18.99
1003,Household_Cleaning Supplies_1003,2022-02,1863.75,1882.5,-18.75
1200,Beverages_Juices_1200,2024-04,823.12,841.23,-18.11
1144,Household_Detergent_1144,2023-05,1720.74,1738.57,-17.83
1160,Snacks_Nuts_1160,2022-08,956.84,974.57,-17.73
1056,Snacks_Nuts_1056,2024-11,496.78,514.28,-17.5
1091,Dairy_Butter_1091,2022-10,874.0,891.48,-17.48
1031,Snacks_Chips_1031,2022-02,2482.09,2499.26,-17.17
1123,Beverages_Water_1123,2023-06,1200.8,1217.68,-16.88
1176,Snacks_Chocolates_1176,2022-11,611.53,628.36,-16.83
1180,Grocery_Spices_1180,2025-06,1176.0,1192.8,-16.8
1052,Snacks_Crackers_1052,2022-10,1234.32,1251.0,-16.68
1024,Grocery_Canned Goods_1024,2023-07,1270.18,1286.84,-16.66
1032,Snacks_Chocolates_1032,2025-07,2043.28,2059.87,-16.59
1071,Grocery_Canned Goods_1071,2025-10,516.06,532.53,-16.47
1010,Grocery_Rice_1010,2025-08,2456.64,2472.46,-15.82
1016,Grocery_Rice_1016,2022-07,2861.46,2877.12,-15.66
1169,Beverages_Soft Drinks_1169,2021-08,947.93,963.59,-15.66
1188,Grocery_Spices_1188,2024-08,3397.55,3413.21,-15.66
1108,Dairy_Butter_1108,2022-11,3562.61,3578.12,-15.51
1177,Snacks_Chips_1177,2023-11,214.54,230.04,-15.5
1012,Beverages_Juices_1012,2022-06,1607.4,1622.48,-15.08
1190,Dairy_Milk_1190,2023-01,3170.09,3184.8,-14.71
1069,Grocery_Spices_1069,2021-04,4772.8,4787.5,-14.7
1052,Snacks_Crackers_1052,2021-08,2129.21,2143.46,-14.25
1014,Dairy_Butter_1014,2024-12,761.05,775.17,-14.12
1026,Snacks_Biscuits_1026,2024-04,616.19,630.28,-14.09
1117,Snacks_Crackers_1117,2023-06,1168.92,1182.86,-13.94
1048,Snacks_Biscuits_1048,2022-10,1137.34,1151.21,-13.87
1177,Snacks_Chips_1177,2021-08,450.9,464.37,-13.47
1088,Household_Cleaning Supplies_1088,2021-11,2081.49,2094.84,-13.35
1097,Snacks_Crackers_1097,2021-08,411.21,424.25,-13.04
1079,Beverages_Juices_1079,2021-02,1056.41,1069.39,-12.98
1100,Electronics_Mobile Accessories_1100,2021-11,1480.34,1493.22,-12.88
1012,Beverages_Juices_1012,2022-12,1248.27,1260.86,-12.59
1139,Dairy_Cream_1139,2024-05,3383.79,3396.03,-12.24
1157,Household_Cleaning Supplies_1157,2025-03,2473.98,2486.22,-12.24
1160,Snacks_Nuts_1160,2022-11,624.64,636.54,-11.9
1014,Dairy_Butter_1014,2021-06,1017.9,1029.76,-11.86
1050,Snacks_Chips_1050,2023-02,2972.55,2984.4,-11.85
1177,Snacks_Chips_1177,2024-06,386.24,397.6,-11.36
1010,Grocery_Rice_1010,2021-08,2843.5,2854.21,-10.71
1112,Household_Paper Products_1112,2025-10,934.2,944.58,-10.38
1149,Electronics_Chargers_1149,2024-06,14180.13,14190.46,-10.33
1137,Snacks_Nuts_1137,2023-08,748.66,758.85,-10.19
1079,Beverages_Juices_1079,2021-04,541.13,551.2,-10.07
1123,Beverages_Water_1123,2025-10,844.52,854.34,-9.82
1066,Household_Cleaning Supplies_1066,2024-11,4918.41,4928.22,-9.81
1160,Snacks_Nuts_1160,2021-06,729.24,738.96,-9.72
1123,Beverages_Water_1123,2022-07,1100.32,1109.66,-9.34
1200,Beverages_Juices_1200,2021-08,1203.95,1213.24,-9.29
1087,Snacks_Crackers_1087,2023-05,1177.5,1186.69,-9.19
1165,Personal Care_Skincare_1165,2022-08,2804.5,2813.51,-9.01
1071,Grocery_Canned Goods_1071,2021-11,463.16,472.14,-8.98
1137,Snacks_Nuts_1137,2022-05,776.58,785.4,-8.82
1079,Beverages_Juices_1079,2023-05,603.2,611.74,-8.54
1036,Electronics_Mobile Accessories_1036,2024-04,12242.37,12250.84,-8.47
1014,Dairy_Butter_1014,2022-06,892.62,900.89,-8.27
1008,Personal Care_Shampoo_1008,2021-04,4869.36,4877.34,-7.98
1193,Beverages_Tea_1193,2021-02,2356.99,2364.61,-7.62
1160,Snacks_Nuts_1160,2021-11,542.42,550.02,-7.6
1092,Household_Detergent_1092,2023-05,4369.45,4376.3,-6.85
1056,Snacks_Nuts_1056,2024-06,651.14,657.8,-6.66
1193,Beverages_Tea_1193,2025-08,2296.87,2303.51,-6.64
1177,Snacks_Chips_1177,2025-03,425.38,431.86,-6.48
1142,Electronics_Mobile Accessories_1142,2022-08,2451.27,2457.67,-6.4
1004,Beverages_Juices_1004,2025-06,2550.3,2556.46,-6.16
1052,Snacks_Crackers_1052,2022-11,1228.43,1234.32,-5.89
1026,Snacks_Biscuits_1026,2023-10,450.3,456.0,-5.7
1085,Personal Care_Skincare_1085,2023-06,3270.1,3275.49,-5.39
1143,Dairy_Cheese_1143,2023-07,2492.16,2497.53,-5.37
1142,Electronics_Mobile Accessories_1142,2025-02,2624.15,2629.39,-5.24
1102,Snacks_Biscuits_1102,2021-08,4010.09,4015.27,-5.18
1160,Snacks_Nuts_1160,2024-07,991.87,996.83,-4.96
1081,Snacks_Nuts_1081,2022-05,1126.66,1130.71,-4.05
1145,Household_Trash Bags_1145,2021-08,1596.9,1600.89,-3.99
1144,Household_Detergent_1144,2022-02,2222.7,2226.42,-3.72
1162,Dairy_Yogurt_1162,2021-11,2134.7,2138.4,-3.7
1196,Grocery_Pasta_1196,2023-06,3499.36,3502.98,-3.62
1165,Personal Care_Skincare_1165,2023-08,2239.31,2242.77,-3.46
1041,Snacks_Nuts_1041,2023-11,1083.7,1087.04,-3.34
1020,Beverages_Juices_1020,2025-06,1122.37,1125.48,-3.11
1056,Snacks_Nuts_1056,2023-11,457.45,460.46,-3.01
1025,Household_Detergent_1025,2023-04,817.86,820.34,-2.48
1176,Snacks_Chocolates_1176,2024-08,1257.35,1259.83,-2.48
1200,Beverages_Juices_1200,2024-11,754.17,756.49,-2.32
1145,Household_Trash Bags_1145,2023-07,1820.95,1823.09,-2.14
1075,Snacks_Crackers_1075,2024-07,1386.86,1388.88,-2.02
1111,Snacks_Nuts_1111,2022-11,1040.53,1042.48,-1.95
1063,Snacks_Chocolates_1063,2023-05,2011.28,2013.06,-1.78
1177,Snacks_Chips_1177,2021-11,250.99,252.76,-1.77
1021,Grocery_Canned Goods_1021,2023-07,4132.67,4134.19,-1.52
1020,Beverages_Juices_1020,2025-08,1490.78,1491.74,-0.96
1118,Dairy_Milk_1118,2023-06,3008.95,3009.9,-0.95
1117,Snacks_Crackers_1117,2024-05,1083.46,1084.28,-0.82
1128,Grocery_Spices_1128,2024-05,3588.3,3588.82,-0.52
1071,Grocery_Canned Goods_1071,2024-08,924.59,924.82,-0.23
