store_id,store_name,sku_id,stock_on_hand
1,BlueMart Store 01,1001,88
1,BlueMart Store 01,1002,63
1,BlueMart Store 01,1003,96
1,BlueMart Store 01,1004,142
1,BlueMart Store 01,1005,108
1,BlueMart Store 01,1006,96
1,BlueMart Store 01,1007,91
1,BlueMart Store 01,1008,54
1,BlueMart Store 01,1009,58
1,BlueMart Store 01,1010,173
1,BlueMart Store 01,1011,69
1,BlueMart Store 01,1012,173
1,BlueMart Store 01,1013,174
1,BlueMart Store 01,1014,138
1,BlueMart Store 01,1015,83
1,BlueMart Store 01,1016,142
1,BlueMart Store 01,1017,58
1,BlueMart Store 01,1018,52
1,BlueMart Store 01,1019,79
1,BlueMart Store 01,1020,170
1,BlueMart Store 01,1021,142
1,BlueMart Store 01,1022,134
1,BlueMart Store 01,1023,55
1,BlueMart Store 01,1024,200
1,BlueMart Store 01,1025,49
1,BlueMart Store 01,1026,60
1,BlueMart Store 01,1027,61
1,BlueMart Store 01,1028,113
1,BlueMart Store 01,1029,195
1,BlueMart Store 01,1030,133
1,BlueMart Store 01,1031,75
1,BlueMart Store 01,1032,80
1,BlueMart Store 01,1033,53
1,BlueMart Store 01,1034,101
1,BlueMart Store 01,1035,97
1,BlueMart Store 01,1036,92
1,BlueMart Store 01,1037,53
1,BlueMart Store 01,1038,85
1,BlueMart Store 01,1039,68
1,BlueMart Store 01,1040,51
1,BlueMart Store 01,1041,118
1,BlueMart Store 01,1042,109
1,BlueMart Store 01,1043,80
1,BlueMart Store 01,1044,119
1,BlueMart Store 01,1045,48
1,BlueMart Store 01,1046,123
1,BlueMart Store 01,1047,85
1,BlueMart Store 01,1048,172
1,BlueMart Store 01,1049,69
1,BlueMart Store 01,1050,110
1,BlueMart Store 01,1051,100
1,BlueMart Store 01,1052,141
1,BlueMart Store 01,1053,148
1,BlueMart Store 01,1054,157
1,BlueMart Store 01,1055,137
1,BlueMart Store 01,1056,82
1,BlueMart Store 01,1057,145
1,BlueMart Store 01,1058,107
1,BlueMart Store 01,1059,80
1,BlueMart Store 01,1060,67
1,BlueMart Store 01,1061,120
1,BlueMart Store 01,1062,140
1,BlueMart Store 01,1063,73
1,BlueMart Store 01,1064,161
1,BlueMart Store 01,1065,75
1,BlueMart Store 01,1066,45
1,BlueMart Store 01,1067,187
1,BlueMart Store 01,1068,39
1,BlueMart Store 01,1069,202
1,BlueMart Store 01,1070,195
1,BlueMart Store 01,1071,144
1,BlueMart Store 01,1072,91
1,BlueMart Store 01,1073,79
1,BlueMart Store 01,1074,90
1,BlueMart Store 01,1075,69
1,BlueMart Store 01,1076,79
1,BlueMart Store 01,1077,58
1,BlueMart Store 01,1078,90
1,BlueMart Store 01,1079,193
1,BlueMart Store 01,1080,64
1,BlueMart Store 01,1081,156
1,BlueMart Store 01,1082,107
1,BlueMart Store 01,1083,131
1,BlueMart Store 01,1084,111
1,BlueMart Store 01,1085,84
1,BlueMart Store 01,1086,181
1,BlueMart Store 01,1087,139
1,BlueMart Store 01,1088,104
1,BlueMart Store 01,1089,48
1,BlueMart Store 01,1090,147
1,BlueMart Store 01,1091,137
1,BlueMart Store 01,1092,72
1,BlueMart Store 01,1093,95
1,BlueMart Store 01,1094,185
1,BlueMart Store 01,1095,70
1,BlueMart Store 01,1096,44
1,BlueMart Store 01,1097,109
1,BlueMart Store 01,1098,54
1,BlueMart Store 01,1099,105
1,BlueMart Store 01,1100,75
1,BlueMart Store 01,1101,165
1,BlueMart Store 01,1102,158
1,BlueMart Store 01,1103,69
1,BlueMart Store 01,1104,89
1,BlueMart Store 01,1105,155
1,BlueMart Store 01,1106,106
1,BlueMart Store 01,1107,100
1,BlueMart Store 01,1108,147
1,BlueMart Store 01,1109,51
1,BlueMart Store 01,1110,158
1,BlueMart Store 01,1111,175
1,BlueMart Store 01,1112,74
1,BlueMart Store 01,1113,104
1,BlueMart Store 01,1114,60
1,BlueMart Store 01,1115,49
1,BlueMart Store 01,1116,123
1,BlueMart Store 01,1117,60
1,BlueMart Store 01,1118,121
1,BlueMart Store 01,1119,218
1,BlueMart Store 01,1120,184
1,BlueMart Store 01,1121,142
1,BlueMart Store 01,1122,143
1,BlueMart Store 01,1123,145
1,BlueMart Store 01,1124,122
1,BlueMart Store 01,1125,70
1,BlueMart Store 01,1126,159
1,BlueMart Store 01,1127,122
1,BlueMart Store 01,1128,159
1,BlueMart Store 01,1129,57
1,BlueMart Store 01,1130,138
1,BlueMart Store 01,1132,154
1,BlueMart Store 01,1133,83
1,BlueMart Store 01,1134,57
1,BlueMart Store 01,1135,125
1,BlueMart Store 01,1136,108
1,BlueMart Store 01,1137,85
1,BlueMart Store 01,1138,101
1,BlueMart Store 01,1139,74
1,BlueMart Store 01,1140,73
1,BlueMart Store 01,1141,83
1,BlueMart Store 01,1142,86
1,BlueMart Store 01,1143,66
1,BlueMart Store 01,1144,128
1,BlueMart Store 01,1145,125
1,BlueMart Store 01,1146,135
1,BlueMart Store 01,1147,100
1,BlueMart Store 01,1148,96
1,BlueMart Store 01,1149,74
1,BlueMart Store 01,1150,75
1,BlueMart Store 01,1152,97
1,BlueMart Store 01,1153,43
1,BlueMart Store 01,1154,93
1,BlueMart Store 01,1155,82
1,BlueMart Store 01,1156,72
1,BlueMart Store 01,1157,50
1,BlueMart Store 01,1158,146
1,BlueMart Store 01,1159,41
1,BlueMart Store 01,1160,152
1,BlueMart Store 01,1161,83
1,BlueMart Store 01,1162,66
1,BlueMart Store 01,1163,102
1,BlueMart Store 01,1164,41
1,BlueMart Store 01,1165,139
1,BlueMart Store 01,1166,177
1,BlueMart Store 01,1167,211
1,BlueMart Store 01,1168,127
1,BlueMart Store 01,1170,133
1,BlueMart Store 01,1171,60
1,BlueMart Store 01,1172,52
1,BlueMart Store 01,1173,79
1,BlueMart Store 01,1174,104
1,BlueMart Store 01,1175,53
1,BlueMart Store 01,1176,63
1,BlueMart Store 01,1177,124
1,BlueMart Store 01,1178,164
1,BlueMart Store 01,1179,102
1,BlueMart Store 01,1180,147
1,BlueMart Store 01,1181,119
1,BlueMart Store 01,1182,152
1,BlueMart Store 01,1183,91
1,BlueMart Store 01,1184,162
1,BlueMart Store 01,1185,111
1,BlueMart Store 01,1186,112
1,BlueMart Store 01,1187,148
1,BlueMart Store 01,1188,77
1,BlueMart Store 01,1189,91
1,BlueMart Store 01,1190,123
1,BlueMart Store 01,1191,145
1,BlueMart Store 01,1192,148
1,BlueMart Store 01,1193,187
1,BlueMart Store 01,1194,65
1,BlueMart Store 01,1195,141
1,BlueMart Store 01,1196,144
1,BlueMart Store 01,1197,42
1,BlueMart Store 01,1198,107
1,BlueMart Store 01,1199,63
1,BlueMart Store 01,1200,164
5,BlueMart Store 05,1001,113
5,BlueMart Store 05,1002,171
5,BlueMart Store 05,1003,137
5,BlueMart Store 05,1004,107
5,BlueMart Store 05,1006,276
5,BlueMart Store 05,1008,192
5,BlueMart Store 05,1009,155
5,BlueMart Store 05,1011,178
5,BlueMart Store 05,1012,162
5,BlueMart Store 05,1013,143
5,BlueMart Store 05,1014,99
5,BlueMart Store 05,1015,145
5,BlueMart Store 05,1016,179
5,BlueMart Store 05,1017,97
5,BlueMart Store 05,1019,57
5,BlueMart Store 05,1020,256
5,BlueMart Store 05,1022,92
5,BlueMart Store 05,1023,219
5,BlueMart Store 05,1024,272
5,BlueMart Store 05,1026,258
5,BlueMart Store 05,1027,221
5,BlueMart Store 05,1028,87
5,BlueMart Store 05,1030,231
5,BlueMart Store 05,1031,254
5,BlueMart Store 05,1033,84
5,BlueMart Store 05,1034,136
5,BlueMart Store 05,1035,146
5,BlueMart Store 05,1036,118
5,BlueMart Store 05,1037,72
5,BlueMart Store 05,1038,69
5,BlueMart Store 05,1039,130
5,BlueMart Store 05,1041,189
5,BlueMart Store 05,1042,318
5,BlueMart Store 05,1044,200
5,BlueMart Store 05,1046,146
5,BlueMart Store 05,1049,128
5,BlueMart Store 05,1051,55
5,BlueMart Store 05,1052,134
5,BlueMart Store 05,1053,135
5,BlueMart Store 05,1054,240
5,BlueMart Store 05,1055,176
5,BlueMart Store 05,1056,147
5,BlueMart Store 05,1058,79
5,BlueMart Store 05,1059,63
5,BlueMart Store 05,1060,84
5,BlueMart Store 05,1061,104
5,BlueMart Store 05,1063,257
5,BlueMart Store 05,1065,139
5,BlueMart Store 05,1066,196
5,BlueMart Store 05,1067,273
5,BlueMart Store 05,1069,211
5,BlueMart Store 05,1070,230
5,BlueMart Store 05,1072,127
5,BlueMart Store 05,1073,115
5,BlueMart Store 05,1074,121
5,BlueMart Store 05,1075,105
5,BlueMart Store 05,1077,158
5,BlueMart Store 05,1078,117
5,BlueMart Store 05,1079,202
5,BlueMart Store 05,1080,162
5,BlueMart Store 05,1081,200
5,BlueMart Store 05,1082,178
5,BlueMart Store 05,1083,183
5,BlueMart Store 05,1084,193
5,BlueMart Store 05,1085,165
5,BlueMart Store 05,1087,161
5,BlueMart Store 05,1088,104
5,BlueMart Store 05,1089,130
5,BlueMart Store 05,1091,230
5,BlueMart Store 05,1093,211
5,BlueMart Store 05,1094,263
5,BlueMart Store 05,1095,246
5,BlueMart Store 05,1098,149
5,BlueMart Store 05,1100,117
5,BlueMart Store 05,1101,176
5,BlueMart Store 05,1102,201
5,BlueMart Store 05,1103,135
5,BlueMart Store 05,1104,249
5,BlueMart Store 05,1106,157
5,BlueMart Store 05,1107,130
5,BlueMart Store 05,1108,235
5,BlueMart Store 05,1109,102
5,BlueMart Store 05,1110,266
5,BlueMart Store 05,1111,105
5,BlueMart Store 05,1112,87
5,BlueMart Store 05,1113,231
5,BlueMart Store 05,1114,66
5,BlueMart Store 05,1115,200
5,BlueMart Store 05,1116,171
5,BlueMart Store 05,1117,124
5,BlueMart Store 05,1118,106
5,BlueMart Store 05,1119,320
5,BlueMart Store 05,1120,162
5,BlueMart Store 05,1121,221
5,BlueMart Store 05,1123,186
5,BlueMart Store 05,1124,152
5,BlueMart Store 05,1125,160
5,BlueMart Store 05,1127,138
5,BlueMart Store 05,1128,223
5,BlueMart Store 05,1129,128
5,BlueMart Store 05,1130,240
5,BlueMart Store 05,1131,156
5,BlueMart Store 05,1132,175
5,BlueMart Store 05,1133,80
5,BlueMart Store 05,1135,180
5,BlueMart Store 05,1136,107
5,BlueMart Store 05,1137,100
5,BlueMart Store 05,1138,166
5,BlueMart Store 05,1141,280
5,BlueMart Store 05,1142,125
5,BlueMart Store 05,1143,146
5,BlueMart Store 05,1144,133
5,BlueMart Store 05,1145,71
5,BlueMart Store 05,1146,223
5,BlueMart Store 05,1147,228
5,BlueMart Store 05,1148,139
5,BlueMart Store 05,1149,118
5,BlueMart Store 05,1150,127
5,BlueMart Store 05,1151,89
5,BlueMart Store 05,1152,125
5,BlueMart Store 05,1153,132
5,BlueMart Store 05,1155,136
5,BlueMart Store 05,1156,154
5,BlueMart Store 05,1157,105
5,BlueMart Store 05,1158,203
5,BlueMart Store 05,1159,118
5,BlueMart Store 05,1160,129
5,BlueMart Store 05,1161,154
5,BlueMart Store 05,1162,231
5,BlueMart Store 05,1163,182
5,BlueMart Store 05,1165,102
5,BlueMart Store 05,1166,329
5,BlueMart Store 05,1167,115
5,BlueMart Store 05,1168,123
5,BlueMart Store 05,1169,263
5,BlueMart Store 05,1170,167
5,BlueMart Store 05,1171,224
5,BlueMart Store 05,1172,96
5,BlueMart Store 05,1173,110
5,BlueMart Store 05,1174,102
5,BlueMart Store 05,1175,70
5,BlueMart Store 05,1177,261
5,BlueMart Store 05,1180,238
5,BlueMart Store 05,1181,149
5,BlueMart Store 05,1182,210
5,BlueMart Store 05,1183,104
5,BlueMart Store 05,1184,157
5,BlueMart Store 05,1185,92
5,BlueMart Store 05,1186,106
5,BlueMart Store 05,1187,155
5,BlueMart Store 05,1188,241
5,BlueMart Store 05,1189,84
5,BlueMart Store 05,1190,191
5,BlueMart Store 05,1191,235
5,BlueMart Store 05,1192,137
5,BlueMart Store 05,1193,135
5,BlueMart Store 05,1196,275
5,BlueMart Store 05,1197,63
5,BlueMart Store 05,1199,95
6,BlueMart Store 06,1001,70
6,BlueMart Store 06,1002,106
6,BlueMart Store 06,1003,126
6,BlueMart Store 06,1004,97
6,BlueMart Store 06,1005,89
6,BlueMart Store 06,1006,98
6,BlueMart Store 06,1007,99
6,BlueMart Store 06,1008,95
6,BlueMart Store 06,1009,82
6,BlueMart Store 06,1010,222
6,BlueMart Store 06,1011,148
6,BlueMart Store 06,1012,73
6,BlueMart Store 06,1013,100
6,BlueMart Store 06,1014,143
6,BlueMart Store 06,1015,95
6,BlueMart Store 06,1016,131
6,BlueMart Store 06,1017,57
6,BlueMart Store 06,1019,68
6,BlueMart Store 06,1020,104
6,BlueMart Store 06,1022,122
6,BlueMart Store 06,1023,95
6,BlueMart Store 06,1024,143
6,BlueMart Store 06,1025,61
6,BlueMart Store 06,1027,87
6,BlueMart Store 06,1028,50
6,BlueMart Store 06,1029,178
6,BlueMart Store 06,1030,122
6,BlueMart Store 06,1031,62
6,BlueMart Store 06,1033,48
6,BlueMart Store 06,1035,69
6,BlueMart Store 06,1036,94
6,BlueMart Store 06,1037,78
6,BlueMart Store 06,1038,96
6,BlueMart Store 06,1039,74
6,BlueMart Store 06,1040,80
6,BlueMart Store 06,1041,147
6,BlueMart Store 06,1042,187
6,BlueMart Store 06,1043,53
6,BlueMart Store 06,1044,170
6,BlueMart Store 06,1045,80
6,BlueMart Store 06,1046,116
6,BlueMart Store 06,1047,133
6,BlueMart Store 06,1048,124
6,BlueMart Store 06,1049,103
6,BlueMart Store 06,1050,64
6,BlueMart Store 06,1051,73
6,BlueMart Store 06,1052,132
6,BlueMart Store 06,1053,85
6,BlueMart Store 06,1054,92
6,BlueMart Store 06,1055,72
6,BlueMart Store 06,1056,75
6,BlueMart Store 06,1057,172
6,BlueMart Store 06,1058,137
6,BlueMart Store 06,1060,119
6,BlueMart Store 06,1061,56
6,BlueMart Store 06,1062,130
6,BlueMart Store 06,1063,140
6,BlueMart Store 06,1064,130
6,BlueMart Store 06,1065,81
6,BlueMart Store 06,1066,130
6,BlueMart Store 06,1067,176
6,BlueMart Store 06,1068,71
6,BlueMart Store 06,1069,200
6,BlueMart Store 06,1070,181
6,BlueMart Store 06,1071,84
6,BlueMart Store 06,1072,77
6,BlueMart Store 06,1073,64
6,BlueMart Store 06,1074,90
6,BlueMart Store 06,1075,83
6,BlueMart Store 06,1076,128
6,BlueMart Store 06,1077,106
6,BlueMart Store 06,1078,67
6,BlueMart Store 06,1079,136
6,BlueMart Store 06,1080,85
6,BlueMart Store 06,1081,84
6,BlueMart Store 06,1082,68
6,BlueMart Store 06,1083,108
6,BlueMart Store 06,1084,89
6,BlueMart Store 06,1085,68
6,BlueMart Store 06,1086,156
6,BlueMart Store 06,1087,137
6,BlueMart Store 06,1088,104
6,BlueMart Store 06,1089,77
6,BlueMart Store 06,1090,61
6,BlueMart Store 06,1091,63
6,BlueMart Store 06,1092,109
6,BlueMart Store 06,1093,77
6,BlueMart Store 06,1094,178
6,BlueMart Store 06,1095,160
6,BlueMart Store 06,1096,50
6,BlueMart Store 06,1097,64
6,BlueMart Store 06,1098,67
6,BlueMart Store 06,1099,65
6,BlueMart Store 06,1100,55
6,BlueMart Store 06,1101,76
6,BlueMart Store 06,1102,150
6,BlueMart Store 06,1103,155
6,BlueMart Store 06,1104,182
6,BlueMart Store 06,1105,150
6,BlueMart Store 06,1106,115
6,BlueMart Store 06,1107,74
6,BlueMart Store 06,1108,85
6,BlueMart Store 06,1109,52
6,BlueMart Store 06,1110,125
6,BlueMart Store 06,1111,144
6,BlueMart Store 06,1112,78
6,BlueMart Store 06,1113,122
6,BlueMart Store 06,1114,60
6,BlueMart Store 06,1115,134
6,BlueMart Store 06,1116,122
6,BlueMart Store 06,1117,139
6,BlueMart Store 06,1118,159
6,BlueMart Store 06,1119,79
6,BlueMart Store 06,1120,79
6,BlueMart Store 06,1121,162
6,BlueMart Store 06,1122,161
6,BlueMart Store 06,1123,74
6,BlueMart Store 06,1124,96
6,BlueMart Store 06,1125,125
6,BlueMart Store 06,1126,101
6,BlueMart Store 06,1127,88
6,BlueMart Store 06,1128,98
6,BlueMart Store 06,1129,100
6,BlueMart Store 06,1130,105
6,BlueMart Store 06,1131,142
6,BlueMart Store 06,1132,139
6,BlueMart Store 06,1133,52
6,BlueMart Store 06,1134,75
6,BlueMart Store 06,1135,113
6,BlueMart Store 06,1136,140
6,BlueMart Store 06,1137,77
6,BlueMart Store 06,1138,54
6,BlueMart Store 06,1139,95
6,BlueMart Store 06,1140,82
6,BlueMart Store 06,1141,133
6,BlueMart Store 06,1142,95
6,BlueMart Store 06,1143,157
6,BlueMart Store 06,1144,49
6,BlueMart Store 06,1145,123
6,BlueMart Store 06,1146,143
6,BlueMart Store 06,1147,103
6,BlueMart Store 06,1148,86
6,BlueMart Store 06,1149,97
6,BlueMart Store 06,1151,80
6,BlueMart Store 06,1152,86
6,BlueMart Store 06,1153,67
6,BlueMart Store 06,1154,64
6,BlueMart Store 06,1155,76
6,BlueMart Store 06,1156,103
6,BlueMart Store 06,1157,116
6,BlueMart Store 06,1158,61
6,BlueMart Store 06,1159,57
6,BlueMart Store 06,1160,179
6,BlueMart Store 06,1161,84
6,BlueMart Store 06,1162,108
6,BlueMart Store 06,1163,110
6,BlueMart Store 06,1164,79
6,BlueMart Store 06,1165,79
6,BlueMart Store 06,1166,209
6,BlueMart Store 06,1167,127
6,BlueMart Store 06,1168,126
6,BlueMart Store 06,1169,79
6,BlueMart Store 06,1170,71
6,BlueMart Store 06,1171,104
6,BlueMart Store 06,1172,40
6,BlueMart Store 06,1173,100
6,BlueMart Store 06,1174,51
6,BlueMart Store 06,1175,54
6,BlueMart Store 06,1176,100
6,BlueMart Store 06,1177,86
6,BlueMart Store 06,1178,123
6,BlueMart Store 06,1179,53
6,BlueMart Store 06,1180,157
6,BlueMart Store 06,1181,65
6,BlueMart Store 06,1182,183
6,BlueMart Store 06,1183,102
6,BlueMart Store 06,1184,162
6,BlueMart Store 06,1185,142
6,BlueMart Store 06,1186,63
6,BlueMart Store 06,1187,95
6,BlueMart Store 06,1188,205
6,BlueMart Store 06,1189,83
6,BlueMart Store 06,1190,98
6,BlueMart Store 06,1191,79
6,BlueMart Store 06,1192,141
6,BlueMart Store 06,1193,166
6,BlueMart Store 06,1194,80
6,BlueMart Store 06,1195,80
6,BlueMart Store 06,1196,190
6,BlueMart Store 06,1197,95
6,BlueMart Store 06,1198,145
6,BlueMart Store 06,1199,79
6,BlueMart Store 06,1200,124
7,BlueMart Store 07,1001,92
7,BlueMart Store 07,1002,247
7,BlueMart Store 07,1003,91
7,BlueMart Store 07,1004,223
7,BlueMart Store 07,1006,207
7,BlueMart Store 07,1008,257
7,BlueMart Store 07,1010,436
7,BlueMart Store 07,1011,283
7,BlueMart Store 07,1012,265
7,BlueMart Store 07,1014,176
7,BlueMart Store 07,1015,267
7,BlueMart Store 07,1016,153
7,BlueMart Store 07,1018,169
7,BlueMart Store 07,1020,145
7,BlueMart Store 07,1022,244
7,BlueMart Store 07,1023,132
7,BlueMart Store 07,1024,183
7,BlueMart Store 07,1025,172
7,BlueMart Store 07,1026,251
7,BlueMart Store 07,1028,187
7,BlueMart Store 07,1029,444
7,BlueMart Store 07,1030,200
7,BlueMart Store 07,1033,224
7,BlueMart Store 07,1034,269
7,BlueMart Store 07,1035,202
7,BlueMart Store 07,1036,152
7,BlueMart Store 07,1037,81
7,BlueMart Store 07,1038,116
7,BlueMart Store 07,1039,345
7,BlueMart Store 07,1040,134
7,BlueMart Store 07,1041,338
7,BlueMart Store 07,1044,280
7,BlueMart Store 07,1045,135
7,BlueMart Store 07,1046,246
7,BlueMart Store 07,1048,251
7,BlueMart Store 07,1049,128
7,BlueMart Store 07,1050,155
7,BlueMart Store 07,1051,149
7,BlueMart Store 07,1053,288
7,BlueMart Store 07,1054,129
7,BlueMart Store 07,1055,246
7,BlueMart Store 07,1056,182
7,BlueMart Store 07,1057,352
7,BlueMart Store 07,1058,244
7,BlueMart Store 07,1059,150
7,BlueMart Store 07,1060,176
7,BlueMart Store 07,1061,231
7,BlueMart Store 07,1062,278
7,BlueMart Store 07,1063,354
7,BlueMart Store 07,1064,314
7,BlueMart Store 07,1065,159
7,BlueMart Store 07,1066,191
7,BlueMart Store 07,1067,196
7,BlueMart Store 07,1070,316
7,BlueMart Store 07,1072,101
7,BlueMart Store 07,1073,153
7,BlueMart Store 07,1074,110
7,BlueMart Store 07,1075,149
7,BlueMart Store 07,1076,213
7,BlueMart Store 07,1078,191
7,BlueMart Store 07,1081,303
7,BlueMart Store 07,1082,254
7,BlueMart Store 07,1083,141
7,BlueMart Store 07,1085,107
7,BlueMart Store 07,1086,200
7,BlueMart Store 07,1087,278
7,BlueMart Store 07,1088,93
7,BlueMart Store 07,1089,86
7,BlueMart Store 07,1090,155
7,BlueMart Store 07,1091,305
7,BlueMart Store 07,1093,249
7,BlueMart Store 07,1094,279
7,BlueMart Store 07,1098,123
7,BlueMart Store 07,1099,179
7,BlueMart Store 07,1100,200
7,BlueMart Store 07,1102,190
7,BlueMart Store 07,1103,292
7,BlueMart Store 07,1104,339
7,BlueMart Store 07,1106,243
7,BlueMart Store 07,1107,189
7,BlueMart Store 07,1110,411
7,BlueMart Store 07,1112,236
7,BlueMart Store 07,1113,153
7,BlueMart Store 07,1114,88
7,BlueMart Store 07,1115,178
7,BlueMart Store 07,1116,155
7,BlueMart Store 07,1117,133
7,BlueMart Store 07,1118,204
7,BlueMart Store 07,1120,415
7,BlueMart Store 07,1121,177
7,BlueMart Store 07,1122,303
7,BlueMart Store 07,1124,123
7,BlueMart Store 07,1125,210
7,BlueMart Store 07,1126,346
7,BlueMart Store 07,1128,204
7,BlueMart Store 07,1129,112
7,BlueMart Store 07,1130,199
7,BlueMart Store 07,1131,306
7,BlueMart Store 07,1132,282
7,BlueMart Store 07,1133,142
7,BlueMart Store 07,1134,208
7,BlueMart Store 07,1135,189
7,BlueMart Store 07,1136,290
7,BlueMart Store 07,1137,245
7,BlueMart Store 07,1138,229
7,BlueMart Store 07,1140,237
7,BlueMart Store 07,1142,143
7,BlueMart Store 07,1144,173
7,BlueMart Store 07,1145,116
7,BlueMart Store 07,1146,288
7,BlueMart Store 07,1147,275
7,BlueMart Store 07,1148,126
7,BlueMart Store 07,1149,142
7,BlueMart Store 07,1151,167
7,BlueMart Store 07,1152,108
7,BlueMart Store 07,1153,169
7,BlueMart Store 07,1154,187
7,BlueMart Store 07,1155,143
7,BlueMart Store 07,1157,259
7,BlueMart Store 07,1159,119
7,BlueMart Store 07,1160,286
7,BlueMart Store 07,1161,82
7,BlueMart Store 07,1162,186
7,BlueMart Store 07,1163,169
7,BlueMart Store 07,1164,208
7,BlueMart Store 07,1165,132
7,BlueMart Store 07,1166,448
7,BlueMart Store 07,1167,217
7,BlueMart Store 07,1170,134
7,BlueMart Store 07,1171,110
7,BlueMart Store 07,1172,160
7,BlueMart Store 07,1173,94
7,BlueMart Store 07,1174,114
7,BlueMart Store 07,1176,353
7,BlueMart Store 07,1178,274
7,BlueMart Store 07,1180,371
7,BlueMart Store 07,1181,172
7,BlueMart Store 07,1182,130
7,BlueMart Store 07,1183,141
7,BlueMart Store 07,1185,232
7,BlueMart Store 07,1187,232
7,BlueMart Store 07,1188,371
7,BlueMart Store 07,1190,114
7,BlueMart Store 07,1191,312
7,BlueMart Store 07,1192,313
7,BlueMart Store 07,1193,174
7,BlueMart Store 07,1194,314
7,BlueMart Store 07,1195,255
7,BlueMart Store 07,1196,346
7,BlueMart Store 07,1197,180
7,BlueMart Store 07,1198,168
7,BlueMart Store 07,1199,131
7,BlueMart Store 07,1200,229
11,BlueMart Store 11,1001,111
11,BlueMart Store 11,1002,139
11,BlueMart Store 11,1003,261
11,BlueMart Store 11,1004,371
11,BlueMart Store 11,1005,103
11,BlueMart Store 11,1006,316
11,BlueMart Store 11,1008,292
11,BlueMart Store 11,1009,131
11,BlueMart Store 11,1010,416
11,BlueMart Store 11,1011,238
11,BlueMart Store 11,1012,353
11,BlueMart Store 11,1013,291
11,BlueMart Store 11,1014,217
11,BlueMart Store 11,1015,123
11,BlueMart Store 11,1016,250
11,BlueMart Store 11,1017,233
11,BlueMart Store 11,1018,161
11,BlueMart Store 11,1020,291
11,BlueMart Store 11,1021,307
11,BlueMart Store 11,1022,185
11,BlueMart Store 11,1023,258
11,BlueMart Store 11,1024,308
11,BlueMart Store 11,1026,240
11,BlueMart Store 11,1028,170
11,BlueMart Store 11,1029,277
11,BlueMart Store 11,1030,197
11,BlueMart Store 11,1031,282
11,BlueMart Store 11,1032,346
11,BlueMart Store 11,1033,173
11,BlueMart Store 11,1034,131
11,BlueMart Store 11,1035,137
11,BlueMart Store 11,1036,75
11,BlueMart Store 11,1037,80
11,BlueMart Store 11,1038,188
11,BlueMart Store 11,1039,318
11,BlueMart Store 11,1040,208
11,BlueMart Store 11,1041,240
11,BlueMart Store 11,1042,300
11,BlueMart Store 11,1043,169
11,BlueMart Store 11,1044,198
11,BlueMart Store 11,1045,198
11,BlueMart Store 11,1046,125
11,BlueMart Store 11,1047,237
11,BlueMart Store 11,1048,353
11,BlueMart Store 11,1049,173
11,BlueMart Store 11,1050,133
11,BlueMart Store 11,1051,87
11,BlueMart Store 11,1052,132
11,BlueMart Store 11,1053,152
11,BlueMart Store 11,1054,155
11,BlueMart Store 11,1055,252
11,BlueMart Store 11,1056,270
11,BlueMart Store 11,1057,261
11,BlueMart Store 11,1058,248
11,BlueMart Store 11,1059,134
11,BlueMart Store 11,1060,252
11,BlueMart Store 11,1061,157
11,BlueMart Store 11,1062,170
11,BlueMart Store 11,1063,233
11,BlueMart Store 11,1064,225
11,BlueMart Store 11,1065,149
11,BlueMart Store 11,1066,119
11,BlueMart Store 11,1067,303
11,BlueMart Store 11,1068,84
11,BlueMart Store 11,1069,321
11,BlueMart Store 11,1070,310
11,BlueMart Store 11,1071,377
11,BlueMart Store 11,1072,203
11,BlueMart Store 11,1073,154
11,BlueMart Store 11,1074,255
11,BlueMart Store 11,1075,269
11,BlueMart Store 11,1076,188
11,BlueMart Store 11,1077,170
11,BlueMart Store 11,1079,315
11,BlueMart Store 11,1080,204
11,BlueMart Store 11,1081,252
11,BlueMart Store 11,1082,161
11,BlueMart Store 11,1083,138
11,BlueMart Store 11,1084,218
11,BlueMart Store 11,1085,236
11,BlueMart Store 11,1086,295
11,BlueMart Store 11,1087,133
11,BlueMart Store 11,1088,96
11,BlueMart Store 11,1089,166
11,BlueMart Store 11,1090,213
11,BlueMart Store 11,1091,280
11,BlueMart Store 11,1092,150
11,BlueMart Store 11,1093,242
11,BlueMart Store 11,1094,265
11,BlueMart Store 11,1095,201
11,BlueMart Store 11,1096,88
11,BlueMart Store 11,1097,129
11,BlueMart Store 11,1098,171
11,BlueMart Store 11,1099,209
11,BlueMart Store 11,1100,174
11,BlueMart Store 11,1101,198
11,BlueMart Store 11,1102,171
11,BlueMart Store 11,1103,316
11,BlueMart Store 11,1104,373
11,BlueMart Store 11,1105,250
11,BlueMart Store 11,1106,246
11,BlueMart Store 11,1107,164
11,BlueMart Store 11,1108,231
11,BlueMart Store 11,1109,168
11,BlueMart Store 11,1110,338
11,BlueMart Store 11,1111,204
11,BlueMart Store 11,1112,224
11,BlueMart Store 11,1113,272
11,BlueMart Store 11,1114,84
11,BlueMart Store 11,1115,249
11,BlueMart Store 11,1116,205
11,BlueMart Store 11,1117,135
11,BlueMart Store 11,1118,306
11,BlueMart Store 11,1119,327
11,BlueMart Store 11,1121,347
11,BlueMart Store 11,1123,297
11,BlueMart Store 11,1124,285
11,BlueMart Store 11,1125,261
11,BlueMart Store 11,1126,312
11,BlueMart Store 11,1127,385
11,BlueMart Store 11,1128,390
11,BlueMart Store 11,1129,148
11,BlueMart Store 11,1130,302
11,BlueMart Store 11,1131,186
11,BlueMart Store 11,1132,271
11,BlueMart Store 11,1133,153
11,BlueMart Store 11,1134,135
11,BlueMart Store 11,1135,232
11,BlueMart Store 11,1136,123
11,BlueMart Store 11,1137,188
11,BlueMart Store 11,1138,140
11,BlueMart Store 11,1139,150
11,BlueMart Store 11,1140,108
11,BlueMart Store 11,1141,308
11,BlueMart Store 11,1142,136
11,BlueMart Store 11,1143,161
11,BlueMart Store 11,1144,259
11,BlueMart Store 11,1145,232
11,BlueMart Store 11,1146,250
11,BlueMart Store 11,1147,258
11,BlueMart Store 11,1148,180
11,BlueMart Store 11,1149,182
11,BlueMart Store 11,1150,177
11,BlueMart Store 11,1151,130
11,BlueMart Store 11,1152,202
11,BlueMart Store 11,1153,112
11,BlueMart Store 11,1154,163
11,BlueMart Store 11,1155,197
11,BlueMart Store 11,1156,292
11,BlueMart Store 11,1157,93
11,BlueMart Store 11,1158,152
11,BlueMart Store 11,1159,165
11,BlueMart Store 11,1160,283
11,BlueMart Store 11,1161,144
11,BlueMart Store 11,1162,242
11,BlueMart Store 11,1163,229
11,BlueMart Store 11,1164,206
11,BlueMart Store 11,1165,203
11,BlueMart Store 11,1166,363
11,BlueMart Store 11,1167,262
11,BlueMart Store 11,1168,159
11,BlueMart Store 11,1169,234
11,BlueMart Store 11,1170,164
11,BlueMart Store 11,1171,161
11,BlueMart Store 11,1172,128
11,BlueMart Store 11,1173,162
11,BlueMart Store 11,1174,95
11,BlueMart Store 11,1175,200
11,BlueMart Store 11,1176,345
11,BlueMart Store 11,1177,335
11,BlueMart Store 11,1178,340
11,BlueMart Store 11,1179,181
11,BlueMart Store 11,1180,156
11,BlueMart Store 11,1181,109
11,BlueMart Store 11,1183,156
11,BlueMart Store 11,1184,258
11,BlueMart Store 11,1186,270
11,BlueMart Store 11,1187,131
11,BlueMart Store 11,1189,101
11,BlueMart Store 11,1190,261
11,BlueMart Store 11,1191,123
11,BlueMart Store 11,1192,187
11,BlueMart Store 11,1193,364
11,BlueMart Store 11,1194,137
11,BlueMart Store 11,1195,170
11,BlueMart Store 11,1197,108
11,BlueMart Store 11,1198,120
11,BlueMart Store 11,1199,129
11,BlueMart Store 11,1200,242
14,BlueMart Store 14,1001,168
14,BlueMart Store 14,1002,111
14,BlueMart Store 14,1003,200
14,BlueMart Store 14,1004,151
14,BlueMart Store 14,1005,178
14,BlueMart Store 14,1006,234
14,BlueMart Store 14,1007,147
14,BlueMart Store 14,1008,197
14,BlueMart Store 14,1009,153
14,BlueMart Store 14,1010,271
14,BlueMart Store 14,1011,111
14,BlueMart Store 14,1012,139
14,BlueMart Store 14,1013,448
14,BlueMart Store 14,1014,293
14,BlueMart Store 14,1015,311
14,BlueMart Store 14,1016,192
14,BlueMart Store 14,1017,156
14,BlueMart Store 14,1018,104
14,BlueMart Store 14,1019,95
14,BlueMart Store 14,1020,279
14,BlueMart Store 14,1021,196
14,BlueMart Store 14,1022,234
14,BlueMart Store 14,1023,201
14,BlueMart Store 14,1024,202
14,BlueMart Store 14,1025,173
14,BlueMart Store 14,1026,217
14,BlueMart Store 14,1027,147
14,BlueMart Store 14,1029,252
14,BlueMart Store 14,1030,204
14,BlueMart Store 14,1031,129
14,BlueMart Store 14,1033,162
14,BlueMart Store 14,1035,88
14,BlueMart Store 14,1036,143
14,BlueMart Store 14,1037,202
14,BlueMart Store 14,1038,160
14,BlueMart Store 14,1039,165
14,BlueMart Store 14,1040,90
14,BlueMart Store 14,1041,167
14,BlueMart Store 14,1042,222
14,BlueMart Store 14,1043,85
14,BlueMart Store 14,1044,274
14,BlueMart Store 14,1046,124
14,BlueMart Store 14,1048,244
14,BlueMart Store 14,1049,72
14,BlueMart Store 14,1050,357
14,BlueMart Store 14,1051,175
14,BlueMart Store 14,1052,191
14,BlueMart Store 14,1054,326
14,BlueMart Store 14,1055,321
14,BlueMart Store 14,1056,228
14,BlueMart Store 14,1057,341
14,BlueMart Store 14,1058,269
14,BlueMart Store 14,1059,190
14,BlueMart Store 14,1060,213
14,BlueMart Store 14,1061,150
14,BlueMart Store 14,1062,216
14,BlueMart Store 14,1063,193
14,BlueMart Store 14,1064,220
14,BlueMart Store 14,1065,75
14,BlueMart Store 14,1066,263
14,BlueMart Store 14,1067,375
14,BlueMart Store 14,1068,173
14,BlueMart Store 14,1070,415
14,BlueMart Store 14,1071,447
14,BlueMart Store 14,1072,78
14,BlueMart Store 14,1074,274
14,BlueMart Store 14,1076,197
14,BlueMart Store 14,1077,198
14,BlueMart Store 14,1078,99
14,BlueMart Store 14,1079,258
14,BlueMart Store 14,1080,161
14,BlueMart Store 14,1081,287
14,BlueMart Store 14,1082,246
14,BlueMart Store 14,1083,125
14,BlueMart Store 14,1084,179
14,BlueMart Store 14,1085,168
14,BlueMart Store 14,1086,279
14,BlueMart Store 14,1087,138
14,BlueMart Store 14,1088,148
14,BlueMart Store 14,1089,134
14,BlueMart Store 14,1090,268
14,BlueMart Store 14,1091,146
14,BlueMart Store 14,1092,122
14,BlueMart Store 14,1093,319
14,BlueMart Store 14,1094,293
14,BlueMart Store 14,1095,177
14,BlueMart Store 14,1096,90
14,BlueMart Store 14,1097,226
14,BlueMart Store 14,1098,93
14,BlueMart Store 14,1100,99
14,BlueMart Store 14,1102,294
14,BlueMart Store 14,1103,225
14,BlueMart Store 14,1105,163
14,BlueMart Store 14,1106,254
14,BlueMart Store 14,1107,74
14,BlueMart Store 14,1108,263
14,BlueMart Store 14,1109,201
14,BlueMart Store 14,1112,127
14,BlueMart Store 14,1113,304
14,BlueMart Store 14,1114,125
14,BlueMart Store 14,1115,139
14,BlueMart Store 14,1116,248
14,BlueMart Store 14,1117,148
14,BlueMart Store 14,1118,123
14,BlueMart Store 14,1119,410
14,BlueMart Store 14,1120,223
14,BlueMart Store 14,1121,444
14,BlueMart Store 14,1122,146
14,BlueMart Store 14,1123,311
14,BlueMart Store 14,1124,223
14,BlueMart Store 14,1126,292
14,BlueMart Store 14,1128,376
14,BlueMart Store 14,1130,231
14,BlueMart Store 14,1131,176
14,BlueMart Store 14,1132,315
14,BlueMart Store 14,1133,95
14,BlueMart Store 14,1134,228
14,BlueMart Store 14,1135,187
14,BlueMart Store 14,1136,215
14,BlueMart Store 14,1137,123
14,BlueMart Store 14,1138,142
14,BlueMart Store 14,1139,254
14,BlueMart Store 14,1140,127
14,BlueMart Store 14,1141,149
14,BlueMart Store 14,1142,126
14,BlueMart Store 14,1144,191
14,BlueMart Store 14,1145,208
14,BlueMart Store 14,1146,238
14,BlueMart Store 14,1147,140
14,BlueMart Store 14,1148,146
14,BlueMart Store 14,1150,125
14,BlueMart Store 14,1151,189
14,BlueMart Store 14,1152,191
14,BlueMart Store 14,1153,176
14,BlueMart Store 14,1154,243
14,BlueMart Store 14,1155,191
14,BlueMart Store 14,1156,118
14,BlueMart Store 14,1157,130
14,BlueMart Store 14,1158,217
14,BlueMart Store 14,1159,185
14,BlueMart Store 14,1160,128
14,BlueMart Store 14,1161,137
14,BlueMart Store 14,1162,150
14,BlueMart Store 14,1163,222
14,BlueMart Store 14,1164,127
14,BlueMart Store 14,1165,247
14,BlueMart Store 14,1166,193
14,BlueMart Store 14,1167,384
14,BlueMart Store 14,1168,294
14,BlueMart Store 14,1170,188
14,BlueMart Store 14,1171,142
14,BlueMart Store 14,1172,73
14,BlueMart Store 14,1173,123
14,BlueMart Store 14,1174,152
14,BlueMart Store 14,1175,106
14,BlueMart Store 14,1176,311
14,BlueMart Store 14,1177,171
14,BlueMart Store 14,1178,371
14,BlueMart Store 14,1179,138
14,BlueMart Store 14,1182,245
14,BlueMart Store 14,1183,141
14,BlueMart Store 14,1184,355
14,BlueMart Store 14,1185,270
14,BlueMart Store 14,1186,303
14,BlueMart Store 14,1187,250
14,BlueMart Store 14,1188,299
14,BlueMart Store 14,1189,73
14,BlueMart Store 14,1191,187
14,BlueMart Store 14,1192,162
14,BlueMart Store 14,1193,282
14,BlueMart Store 14,1194,258
14,BlueMart Store 14,1195,180
14,BlueMart Store 14,1196,372
14,BlueMart Store 14,1197,92
14,BlueMart Store 14,1198,113
14,BlueMart Store 14,1200,338
15,BlueMart Store 15,1001,85
15,BlueMart Store 15,1002,185
15,BlueMart Store 15,1003,220
15,BlueMart Store 15,1004,185
15,BlueMart Store 15,1005,196
15,BlueMart Store 15,1006,184
15,BlueMart Store 15,1007,166
15,BlueMart Store 15,1008,242
15,BlueMart Store 15,1009,73
15,BlueMart Store 15,1010,152
15,BlueMart Store 15,1011,248
15,BlueMart Store 15,1012,292
15,BlueMart Store 15,1013,204
15,BlueMart Store 15,1015,122
15,BlueMart Store 15,1016,275
15,BlueMart Store 15,1018,207
15,BlueMart Store 15,1019,115
15,BlueMart Store 15,1020,176
15,BlueMart Store 15,1021,403
15,BlueMart Store 15,1022,213
15,BlueMart Store 15,1023,164
15,BlueMart Store 15,1024,156
15,BlueMart Store 15,1026,182
15,BlueMart Store 15,1027,239
15,BlueMart Store 15,1028,254
15,BlueMart Store 15,1029,308
15,BlueMart Store 15,1030,302
15,BlueMart Store 15,1031,233
15,BlueMart Store 15,1032,343
15,BlueMart Store 15,1033,126
15,BlueMart Store 15,1034,128
15,BlueMart Store 15,1035,73
15,BlueMart Store 15,1036,138
15,BlueMart Store 15,1037,109
15,BlueMart Store 15,1038,207
15,BlueMart Store 15,1040,76
15,BlueMart Store 15,1041,180
15,BlueMart Store 15,1042,226
15,BlueMart Store 15,1043,173
15,BlueMart Store 15,1044,251
15,BlueMart Store 15,1045,83
15,BlueMart Store 15,1046,211
15,BlueMart Store 15,1047,228
15,BlueMart Store 15,1048,158
15,BlueMart Store 15,1049,137
15,BlueMart Store 15,1050,245
15,BlueMart Store 15,1051,157
15,BlueMart Store 15,1052,334
15,BlueMart Store 15,1053,215
15,BlueMart Store 15,1054,243
15,BlueMart Store 15,1055,180
15,BlueMart Store 15,1056,324
15,BlueMart Store 15,1057,297
15,BlueMart Store 15,1058,252
15,BlueMart Store 15,1059,162
15,BlueMart Store 15,1060,112
15,BlueMart Store 15,1061,240
15,BlueMart Store 15,1062,219
15,BlueMart Store 15,1063,216
15,BlueMart Store 15,1064,132
15,BlueMart Store 15,1065,155
15,BlueMart Store 15,1066,126
15,BlueMart Store 15,1067,295
15,BlueMart Store 15,1068,88
15,BlueMart Store 15,1070,387
15,BlueMart Store 15,1071,283
15,BlueMart Store 15,1072,74
15,BlueMart Store 15,1073,189
15,BlueMart Store 15,1074,162
15,BlueMart Store 15,1075,252
15,BlueMart Store 15,1076,349
15,BlueMart Store 15,1077,173
15,BlueMart Store 15,1078,73
15,BlueMart Store 15,1079,375
15,BlueMart Store 15,1081,199
15,BlueMart Store 15,1082,186
15,BlueMart Store 15,1083,271
15,BlueMart Store 15,1084,117
15,BlueMart Store 15,1085,127
15,BlueMart Store 15,1086,327
15,BlueMart Store 15,1087,128
15,BlueMart Store 15,1088,116
15,BlueMart Store 15,1089,159
15,BlueMart Store 15,1090,198
15,BlueMart Store 15,1091,322
15,BlueMart Store 15,1092,170
15,BlueMart Store 15,1093,352
15,BlueMart Store 15,1094,371
15,BlueMart Store 15,1095,148
15,BlueMart Store 15,1096,158
15,BlueMart Store 15,1097,194
15,BlueMart Store 15,1098,180
15,BlueMart Store 15,1099,282
15,BlueMart Store 15,1101,359
15,BlueMart Store 15,1102,213
15,BlueMart Store 15,1103,269
15,BlueMart Store 15,1104,391
15,BlueMart Store 15,1105,191
15,BlueMart Store 15,1106,209
15,BlueMart Store 15,1107,140
15,BlueMart Store 15,1108,282
15,BlueMart Store 15,1109,152
15,BlueMart Store 15,1110,190
15,BlueMart Store 15,1111,183
15,BlueMart Store 15,1112,246
15,BlueMart Store 15,1113,225
15,BlueMart Store 15,1114,105
15,BlueMart Store 15,1115,192
15,BlueMart Store 15,1116,123
15,BlueMart Store 15,1117,207
15,BlueMart Store 15,1118,218
15,BlueMart Store 15,1119,402
15,BlueMart Store 15,1120,173
15,BlueMart Store 15,1121,421
15,BlueMart Store 15,1122,138
15,BlueMart Store 15,1123,347
15,BlueMart Store 15,1124,324
15,BlueMart Store 15,1125,131
15,BlueMart Store 15,1126,131
15,BlueMart Store 15,1127,406
15,BlueMart Store 15,1128,416
15,BlueMart Store 15,1129,194
15,BlueMart Store 15,1130,357
15,BlueMart Store 15,1131,149
15,BlueMart Store 15,1132,226
15,BlueMart Store 15,1133,101
15,BlueMart Store 15,1135,106
15,BlueMart Store 15,1136,270
15,BlueMart Store 15,1137,287
15,BlueMart Store 15,1138,161
15,BlueMart Store 15,1139,277
15,BlueMart Store 15,1140,158
15,BlueMart Store 15,1141,330
15,BlueMart Store 15,1142,159
15,BlueMart Store 15,1143,316
15,BlueMart Store 15,1144,106
15,BlueMart Store 15,1145,232
15,BlueMart Store 15,1146,309
15,BlueMart Store 15,1147,238
15,BlueMart Store 15,1148,126
15,BlueMart Store 15,1150,164
15,BlueMart Store 15,1151,118
15,BlueMart Store 15,1152,122
15,BlueMart Store 15,1153,151
15,BlueMart Store 15,1154,209
15,BlueMart Store 15,1155,86
15,BlueMart Store 15,1156,150
15,BlueMart Store 15,1157,176
15,BlueMart Store 15,1159,208
15,BlueMart Store 15,1160,302
15,BlueMart Store 15,1161,97
15,BlueMart Store 15,1162,189
15,BlueMart Store 15,1163,93
15,BlueMart Store 15,1164,100
15,BlueMart Store 15,1165,199
15,BlueMart Store 15,1166,165
15,BlueMart Store 15,1167,185
15,BlueMart Store 15,1168,331
15,BlueMart Store 15,1169,195
15,BlueMart Store 15,1170,179
15,BlueMart Store 15,1171,151
15,BlueMart Store 15,1172,103
15,BlueMart Store 15,1173,124
15,BlueMart Store 15,1174,179
15,BlueMart Store 15,1175,202
15,BlueMart Store 15,1176,232
15,BlueMart Store 15,1177,349
15,BlueMart Store 15,1178,179
15,BlueMart Store 15,1179,151
15,BlueMart Store 15,1180,418
15,BlueMart Store 15,1181,284
15,BlueMart Store 15,1182,347
15,BlueMart Store 15,1184,349
15,BlueMart Store 15,1185,247
15,BlueMart Store 15,1186,236
15,BlueMart Store 15,1187,146
15,BlueMart Store 15,1188,355
15,BlueMart Store 15,1189,89
15,BlueMart Store 15,1190,269
15,BlueMart Store 15,1191,185
15,BlueMart Store 15,1192,165
15,BlueMart Store 15,1193,352
15,BlueMart Store 15,1194,133
15,BlueMart Store 15,1195,152
15,BlueMart Store 15,1196,172
15,BlueMart Store 15,1197,126
15,BlueMart Store 15,1198,154
15,BlueMart Store 15,1199,127
15,BlueMart Store 15,1200,325
16,BlueMart Store 16,1001,141
16,BlueMart Store 16,1002,166
16,BlueMart Store 16,1003,114
16,BlueMart Store 16,1004,290
16,BlueMart Store 16,1005,77
16,BlueMart Store 16,1006,268
16,BlueMart Store 16,1010,170
16,BlueMart Store 16,1011,94
16,BlueMart Store 16,1012,248
16,BlueMart Store 16,1014,91
16,BlueMart Store 16,1016,248
16,BlueMart Store 16,1018,111
16,BlueMart Store 16,1019,97
16,BlueMart Store 16,1020,266
16,BlueMart Store 16,1021,244
16,BlueMart Store 16,1022,72
16,BlueMart Store 16,1023,219
16,BlueMart Store 16,1025,168
16,BlueMart Store 16,1028,161
16,BlueMart Store 16,1029,270
16,BlueMart Store 16,1030,97
16,BlueMart Store 16,1031,158
16,BlueMart Store 16,1032,189
16,BlueMart Store 16,1033,196
16,BlueMart Store 16,1034,193
16,BlueMart Store 16,1036,89
16,BlueMart Store 16,1037,102
16,BlueMart Store 16,1038,57
16,BlueMart Store 16,1039,177
16,BlueMart Store 16,1040,53
16,BlueMart Store 16,1042,226
16,BlueMart Store 16,1043,139
16,BlueMart Store 16,1044,177
16,BlueMart Store 16,1046,102
16,BlueMart Store 16,1049,71
16,BlueMart Store 16,1050,223
16,BlueMart Store 16,1051,104
16,BlueMart Store 16,1052,208
16,BlueMart Store 16,1053,103
16,BlueMart Store 16,1054,140
16,BlueMart Store 16,1055,120
16,BlueMart Store 16,1057,135
16,BlueMart Store 16,1058,114
16,BlueMart Store 16,1059,116
16,BlueMart Store 16,1061,88
16,BlueMart Store 16,1063,247
16,BlueMart Store 16,1064,149
16,BlueMart Store 16,1065,91
16,BlueMart Store 16,1067,173
16,BlueMart Store 16,1069,267
16,BlueMart Store 16,1070,174
16,BlueMart Store 16,1071,327
16,BlueMart Store 16,1072,145
16,BlueMart Store 16,1073,82
16,BlueMart Store 16,1074,203
16,BlueMart Store 16,1075,250
16,BlueMart Store 16,1076,152
16,BlueMart Store 16,1077,125
16,BlueMart Store 16,1078,100
16,BlueMart Store 16,1079,172
16,BlueMart Store 16,1080,197
16,BlueMart Store 16,1081,226
16,BlueMart Store 16,1082,69
16,BlueMart Store 16,1083,103
16,BlueMart Store 16,1084,192
16,BlueMart Store 16,1087,127
16,BlueMart Store 16,1088,198
16,BlueMart Store 16,1090,195
16,BlueMart Store 16,1091,140
16,BlueMart Store 16,1092,133
16,BlueMart Store 16,1093,116
16,BlueMart Store 16,1095,163
16,BlueMart Store 16,1096,131
16,BlueMart Store 16,1097,146
16,BlueMart Store 16,1099,105
16,BlueMart Store 16,1100,105
16,BlueMart Store 16,1101,172
16,BlueMart Store 16,1102,267
16,BlueMart Store 16,1103,128
16,BlueMart Store 16,1104,258
16,BlueMart Store 16,1105,281
16,BlueMart Store 16,1106,183
16,BlueMart Store 16,1107,57
16,BlueMart Store 16,1108,180
16,BlueMart Store 16,1109,149
16,BlueMart Store 16,1110,200
16,BlueMart Store 16,1112,134
16,BlueMart Store 16,1113,153
16,BlueMart Store 16,1114,132
16,BlueMart Store 16,1118,178
16,BlueMart Store 16,1119,280
16,BlueMart Store 16,1120,299
16,BlueMart Store 16,1121,227
16,BlueMart Store 16,1123,172
16,BlueMart Store 16,1125,217
16,BlueMart Store 16,1126,279
16,BlueMart Store 16,1127,146
16,BlueMart Store 16,1129,85
16,BlueMart Store 16,1131,140
16,BlueMart Store 16,1133,97
16,BlueMart Store 16,1134,139
16,BlueMart Store 16,1136,157
16,BlueMart Store 16,1137,166
16,BlueMart Store 16,1138,168
16,BlueMart Store 16,1140,133
16,BlueMart Store 16,1141,106
16,BlueMart Store 16,1142,68
16,BlueMart Store 16,1143,144
16,BlueMart Store 16,1144,144
16,BlueMart Store 16,1146,195
16,BlueMart Store 16,1147,156
16,BlueMart Store 16,1148,145
16,BlueMart Store 16,1149,99
16,BlueMart Store 16,1150,129
16,BlueMart Store 16,1151,74
16,BlueMart Store 16,1154,86
16,BlueMart Store 16,1155,116
16,BlueMart Store 16,1156,98
16,BlueMart Store 16,1157,150
16,BlueMart Store 16,1158,224
16,BlueMart Store 16,1159,73
16,BlueMart Store 16,1161,109
16,BlueMart Store 16,1162,243
16,BlueMart Store 16,1163,118
16,BlueMart Store 16,1164,73
16,BlueMart Store 16,1166,224
16,BlueMart Store 16,1167,148
16,BlueMart Store 16,1168,172
16,BlueMart Store 16,1171,93
16,BlueMart Store 16,1173,89
16,BlueMart Store 16,1174,146
16,BlueMart Store 16,1175,86
16,BlueMart Store 16,1176,196
16,BlueMart Store 16,1177,236
16,BlueMart Store 16,1178,113
16,BlueMart Store 16,1179,73
16,BlueMart Store 16,1180,222
16,BlueMart Store 16,1181,176
16,BlueMart Store 16,1182,197
16,BlueMart Store 16,1184,200
16,BlueMart Store 16,1185,121
16,BlueMart Store 16,1186,123
16,BlueMart Store 16,1187,222
16,BlueMart Store 16,1188,216
16,BlueMart Store 16,1189,54
16,BlueMart Store 16,1190,207
16,BlueMart Store 16,1191,165
16,BlueMart Store 16,1193,176
16,BlueMart Store 16,1194,191
16,BlueMart Store 16,1195,238
16,BlueMart Store 16,1196,124
16,BlueMart Store 16,1197,69
16,BlueMart Store 16,1199,129
17,BlueMart Store 17,1001,145
17,BlueMart Store 17,1002,194
17,BlueMart Store 17,1003,219
17,BlueMart Store 17,1004,241
17,BlueMart Store 17,1005,113
17,BlueMart Store 17,1006,320
17,BlueMart Store 17,1007,216
17,BlueMart Store 17,1008,108
17,BlueMart Store 17,1009,89
17,BlueMart Store 17,1010,338
17,BlueMart Store 17,1011,277
17,BlueMart Store 17,1012,286
17,BlueMart Store 17,1013,165
17,BlueMart Store 17,1014,182
17,BlueMart Store 17,1015,205
17,BlueMart Store 17,1017,128
17,BlueMart Store 17,1018,223
17,BlueMart Store 17,1019,204
17,BlueMart Store 17,1020,291
17,BlueMart Store 17,1021,302
17,BlueMart Store 17,1022,117
17,BlueMart Store 17,1023,138
17,BlueMart Store 17,1024,195
17,BlueMart Store 17,1025,161
17,BlueMart Store 17,1026,184
17,BlueMart Store 17,1027,233
17,BlueMart Store 17,1028,268
17,BlueMart Store 17,1030,124
17,BlueMart Store 17,1031,162
17,BlueMart Store 17,1032,161
17,BlueMart Store 17,1033,221
17,BlueMart Store 17,1034,106
17,BlueMart Store 17,1035,71
17,BlueMart Store 17,1036,194
17,BlueMart Store 17,1037,154
17,BlueMart Store 17,1038,127
17,BlueMart Store 17,1040,150
17,BlueMart Store 17,1041,188
17,BlueMart Store 17,1042,241
17,BlueMart Store 17,1043,196
17,BlueMart Store 17,1044,323
17,BlueMart Store 17,1045,100
17,BlueMart Store 17,1046,228
17,BlueMart Store 17,1048,226
17,BlueMart Store 17,1049,142
17,BlueMart Store 17,1050,264
17,BlueMart Store 17,1051,133
17,BlueMart Store 17,1052,156
17,BlueMart Store 17,1053,286
17,BlueMart Store 17,1054,297
17,BlueMart Store 17,1055,157
17,BlueMart Store 17,1056,349
17,BlueMart Store 17,1057,308
17,BlueMart Store 17,1058,124
17,BlueMart Store 17,1059,71
17,BlueMart Store 17,1060,118
17,BlueMart Store 17,1062,201
17,BlueMart Store 17,1063,152
17,BlueMart Store 17,1065,89
17,BlueMart Store 17,1066,229
17,BlueMart Store 17,1067,446
17,BlueMart Store 17,1068,188
17,BlueMart Store 17,1070,184
17,BlueMart Store 17,1071,273
17,BlueMart Store 17,1072,150
17,BlueMart Store 17,1073,165
17,BlueMart Store 17,1074,257
17,BlueMart Store 17,1075,325
17,BlueMart Store 17,1076,147
17,BlueMart Store 17,1077,163
17,BlueMart Store 17,1078,105
17,BlueMart Store 17,1079,335
17,BlueMart Store 17,1081,315
17,BlueMart Store 17,1082,193
17,BlueMart Store 17,1084,126
17,BlueMart Store 17,1085,264
17,BlueMart Store 17,1086,296
17,BlueMart Store 17,1087,186
17,BlueMart Store 17,1088,223
17,BlueMart Store 17,1089,137
17,BlueMart Store 17,1090,299
17,BlueMart Store 17,1093,205
17,BlueMart Store 17,1094,175
17,BlueMart Store 17,1095,207
17,BlueMart Store 17,1096,181
17,BlueMart Store 17,1097,313
17,BlueMart Store 17,1098,123
17,BlueMart Store 17,1099,249
17,BlueMart Store 17,1100,154
17,BlueMart Store 17,1101,239
17,BlueMart Store 17,1102,232
17,BlueMart Store 17,1103,196
17,BlueMart Store 17,1104,151
17,BlueMart Store 17,1106,215
17,BlueMart Store 17,1107,174
17,BlueMart Store 17,1108,131
17,BlueMart Store 17,1109,184
17,BlueMart Store 17,1110,264
17,BlueMart Store 17,1111,239
17,BlueMart Store 17,1112,120
17,BlueMart Store 17,1113,220
17,BlueMart Store 17,1114,202
17,BlueMart Store 17,1115,133
17,BlueMart Store 17,1116,228
17,BlueMart Store 17,1117,169
17,BlueMart Store 17,1118,257
17,BlueMart Store 17,1120,417
17,BlueMart Store 17,1121,238
17,BlueMart Store 17,1122,203
17,BlueMart Store 17,1123,242
17,BlueMart Store 17,1124,194
17,BlueMart Store 17,1125,193
17,BlueMart Store 17,1126,342
17,BlueMart Store 17,1127,398
17,BlueMart Store 17,1128,401
17,BlueMart Store 17,1129,133
17,BlueMart Store 17,1130,128
17,BlueMart Store 17,1131,139
17,BlueMart Store 17,1132,289
17,BlueMart Store 17,1133,207
17,BlueMart Store 17,1134,231
17,BlueMart Store 17,1135,244
17,BlueMart Store 17,1136,289
17,BlueMart Store 17,1137,197
17,BlueMart Store 17,1139,204
17,BlueMart Store 17,1140,200
17,BlueMart Store 17,1141,302
17,BlueMart Store 17,1142,155
17,BlueMart Store 17,1143,196
17,BlueMart Store 17,1144,233
17,BlueMart Store 17,1145,183
17,BlueMart Store 17,1146,151
17,BlueMart Store 17,1147,303
17,BlueMart Store 17,1148,121
17,BlueMart Store 17,1149,86
17,BlueMart Store 17,1150,110
17,BlueMart Store 17,1151,189
17,BlueMart Store 17,1152,293
17,BlueMart Store 17,1154,157
17,BlueMart Store 17,1156,171
17,BlueMart Store 17,1157,171
17,BlueMart Store 17,1158,292
17,BlueMart Store 17,1159,127
17,BlueMart Store 17,1160,244
17,BlueMart Store 17,1161,73
17,BlueMart Store 17,1162,186
17,BlueMart Store 17,1163,190
17,BlueMart Store 17,1164,147
17,BlueMart Store 17,1165,278
17,BlueMart Store 17,1166,311
17,BlueMart Store 17,1167,168
17,BlueMart Store 17,1168,237
17,BlueMart Store 17,1169,295
17,BlueMart Store 17,1171,273
17,BlueMart Store 17,1173,147
17,BlueMart Store 17,1174,163
17,BlueMart Store 17,1175,259
17,BlueMart Store 17,1176,339
17,BlueMart Store 17,1177,333
17,BlueMart Store 17,1178,350
17,BlueMart Store 17,1179,155
17,BlueMart Store 17,1180,444
17,BlueMart Store 17,1181,296
17,BlueMart Store 17,1182,148
17,BlueMart Store 17,1183,163
17,BlueMart Store 17,1184,126
17,BlueMart Store 17,1185,273
17,BlueMart Store 17,1186,189
17,BlueMart Store 17,1187,241
17,BlueMart Store 17,1188,396
17,BlueMart Store 17,1189,79
17,BlueMart Store 17,1190,298
17,BlueMart Store 17,1191,165
17,BlueMart Store 17,1192,278
17,BlueMart Store 17,1194,301
17,BlueMart Store 17,1195,350
17,BlueMart Store 17,1196,402
17,BlueMart Store 17,1197,132
17,BlueMart Store 17,1198,258
17,BlueMart Store 17,1199,204
17,BlueMart Store 17,1200,304
19,BlueMart Store 19,1001,162
19,BlueMart Store 19,1002,144
19,BlueMart Store 19,1003,137
19,BlueMart Store 19,1004,358
19,BlueMart Store 19,1005,202
19,BlueMart Store 19,1006,145
19,BlueMart Store 19,1007,261
19,BlueMart Store 19,1008,179
19,BlueMart Store 19,1009,75
19,BlueMart Store 19,1010,268
19,BlueMart Store 19,1011,140
19,BlueMart Store 19,1012,334
19,BlueMart Store 19,1013,359
19,BlueMart Store 19,1015,156
19,BlueMart Store 19,1016,377
19,BlueMart Store 19,1017,239
19,BlueMart Store 19,1018,231
19,BlueMart Store 19,1019,87
19,BlueMart Store 19,1020,239
19,BlueMart Store 19,1021,242
19,BlueMart Store 19,1022,205
19,BlueMart Store 19,1023,179
19,BlueMart Store 19,1024,181
19,BlueMart Store 19,1025,157
19,BlueMart Store 19,1026,270
19,BlueMart Store 19,1027,218
19,BlueMart Store 19,1029,398
19,BlueMart Store 19,1030,183
19,BlueMart Store 19,1032,349
19,BlueMart Store 19,1033,218
19,BlueMart Store 19,1034,149
19,BlueMart Store 19,1035,79
19,BlueMart Store 19,1036,179
19,BlueMart Store 19,1037,105
19,BlueMart Store 19,1038,209
19,BlueMart Store 19,1039,387
19,BlueMart Store 19,1040,133
19,BlueMart Store 19,1041,234
19,BlueMart Store 19,1042,225
19,BlueMart Store 19,1043,110
19,BlueMart Store 19,1044,300
19,BlueMart Store 19,1046,167
19,BlueMart Store 19,1047,248
19,BlueMart Store 19,1048,213
19,BlueMart Store 19,1049,135
19,BlueMart Store 19,1050,335
19,BlueMart Store 19,1051,171
19,BlueMart Store 19,1052,129
19,BlueMart Store 19,1053,280
19,BlueMart Store 19,1054,338
19,BlueMart Store 19,1055,155
19,BlueMart Store 19,1056,144
19,BlueMart Store 19,1057,304
19,BlueMart Store 19,1058,190
19,BlueMart Store 19,1059,188
19,BlueMart Store 19,1060,207
19,BlueMart Store 19,1061,247
19,BlueMart Store 19,1062,197
19,BlueMart Store 19,1063,336
19,BlueMart Store 19,1064,240
19,BlueMart Store 19,1065,94
19,BlueMart Store 19,1066,170
19,BlueMart Store 19,1067,304
19,BlueMart Store 19,1069,185
19,BlueMart Store 19,1070,448
19,BlueMart Store 19,1071,220
19,BlueMart Store 19,1072,140
19,BlueMart Store 19,1073,189
19,BlueMart Store 19,1074,123
19,BlueMart Store 19,1075,142
19,BlueMart Store 19,1076,317
19,BlueMart Store 19,1077,239
19,BlueMart Store 19,1078,129
19,BlueMart Store 19,1079,299
19,BlueMart Store 19,1080,165
19,BlueMart Store 19,1081,189
19,BlueMart Store 19,1082,179
19,BlueMart Store 19,1083,278
19,BlueMart Store 19,1084,97
19,BlueMart Store 19,1085,137
19,BlueMart Store 19,1086,342
19,BlueMart Store 19,1087,271
19,BlueMart Store 19,1088,261
19,BlueMart Store 19,1089,138
19,BlueMart Store 19,1090,306
19,BlueMart Store 19,1091,219
19,BlueMart Store 19,1092,212
19,BlueMart Store 19,1093,334
19,BlueMart Store 19,1094,404
19,BlueMart Store 19,1095,358
19,BlueMart Store 19,1096,103
19,BlueMart Store 19,1097,296
19,BlueMart Store 19,1098,179
19,BlueMart Store 19,1099,157
19,BlueMart Store 19,1100,170
19,BlueMart Store 19,1101,184
19,BlueMart Store 19,1102,212
19,BlueMart Store 19,1103,329
19,BlueMart Store 19,1104,305
19,BlueMart Store 19,1105,302
19,BlueMart Store 19,1106,205
19,BlueMart Store 19,1108,318
19,BlueMart Store 19,1109,95
19,BlueMart Store 19,1110,189
19,BlueMart Store 19,1111,228
19,BlueMart Store 19,1112,125
19,BlueMart Store 19,1113,179
19,BlueMart Store 19,1114,189
19,BlueMart Store 19,1115,167
19,BlueMart Store 19,1116,129
19,BlueMart Store 19,1117,218
19,BlueMart Store 19,1118,130
19,BlueMart Store 19,1119,321
19,BlueMart Store 19,1120,449
19,BlueMart Store 19,1121,349
19,BlueMart Store 19,1122,136
19,BlueMart Store 19,1124,117
19,BlueMart Store 19,1125,155
19,BlueMart Store 19,1126,259
19,BlueMart Store 19,1127,410
19,BlueMart Store 19,1128,336
19,BlueMart Store 19,1129,145
19,BlueMart Store 19,1130,337
19,BlueMart Store 19,1131,255
19,BlueMart Store 19,1132,225
19,BlueMart Store 19,1133,176
19,BlueMart Store 19,1134,265
19,BlueMart Store 19,1135,163
19,BlueMart Store 19,1136,163
19,BlueMart Store 19,1137,242
19,BlueMart Store 19,1138,194
19,BlueMart Store 19,1139,240
19,BlueMart Store 19,1140,274
19,BlueMart Store 19,1141,206
19,BlueMart Store 19,1142,98
19,BlueMart Store 19,1143,161
19,BlueMart Store 19,1144,225
19,BlueMart Store 19,1145,233
19,BlueMart Store 19,1146,228
19,BlueMart Store 19,1147,315
19,BlueMart Store 19,1148,233
19,BlueMart Store 19,1149,112
19,BlueMart Store 19,1150,71
19,BlueMart Store 19,1151,92
19,BlueMart Store 19,1152,287
19,BlueMart Store 19,1154,137
19,BlueMart Store 19,1155,202
19,BlueMart Store 19,1156,134
19,BlueMart Store 19,1157,261
19,BlueMart Store 19,1158,204
19,BlueMart Store 19,1159,91
19,BlueMart Store 19,1160,190
19,BlueMart Store 19,1161,76
19,BlueMart Store 19,1162,298
19,BlueMart Store 19,1163,240
19,BlueMart Store 19,1164,150
19,BlueMart Store 19,1165,200
19,BlueMart Store 19,1166,319
19,BlueMart Store 19,1167,302
19,BlueMart Store 19,1168,151
19,BlueMart Store 19,1169,136
19,BlueMart Store 19,1170,237
19,BlueMart Store 19,1171,280
19,BlueMart Store 19,1172,193
19,BlueMart Store 19,1173,123
19,BlueMart Store 19,1174,82
19,BlueMart Store 19,1175,251
19,BlueMart Store 19,1176,219
19,BlueMart Store 19,1177,328
19,BlueMart Store 19,1178,196
19,BlueMart Store 19,1179,168
19,BlueMart Store 19,1180,236
19,BlueMart Store 19,1181,228
19,BlueMart Store 19,1183,166
19,BlueMart Store 19,1184,135
19,BlueMart Store 19,1185,256
19,BlueMart Store 19,1187,246
19,BlueMart Store 19,1188,306
19,BlueMart Store 19,1189,105
19,BlueMart Store 19,1190,280
19,BlueMart Store 19,1191,234
19,BlueMart Store 19,1194,237
19,BlueMart Store 19,1195,273
19,BlueMart Store 19,1196,364
19,BlueMart Store 19,1197,182
19,BlueMart Store 19,1199,121
19,BlueMart Store 19,1200,354
20,BlueMart Store 20,1002,153
20,BlueMart Store 20,1005,128
20,BlueMart Store 20,1006,94
20,BlueMart Store 20,1007,110
20,BlueMart Store 20,1008,86
20,BlueMart Store 20,1009,104
20,BlueMart Store 20,1010,102
20,BlueMart Store 20,1011,82
20,BlueMart Store 20,1012,66
20,BlueMart Store 20,1013,168
20,BlueMart Store 20,1014,67
20,BlueMart Store 20,1015,126
20,BlueMart Store 20,1016,81
20,BlueMart Store 20,1017,75
20,BlueMart Store 20,1018,84
20,BlueMart Store 20,1019,56
20,BlueMart Store 20,1020,103
20,BlueMart Store 20,1021,112
20,BlueMart Store 20,1024,174
20,BlueMart Store 20,1025,79
20,BlueMart Store 20,1027,168
20,BlueMart Store 20,1028,54
20,BlueMart Store 20,1029,207
20,BlueMart Store 20,1030,138
20,BlueMart Store 20,1031,83
20,BlueMart Store 20,1032,98
20,BlueMart Store 20,1033,63
20,BlueMart Store 20,1034,126
20,BlueMart Store 20,1035,50
20,BlueMart Store 20,1036,47
20,BlueMart Store 20,1037,93
20,BlueMart Store 20,1038,62
20,BlueMart Store 20,1039,119
20,BlueMart Store 20,1040,88
20,BlueMart Store 20,1041,175
20,BlueMart Store 20,1042,142
20,BlueMart Store 20,1043,98
20,BlueMart Store 20,1044,123
20,BlueMart Store 20,1045,102
20,BlueMart Store 20,1046,45
20,BlueMart Store 20,1047,106
20,BlueMart Store 20,1048,167
20,BlueMart Store 20,1049,75
20,BlueMart Store 20,1050,71
20,BlueMart Store 20,1051,59
20,BlueMart Store 20,1052,169
20,BlueMart Store 20,1053,66
20,BlueMart Store 20,1054,67
20,BlueMart Store 20,1055,56
20,BlueMart Store 20,1056,97
20,BlueMart Store 20,1058,120
20,BlueMart Store 20,1059,61
20,BlueMart Store 20,1060,71
20,BlueMart Store 20,1061,117
20,BlueMart Store 20,1062,72
20,BlueMart Store 20,1063,103
20,BlueMart Store 20,1064,160
20,BlueMart Store 20,1065,92
20,BlueMart Store 20,1066,74
20,BlueMart Store 20,1067,220
20,BlueMart Store 20,1069,130
20,BlueMart Store 20,1070,110
20,BlueMart Store 20,1071,96
20,BlueMart Store 20,1072,45
20,BlueMart Store 20,1073,93
20,BlueMart Store 20,1075,123
20,BlueMart Store 20,1078,36
20,BlueMart Store 20,1079,137
20,BlueMart Store 20,1080,95
20,BlueMart Store 20,1081,160
20,BlueMart Store 20,1082,52
20,BlueMart Store 20,1083,59
20,BlueMart Store 20,1084,77
20,BlueMart Store 20,1085,131
20,BlueMart Store 20,1086,222
20,BlueMart Store 20,1087,139
20,BlueMart Store 20,1090,94
20,BlueMart Store 20,1091,145
20,BlueMart Store 20,1092,127
20,BlueMart Store 20,1095,139
20,BlueMart Store 20,1096,94
20,BlueMart Store 20,1097,83
20,BlueMart Store 20,1098,46
20,BlueMart Store 20,1099,149
20,BlueMart Store 20,1100,57
20,BlueMart Store 20,1101,65
20,BlueMart Store 20,1102,142
20,BlueMart Store 20,1103,55
20,BlueMart Store 20,1105,103
20,BlueMart Store 20,1106,112
20,BlueMart Store 20,1107,68
20,BlueMart Store 20,1109,45
20,BlueMart Store 20,1111,174
20,BlueMart Store 20,1112,102
20,BlueMart Store 20,1113,148
20,BlueMart Store 20,1115,47
20,BlueMart Store 20,1116,120
20,BlueMart Store 20,1117,159
20,BlueMart Store 20,1118,115
20,BlueMart Store 20,1119,203
20,BlueMart Store 20,1120,193
20,BlueMart Store 20,1121,174
20,BlueMart Store 20,1122,123
20,BlueMart Store 20,1123,81
20,BlueMart Store 20,1124,129
20,BlueMart Store 20,1126,163
20,BlueMart Store 20,1127,102
20,BlueMart Store 20,1128,92
20,BlueMart Store 20,1129,91
20,BlueMart Store 20,1130,66
20,BlueMart Store 20,1132,120
20,BlueMart Store 20,1135,79
20,BlueMart Store 20,1136,133
20,BlueMart Store 20,1137,138
20,BlueMart Store 20,1138,53
20,BlueMart Store 20,1139,76
20,BlueMart Store 20,1140,64
20,BlueMart Store 20,1142,85
20,BlueMart Store 20,1143,141
20,BlueMart Store 20,1144,129
20,BlueMart Store 20,1145,82
20,BlueMart Store 20,1148,78
20,BlueMart Store 20,1149,71
20,BlueMart Store 20,1150,83
20,BlueMart Store 20,1151,83
20,BlueMart Store 20,1152,93
20,BlueMart Store 20,1153,50
20,BlueMart Store 20,1154,119
20,BlueMart Store 20,1155,46
20,BlueMart Store 20,1156,129
20,BlueMart Store 20,1158,165
20,BlueMart Store 20,1159,51
20,BlueMart Store 20,1160,89
20,BlueMart Store 20,1161,56
20,BlueMart Store 20,1163,119
20,BlueMart Store 20,1164,75
20,BlueMart Store 20,1165,78
20,BlueMart Store 20,1166,191
20,BlueMart Store 20,1168,81
20,BlueMart Store 20,1169,158
20,BlueMart Store 20,1170,85
20,BlueMart Store 20,1172,72
20,BlueMart Store 20,1173,58
20,BlueMart Store 20,1174,84
20,BlueMart Store 20,1175,81
20,BlueMart Store 20,1176,150
20,BlueMart Store 20,1177,142
20,BlueMart Store 20,1179,120
20,BlueMart Store 20,1180,129
20,BlueMart Store 20,1182,106
20,BlueMart Store 20,1184,131
20,BlueMart Store 20,1185,95
20,BlueMart Store 20,1186,67
20,BlueMart Store 20,1188,84
20,BlueMart Store 20,1189,83
20,BlueMart Store 20,1190,61
20,BlueMart Store 20,1191,148
20,BlueMart Store 20,1194,59
20,BlueMart Store 20,1195,135
20,BlueMart Store 20,1196,134
20,BlueMart Store 20,1198,75
20,BlueMart Store 20,1199,72
20,BlueMart Store 20,1200,192
22,BlueMart Store 22,1001,117
22,BlueMart Store 22,1002,141
22,BlueMart Store 22,1003,192
22,BlueMart Store 22,1004,223
22,BlueMart Store 22,1005,209
22,BlueMart Store 22,1006,336
22,BlueMart Store 22,1007,157
22,BlueMart Store 22,1008,287
22,BlueMart Store 22,1009,124
22,BlueMart Store 22,1010,259
22,BlueMart Store 22,1011,248
22,BlueMart Store 22,1012,282
22,BlueMart Store 22,1013,289
22,BlueMart Store 22,1014,268
22,BlueMart Store 22,1015,323
22,BlueMart Store 22,1016,167
22,BlueMart Store 22,1018,125
22,BlueMart Store 22,1019,92
22,BlueMart Store 22,1020,250
22,BlueMart Store 22,1021,376
22,BlueMart Store 22,1022,155
22,BlueMart Store 22,1023,241
22,BlueMart Store 22,1025,192
22,BlueMart Store 22,1026,164
22,BlueMart Store 22,1027,192
22,BlueMart Store 22,1028,213
22,BlueMart Store 22,1030,221
22,BlueMart Store 22,1031,199
22,BlueMart Store 22,1032,356
22,BlueMart Store 22,1033,120
22,BlueMart Store 22,1035,182
22,BlueMart Store 22,1040,143
22,BlueMart Store 22,1042,271
22,BlueMart Store 22,1043,119
22,BlueMart Store 22,1045,170
22,BlueMart Store 22,1046,261
22,BlueMart Store 22,1047,180
22,BlueMart Store 22,1048,279
22,BlueMart Store 22,1049,178
22,BlueMart Store 22,1050,251
22,BlueMart Store 22,1051,163
22,BlueMart Store 22,1052,356
22,BlueMart Store 22,1054,260
22,BlueMart Store 22,1056,353
22,BlueMart Store 22,1057,351
22,BlueMart Store 22,1058,250
22,BlueMart Store 22,1059,206
22,BlueMart Store 22,1061,299
22,BlueMart Store 22,1062,273
22,BlueMart Store 22,1063,141
22,BlueMart Store 22,1064,242
22,BlueMart Store 22,1065,141
22,BlueMart Store 22,1066,219
22,BlueMart Store 22,1067,154
22,BlueMart Store 22,1068,187
22,BlueMart Store 22,1069,431
22,BlueMart Store 22,1070,343
22,BlueMart Store 22,1071,415
22,BlueMart Store 22,1072,199
22,BlueMart Store 22,1073,112
22,BlueMart Store 22,1074,138
22,BlueMart Store 22,1075,349
22,BlueMart Store 22,1077,244
22,BlueMart Store 22,1078,192
22,BlueMart Store 22,1080,238
22,BlueMart Store 22,1082,213
22,BlueMart Store 22,1083,235
22,BlueMart Store 22,1084,123
22,BlueMart Store 22,1085,278
22,BlueMart Store 22,1086,208
22,BlueMart Store 22,1088,254
22,BlueMart Store 22,1089,129
22,BlueMart Store 22,1090,142
22,BlueMart Store 22,1091,248
22,BlueMart Store 22,1092,249
22,BlueMart Store 22,1093,311
22,BlueMart Store 22,1094,211
22,BlueMart Store 22,1095,326
22,BlueMart Store 22,1096,163
22,BlueMart Store 22,1097,205
22,BlueMart Store 22,1098,190
22,BlueMart Store 22,1099,113
22,BlueMart Store 22,1100,104
22,BlueMart Store 22,1101,232
22,BlueMart Store 22,1102,257
22,BlueMart Store 22,1103,151
22,BlueMart Store 22,1104,280
22,BlueMart Store 22,1105,168
22,BlueMart Store 22,1106,159
22,BlueMart Store 22,1108,282
22,BlueMart Store 22,1109,157
22,BlueMart Store 22,1110,371
22,BlueMart Store 22,1111,231
22,BlueMart Store 22,1112,186
22,BlueMart Store 22,1113,316
22,BlueMart Store 22,1114,155
22,BlueMart Store 22,1115,116
22,BlueMart Store 22,1116,285
22,BlueMart Store 22,1117,319
22,BlueMart Store 22,1118,251
22,BlueMart Store 22,1119,265
22,BlueMart Store 22,1120,313
22,BlueMart Store 22,1121,437
22,BlueMart Store 22,1123,242
22,BlueMart Store 22,1124,132
22,BlueMart Store 22,1125,233
22,BlueMart Store 22,1127,382
22,BlueMart Store 22,1128,447
22,BlueMart Store 22,1129,204
22,BlueMart Store 22,1130,220
22,BlueMart Store 22,1131,155
22,BlueMart Store 22,1132,123
22,BlueMart Store 22,1133,108
22,BlueMart Store 22,1134,179
22,BlueMart Store 22,1135,260
22,BlueMart Store 22,1137,261
22,BlueMart Store 22,1139,256
22,BlueMart Store 22,1140,140
22,BlueMart Store 22,1141,240
22,BlueMart Store 22,1142,186
22,BlueMart Store 22,1143,112
22,BlueMart Store 22,1144,155
22,BlueMart Store 22,1145,207
22,BlueMart Store 22,1146,165
22,BlueMart Store 22,1147,157
22,BlueMart Store 22,1148,267
22,BlueMart Store 22,1150,201
22,BlueMart Store 22,1151,197
22,BlueMart Store 22,1152,147
22,BlueMart Store 22,1153,203
22,BlueMart Store 22,1156,147
22,BlueMart Store 22,1158,135
22,BlueMart Store 22,1160,143
22,BlueMart Store 22,1161,176
22,BlueMart Store 22,1162,293
22,BlueMart Store 22,1163,114
22,BlueMart Store 22,1164,114
22,BlueMart Store 22,1165,270
22,BlueMart Store 22,1166,396
22,BlueMart Store 22,1167,404
22,BlueMart Store 22,1168,222
22,BlueMart Store 22,1170,173
22,BlueMart Store 22,1171,263
22,BlueMart Store 22,1173,164
22,BlueMart Store 22,1174,165
22,BlueMart Store 22,1176,126
22,BlueMart Store 22,1177,216
22,BlueMart Store 22,1178,354
22,BlueMart Store 22,1179,182
22,BlueMart Store 22,1180,293
22,BlueMart Store 22,1181,178
22,BlueMart Store 22,1182,353
22,BlueMart Store 22,1183,84
22,BlueMart Store 22,1184,154
22,BlueMart Store 22,1185,241
22,BlueMart Store 22,1188,281
22,BlueMart Store 22,1189,206
22,BlueMart Store 22,1190,201
22,BlueMart Store 22,1191,274
22,BlueMart Store 22,1192,128
22,BlueMart Store 22,1193,264
22,BlueMart Store 22,1194,228
22,BlueMart Store 22,1195,271
22,BlueMart Store 22,1196,259
22,BlueMart Store 22,1197,108
22,BlueMart Store 22,1198,224
22,BlueMart Store 22,1199,191
23,BlueMart Store 23,1001,145
23,BlueMart Store 23,1002,148
23,BlueMart Store 23,1003,261
23,BlueMart Store 23,1004,318
23,BlueMart Store 23,1005,261
23,BlueMart Store 23,1006,137
23,BlueMart Store 23,1007,202
23,BlueMart Store 23,1008,291
23,BlueMart Store 23,1009,131
23,BlueMart Store 23,1010,351
23,BlueMart Store 23,1011,112
23,BlueMart Store 23,1012,142
23,BlueMart Store 23,1013,353
23,BlueMart Store 23,1014,272
23,BlueMart Store 23,1015,136
23,BlueMart Store 23,1016,202
23,BlueMart Store 23,1017,144
23,BlueMart Store 23,1018,275
23,BlueMart Store 23,1019,102
23,BlueMart Store 23,1020,277
23,BlueMart Store 23,1021,303
23,BlueMart Store 23,1022,148
23,BlueMart Store 23,1024,399
23,BlueMart Store 23,1025,103
23,BlueMart Store 23,1026,208
23,BlueMart Store 23,1027,248
23,BlueMart Store 23,1028,146
23,BlueMart Store 23,1030,304
23,BlueMart Store 23,1031,149
23,BlueMart Store 23,1032,178
23,BlueMart Store 23,1033,125
23,BlueMart Store 23,1034,193
23,BlueMart Store 23,1035,110
23,BlueMart Store 23,1036,126
23,BlueMart Store 23,1037,104
23,BlueMart Store 23,1038,123
23,BlueMart Store 23,1039,161
23,BlueMart Store 23,1040,205
23,BlueMart Store 23,1041,267
23,BlueMart Store 23,1042,341
23,BlueMart Store 23,1043,182
23,BlueMart Store 23,1044,255
23,BlueMart Store 23,1045,168
23,BlueMart Store 23,1046,128
23,BlueMart Store 23,1047,104
23,BlueMart Store 23,1048,253
23,BlueMart Store 23,1049,155
23,BlueMart Store 23,1050,216
23,BlueMart Store 23,1051,94
23,BlueMart Store 23,1052,275
23,BlueMart Store 23,1053,196
23,BlueMart Store 23,1055,115
23,BlueMart Store 23,1056,141
23,BlueMart Store 23,1057,153
23,BlueMart Store 23,1058,263
23,BlueMart Store 23,1059,193
23,BlueMart Store 23,1060,124
23,BlueMart Store 23,1061,200
23,BlueMart Store 23,1064,154
23,BlueMart Store 23,1065,205
23,BlueMart Store 23,1066,150
23,BlueMart Store 23,1067,359
23,BlueMart Store 23,1069,218
23,BlueMart Store 23,1070,172
23,BlueMart Store 23,1071,444
23,BlueMart Store 23,1072,85
23,BlueMart Store 23,1073,92
23,BlueMart Store 23,1074,297
23,BlueMart Store 23,1075,273
23,BlueMart Store 23,1076,308
23,BlueMart Store 23,1077,141
23,BlueMart Store 23,1078,176
23,BlueMart Store 23,1079,150
23,BlueMart Store 23,1081,245
23,BlueMart Store 23,1082,189
23,BlueMart Store 23,1083,153
23,BlueMart Store 23,1085,202
23,BlueMart Store 23,1086,277
23,BlueMart Store 23,1087,295
23,BlueMart Store 23,1089,183
23,BlueMart Store 23,1090,265
23,BlueMart Store 23,1091,213
23,BlueMart Store 23,1093,266
23,BlueMart Store 23,1094,326
23,BlueMart Store 23,1095,224
23,BlueMart Store 23,1096,170
23,BlueMart Store 23,1097,271
23,BlueMart Store 23,1098,144
23,BlueMart Store 23,1099,259
23,BlueMart Store 23,1100,100
23,BlueMart Store 23,1101,268
23,BlueMart Store 23,1102,351
23,BlueMart Store 23,1104,303
23,BlueMart Store 23,1105,235
23,BlueMart Store 23,1106,263
23,BlueMart Store 23,1107,121
23,BlueMart Store 23,1108,192
23,BlueMart Store 23,1109,201
23,BlueMart Store 23,1110,332
23,BlueMart Store 23,1111,220
23,BlueMart Store 23,1113,158
23,BlueMart Store 23,1114,161
23,BlueMart Store 23,1116,125
23,BlueMart Store 23,1117,165
23,BlueMart Store 23,1118,311
23,BlueMart Store 23,1119,365
23,BlueMart Store 23,1120,387
23,BlueMart Store 23,1121,195
23,BlueMart Store 23,1122,225
23,BlueMart Store 23,1124,183
23,BlueMart Store 23,1125,154
23,BlueMart Store 23,1126,365
23,BlueMart Store 23,1127,352
23,BlueMart Store 23,1129,187
23,BlueMart Store 23,1131,244
23,BlueMart Store 23,1132,252
23,BlueMart Store 23,1133,101
23,BlueMart Store 23,1134,206
23,BlueMart Store 23,1137,158
23,BlueMart Store 23,1139,116
23,BlueMart Store 23,1140,299
23,BlueMart Store 23,1141,292
23,BlueMart Store 23,1142,79
23,BlueMart Store 23,1144,246
23,BlueMart Store 23,1145,193
23,BlueMart Store 23,1147,173
23,BlueMart Store 23,1151,167
23,BlueMart Store 23,1153,133
23,BlueMart Store 23,1154,134
23,BlueMart Store 23,1155,97
23,BlueMart Store 23,1157,111
23,BlueMart Store 23,1159,146
23,BlueMart Store 23,1160,303
23,BlueMart Store 23,1161,82
23,BlueMart Store 23,1163,123
23,BlueMart Store 23,1164,157
23,BlueMart Store 23,1165,212
23,BlueMart Store 23,1166,427
23,BlueMart Store 23,1167,206
23,BlueMart Store 23,1168,325
23,BlueMart Store 23,1169,174
23,BlueMart Store 23,1170,258
23,BlueMart Store 23,1172,93
23,BlueMart Store 23,1173,103
23,BlueMart Store 23,1176,291
23,BlueMart Store 23,1177,311
23,BlueMart Store 23,1178,199
23,BlueMart Store 23,1179,90
23,BlueMart Store 23,1180,280
23,BlueMart Store 23,1181,141
23,BlueMart Store 23,1183,143
23,BlueMart Store 23,1184,182
23,BlueMart Store 23,1185,132
23,BlueMart Store 23,1187,263
23,BlueMart Store 23,1188,405
23,BlueMart Store 23,1189,122
23,BlueMart Store 23,1190,256
23,BlueMart Store 23,1191,263
23,BlueMart Store 23,1193,313
23,BlueMart Store 23,1194,160
23,BlueMart Store 23,1195,251
23,BlueMart Store 23,1196,263
23,BlueMart Store 23,1197,207
23,BlueMart Store 23,1198,155
23,BlueMart Store 23,1199,102
23,BlueMart Store 23,1200,336
24,BlueMart Store 24,1001,82
24,BlueMart Store 24,1002,164
24,BlueMart Store 24,1003,110
24,BlueMart Store 24,1004,95
24,BlueMart Store 24,1005,132
24,BlueMart Store 24,1007,109
24,BlueMart Store 24,1008,89
24,BlueMart Store 24,1009,56
24,BlueMart Store 24,1010,194
24,BlueMart Store 24,1011,50
24,BlueMart Store 24,1012,162
24,BlueMart Store 24,1013,167
24,BlueMart Store 24,1014,144
24,BlueMart Store 24,1015,81
24,BlueMart Store 24,1016,111
24,BlueMart Store 24,1017,108
24,BlueMart Store 24,1018,99
24,BlueMart Store 24,1019,85
24,BlueMart Store 24,1020,71
24,BlueMart Store 24,1021,78
24,BlueMart Store 24,1022,79
24,BlueMart Store 24,1023,75
24,BlueMart Store 24,1024,203
24,BlueMart Store 24,1025,98
24,BlueMart Store 24,1026,74
24,BlueMart Store 24,1028,91
24,BlueMart Store 24,1029,158
24,BlueMart Store 24,1030,61
24,BlueMart Store 24,1031,171
24,BlueMart Store 24,1032,174
24,BlueMart Store 24,1033,112
24,BlueMart Store 24,1034,130
24,BlueMart Store 24,1035,102
24,BlueMart Store 24,1036,68
24,BlueMart Store 24,1037,98
24,BlueMart Store 24,1038,59
24,BlueMart Store 24,1039,182
24,BlueMart Store 24,1040,45
24,BlueMart Store 24,1041,112
24,BlueMart Store 24,1042,151
24,BlueMart Store 24,1043,95
24,BlueMart Store 24,1044,124
24,BlueMart Store 24,1045,63
24,BlueMart Store 24,1046,132
24,BlueMart Store 24,1047,45
24,BlueMart Store 24,1048,96
24,BlueMart Store 24,1049,87
24,BlueMart Store 24,1050,172
24,BlueMart Store 24,1051,50
24,BlueMart Store 24,1052,170
24,BlueMart Store 24,1053,117
24,BlueMart Store 24,1054,177
24,BlueMart Store 24,1055,65
24,BlueMart Store 24,1056,143
24,BlueMart Store 24,1057,118
24,BlueMart Store 24,1058,95
24,BlueMart Store 24,1059,85
24,BlueMart Store 24,1060,127
24,BlueMart Store 24,1061,112
24,BlueMart Store 24,1062,58
24,BlueMart Store 24,1063,78
24,BlueMart Store 24,1064,135
24,BlueMart Store 24,1065,71
24,BlueMart Store 24,1066,102
24,BlueMart Store 24,1067,185
24,BlueMart Store 24,1068,59
24,BlueMart Store 24,1069,97
24,BlueMart Store 24,1070,151
24,BlueMart Store 24,1071,109
24,BlueMart Store 24,1072,46
24,BlueMart Store 24,1073,65
24,BlueMart Store 24,1074,104
24,BlueMart Store 24,1075,95
24,BlueMart Store 24,1076,154
24,BlueMart Store 24,1077,78
24,BlueMart Store 24,1079,89
24,BlueMart Store 24,1080,141
24,BlueMart Store 24,1081,166
24,BlueMart Store 24,1082,82
24,BlueMart Store 24,1083,123
24,BlueMart Store 24,1084,48
24,BlueMart Store 24,1085,63
24,BlueMart Store 24,1086,109
24,BlueMart Store 24,1087,143
24,BlueMart Store 24,1088,86
24,BlueMart Store 24,1089,84
24,BlueMart Store 24,1090,58
24,BlueMart Store 24,1091,124
24,BlueMart Store 24,1092,125
24,BlueMart Store 24,1093,151
24,BlueMart Store 24,1094,220
24,BlueMart Store 24,1095,125
24,BlueMart Store 24,1097,136
24,BlueMart Store 24,1098,71
24,BlueMart Store 24,1099,56
24,BlueMart Store 24,1100,39
24,BlueMart Store 24,1101,119
24,BlueMart Store 24,1102,92
24,BlueMart Store 24,1103,112
24,BlueMart Store 24,1104,78
24,BlueMart Store 24,1105,132
24,BlueMart Store 24,1106,165
24,BlueMart Store 24,1107,99
24,BlueMart Store 24,1108,128
24,BlueMart Store 24,1109,80
24,BlueMart Store 24,1110,85
24,BlueMart Store 24,1111,149
24,BlueMart Store 24,1112,45
24,BlueMart Store 24,1113,139
24,BlueMart Store 24,1114,40
24,BlueMart Store 24,1115,108
24,BlueMart Store 24,1116,94
24,BlueMart Store 24,1117,94
24,BlueMart Store 24,1118,132
24,BlueMart Store 24,1119,189
24,BlueMart Store 24,1120,217
24,BlueMart Store 24,1121,175
24,BlueMart Store 24,1122,125
24,BlueMart Store 24,1123,132
24,BlueMart Store 24,1124,113
24,BlueMart Store 24,1125,76
24,BlueMart Store 24,1126,161
24,BlueMart Store 24,1127,118
24,BlueMart Store 24,1128,219
24,BlueMart Store 24,1129,79
24,BlueMart Store 24,1130,68
24,BlueMart Store 24,1131,167
24,BlueMart Store 24,1132,103
24,BlueMart Store 24,1133,46
24,BlueMart Store 24,1134,56
24,BlueMart Store 24,1135,49
24,BlueMart Store 24,1136,110
24,BlueMart Store 24,1137,67
24,BlueMart Store 24,1138,96
24,BlueMart Store 24,1140,89
24,BlueMart Store 24,1141,99
24,BlueMart Store 24,1142,83
24,BlueMart Store 24,1143,67
24,BlueMart Store 24,1144,76
24,BlueMart Store 24,1145,73
24,BlueMart Store 24,1146,148
24,BlueMart Store 24,1147,81
24,BlueMart Store 24,1148,81
24,BlueMart Store 24,1149,78
24,BlueMart Store 24,1150,83
24,BlueMart Store 24,1151,35
24,BlueMart Store 24,1152,63
24,BlueMart Store 24,1153,51
24,BlueMart Store 24,1154,73
24,BlueMart Store 24,1155,85
24,BlueMart Store 24,1156,54
24,BlueMart Store 24,1157,57
24,BlueMart Store 24,1158,141
24,BlueMart Store 24,1159,96
24,BlueMart Store 24,1160,165
24,BlueMart Store 24,1161,90
24,BlueMart Store 24,1162,143
24,BlueMart Store 24,1164,45
24,BlueMart Store 24,1165,61
24,BlueMart Store 24,1166,111
24,BlueMart Store 24,1167,221
24,BlueMart Store 24,1169,180
24,BlueMart Store 24,1170,65
24,BlueMart Store 24,1171,115
24,BlueMart Store 24,1172,46
24,BlueMart Store 24,1173,101
24,BlueMart Store 24,1174,93
24,BlueMart Store 24,1175,103
24,BlueMart Store 24,1176,79
24,BlueMart Store 24,1177,174
24,BlueMart Store 24,1178,104
24,BlueMart Store 24,1179,79
24,BlueMart Store 24,1180,142
24,BlueMart Store 24,1181,149
24,BlueMart Store 24,1182,176
24,BlueMart Store 24,1183,45
24,BlueMart Store 24,1184,155
24,BlueMart Store 24,1185,118
24,BlueMart Store 24,1186,104
24,BlueMart Store 24,1187,103
24,BlueMart Store 24,1188,204
24,BlueMart Store 24,1189,70
24,BlueMart Store 24,1190,143
24,BlueMart Store 24,1191,73
24,BlueMart Store 24,1192,120
24,BlueMart Store 24,1193,84
24,BlueMart Store 24,1194,131
24,BlueMart Store 24,1195,100
24,BlueMart Store 24,1196,117
24,BlueMart Store 24,1197,89
24,BlueMart Store 24,1198,149
24,BlueMart Store 24,1199,47
24,BlueMart Store 24,1200,169
25,BlueMart Store 25,1001,71
25,BlueMart Store 25,1002,91
25,BlueMart Store 25,1003,150
25,BlueMart Store 25,1004,268
25,BlueMart Store 25,1005,67
25,BlueMart Store 25,1006,113
25,BlueMart Store 25,1007,117
25,BlueMart Store 25,1008,138
25,BlueMart Store 25,1009,114
25,BlueMart Store 25,1010,305
25,BlueMart Store 25,1011,224
25,BlueMart Store 25,1012,138
25,BlueMart Store 25,1013,315
25,BlueMart Store 25,1014,240
25,BlueMart Store 25,1015,204
25,BlueMart Store 25,1016,318
25,BlueMart Store 25,1017,105
25,BlueMart Store 25,1018,92
25,BlueMart Store 25,1019,122
25,BlueMart Store 25,1020,199
25,BlueMart Store 25,1021,229
25,BlueMart Store 25,1022,80
25,BlueMart Store 25,1023,186
25,BlueMart Store 25,1024,272
25,BlueMart Store 25,1025,78
25,BlueMart Store 25,1026,169
25,BlueMart Store 25,1027,175
25,BlueMart Store 25,1028,162
25,BlueMart Store 25,1030,125
25,BlueMart Store 25,1031,242
25,BlueMart Store 25,1032,107
25,BlueMart Store 25,1033,151
25,BlueMart Store 25,1034,165
25,BlueMart Store 25,1035,99
25,BlueMart Store 25,1036,104
25,BlueMart Store 25,1037,84
25,BlueMart Store 25,1038,87
25,BlueMart Store 25,1039,219
25,BlueMart Store 25,1040,157
25,BlueMart Store 25,1041,255
25,BlueMart Store 25,1042,140
25,BlueMart Store 25,1043,71
25,BlueMart Store 25,1044,163
25,BlueMart Store 25,1045,62
25,BlueMart Store 25,1046,183
25,BlueMart Store 25,1047,107
25,BlueMart Store 25,1048,191
25,BlueMart Store 25,1049,112
25,BlueMart Store 25,1050,170
25,BlueMart Store 25,1051,77
25,BlueMart Store 25,1052,193
25,BlueMart Store 25,1053,188
25,BlueMart Store 25,1054,210
25,BlueMart Store 25,1055,144
25,BlueMart Store 25,1056,256
25,BlueMart Store 25,1057,108
25,BlueMart Store 25,1058,203
25,BlueMart Store 25,1059,122
25,BlueMart Store 25,1060,138
25,BlueMart Store 25,1061,78
25,BlueMart Store 25,1062,192
25,BlueMart Store 25,1063,210
25,BlueMart Store 25,1064,230
25,BlueMart Store 25,1065,87
25,BlueMart Store 25,1066,97
25,BlueMart Store 25,1067,240
25,BlueMart Store 25,1068,73
25,BlueMart Store 25,1069,242
25,BlueMart Store 25,1070,293
25,BlueMart Store 25,1071,274
25,BlueMart Store 25,1072,72
25,BlueMart Store 25,1074,224
25,BlueMart Store 25,1075,171
25,BlueMart Store 25,1076,169
25,BlueMart Store 25,1077,79
25,BlueMart Store 25,1078,138
25,BlueMart Store 25,1079,278
25,BlueMart Store 25,1080,116
25,BlueMart Store 25,1081,166
25,BlueMart Store 25,1082,190
25,BlueMart Store 25,1084,85
25,BlueMart Store 25,1085,220
25,BlueMart Store 25,1086,159
25,BlueMart Store 25,1087,258
25,BlueMart Store 25,1088,119
25,BlueMart Store 25,1089,74
25,BlueMart Store 25,1090,94
25,BlueMart Store 25,1091,168
25,BlueMart Store 25,1092,156
25,BlueMart Store 25,1093,153
25,BlueMart Store 25,1094,136
25,BlueMart Store 25,1095,132
25,BlueMart Store 25,1096,124
25,BlueMart Store 25,1097,196
25,BlueMart Store 25,1098,106
25,BlueMart Store 25,1099,199
25,BlueMart Store 25,1100,87
25,BlueMart Store 25,1101,191
25,BlueMart Store 25,1102,112
25,BlueMart Store 25,1103,228
25,BlueMart Store 25,1104,214
25,BlueMart Store 25,1105,142
25,BlueMart Store 25,1106,173
25,BlueMart Store 25,1107,111
25,BlueMart Store 25,1108,120
25,BlueMart Store 25,1109,88
25,BlueMart Store 25,1110,163
25,BlueMart Store 25,1111,160
25,BlueMart Store 25,1112,188
25,BlueMart Store 25,1113,129
25,BlueMart Store 25,1114,125
25,BlueMart Store 25,1115,127
25,BlueMart Store 25,1116,161
25,BlueMart Store 25,1117,137
25,BlueMart Store 25,1118,96
25,BlueMart Store 25,1119,145
25,BlueMart Store 25,1120,185
25,BlueMart Store 25,1121,335
25,BlueMart Store 25,1122,87
25,BlueMart Store 25,1123,169
25,BlueMart Store 25,1124,230
25,BlueMart Store 25,1125,102
25,BlueMart Store 25,1126,233
25,BlueMart Store 25,1127,178
25,BlueMart Store 25,1128,317
25,BlueMart Store 25,1129,53
25,BlueMart Store 25,1130,99
25,BlueMart Store 25,1131,196
25,BlueMart Store 25,1132,123
25,BlueMart Store 25,1133,73
25,BlueMart Store 25,1135,69
25,BlueMart Store 25,1136,107
25,BlueMart Store 25,1137,223
25,BlueMart Store 25,1138,178
25,BlueMart Store 25,1139,101
25,BlueMart Store 25,1140,192
25,BlueMart Store 25,1142,141
25,BlueMart Store 25,1143,142
25,BlueMart Store 25,1145,135
25,BlueMart Store 25,1146,131
25,BlueMart Store 25,1147,235
25,BlueMart Store 25,1148,157
25,BlueMart Store 25,1149,62
25,BlueMart Store 25,1150,92
25,BlueMart Store 25,1151,91
25,BlueMart Store 25,1152,200
25,BlueMart Store 25,1153,132
25,BlueMart Store 25,1154,124
25,BlueMart Store 25,1155,93
25,BlueMart Store 25,1156,99
25,BlueMart Store 25,1157,118
25,BlueMart Store 25,1158,185
25,BlueMart Store 25,1159,77
25,BlueMart Store 25,1160,208
25,BlueMart Store 25,1161,145
25,BlueMart Store 25,1162,177
25,BlueMart Store 25,1163,96
25,BlueMart Store 25,1164,110
25,BlueMart Store 25,1165,140
25,BlueMart Store 25,1166,204
25,BlueMart Store 25,1167,201
25,BlueMart Store 25,1168,177
25,BlueMart Store 25,1169,245
25,BlueMart Store 25,1170,159
25,BlueMart Store 25,1171,187
25,BlueMart Store 25,1173,95
25,BlueMart Store 25,1175,103
25,BlueMart Store 25,1176,179
25,BlueMart Store 25,1177,188
25,BlueMart Store 25,1178,215
25,BlueMart Store 25,1179,124
25,BlueMart Store 25,1181,126
25,BlueMart Store 25,1182,256
25,BlueMart Store 25,1183,76
25,BlueMart Store 25,1184,101
25,BlueMart Store 25,1185,130
25,BlueMart Store 25,1186,97
25,BlueMart Store 25,1187,197
25,BlueMart Store 25,1188,266
25,BlueMart Store 25,1189,122
25,BlueMart Store 25,1190,229
25,BlueMart Store 25,1191,213
25,BlueMart Store 25,1192,93
25,BlueMart Store 25,1193,270
25,BlueMart Store 25,1194,175
25,BlueMart Store 25,1195,183
25,BlueMart Store 25,1196,151
25,BlueMart Store 25,1197,104
25,BlueMart Store 25,1198,83
25,BlueMart Store 25,1199,76
25,BlueMart Store 25,1200,276
27,BlueMart Store 27,1001,133
27,BlueMart Store 27,1002,240
27,BlueMart Store 27,1003,137
27,BlueMart Store 27,1004,218
27,BlueMart Store 27,1006,137
27,BlueMart Store 27,1007,79
27,BlueMart Store 27,1008,146
27,BlueMart Store 27,1010,230
27,BlueMart Store 27,1012,107
27,BlueMart Store 27,1013,223
27,BlueMart Store 27,1014,126
27,BlueMart Store 27,1015,103
27,BlueMart Store 27,1016,134
27,BlueMart Store 27,1017,188
27,BlueMart Store 27,1018,140
27,BlueMart Store 27,1019,131
27,BlueMart Store 27,1020,215
27,BlueMart Store 27,1021,196
27,BlueMart Store 27,1022,85
27,BlueMart Store 27,1027,188
27,BlueMart Store 27,1028,160
27,BlueMart Store 27,1029,164
27,BlueMart Store 27,1030,138
27,BlueMart Store 27,1031,186
27,BlueMart Store 27,1032,119
27,BlueMart Store 27,1034,77
27,BlueMart Store 27,1035,139
27,BlueMart Store 27,1036,57
27,BlueMart Store 27,1037,62
27,BlueMart Store 27,1038,72
27,BlueMart Store 27,1039,138
27,BlueMart Store 27,1040,145
27,BlueMart Store 27,1041,179
27,BlueMart Store 27,1042,267
27,BlueMart Store 27,1043,93
27,BlueMart Store 27,1044,100
27,BlueMart Store 27,1045,121
27,BlueMart Store 27,1046,90
27,BlueMart Store 27,1047,202
27,BlueMart Store 27,1048,136
27,BlueMart Store 27,1049,85
27,BlueMart Store 27,1050,263
27,BlueMart Store 27,1051,94
27,BlueMart Store 27,1052,107
27,BlueMart Store 27,1053,220
27,BlueMart Store 27,1054,243
27,BlueMart Store 27,1055,213
27,BlueMart Store 27,1057,288
27,BlueMart Store 27,1058,211
27,BlueMart Store 27,1059,60
27,BlueMart Store 27,1060,170
27,BlueMart Store 27,1061,178
27,BlueMart Store 27,1062,222
27,BlueMart Store 27,1063,122
27,BlueMart Store 27,1064,208
27,BlueMart Store 27,1065,111
27,BlueMart Store 27,1066,119
27,BlueMart Store 27,1067,124
27,BlueMart Store 27,1068,84
27,BlueMart Store 27,1070,131
27,BlueMart Store 27,1071,140
27,BlueMart Store 27,1072,121
27,BlueMart Store 27,1073,128
27,BlueMart Store 27,1074,144
27,BlueMart Store 27,1075,198
27,BlueMart Store 27,1076,248
27,BlueMart Store 27,1077,127
27,BlueMart Store 27,1078,122
27,BlueMart Store 27,1080,180
27,BlueMart Store 27,1081,114
27,BlueMart Store 27,1082,196
27,BlueMart Store 27,1084,172
27,BlueMart Store 27,1085,196
27,BlueMart Store 27,1086,297
27,BlueMart Store 27,1087,193
27,BlueMart Store 27,1088,129
27,BlueMart Store 27,1090,179
27,BlueMart Store 27,1091,185
27,BlueMart Store 27,1093,107
27,BlueMart Store 27,1094,275
27,BlueMart Store 27,1096,63
27,BlueMart Store 27,1097,193
27,BlueMart Store 27,1098,107
27,BlueMart Store 27,1099,129
27,BlueMart Store 27,1100,125
27,BlueMart Store 27,1101,146
27,BlueMart Store 27,1102,103
27,BlueMart Store 27,1103,149
27,BlueMart Store 27,1104,245
27,BlueMart Store 27,1105,228
27,BlueMart Store 27,1106,214
27,BlueMart Store 27,1107,80
27,BlueMart Store 27,1108,201
27,BlueMart Store 27,1109,66
27,BlueMart Store 27,1111,233
27,BlueMart Store 27,1112,111
27,BlueMart Store 27,1113,135
27,BlueMart Store 27,1114,99
27,BlueMart Store 27,1115,200
27,BlueMart Store 27,1116,128
27,BlueMart Store 27,1117,216
27,BlueMart Store 27,1118,153
27,BlueMart Store 27,1119,325
27,BlueMart Store 27,1120,257
27,BlueMart Store 27,1122,94
27,BlueMart Store 27,1123,215
27,BlueMart Store 27,1124,241
27,BlueMart Store 27,1125,104
27,BlueMart Store 27,1126,180
27,BlueMart Store 27,1127,315
27,BlueMart Store 27,1129,114
27,BlueMart Store 27,1130,146
27,BlueMart Store 27,1131,163
27,BlueMart Store 27,1132,137
27,BlueMart Store 27,1133,154
27,BlueMart Store 27,1134,105
27,BlueMart Store 27,1135,140
27,BlueMart Store 27,1136,100
27,BlueMart Store 27,1137,263
27,BlueMart Store 27,1138,134
27,BlueMart Store 27,1139,126
27,BlueMart Store 27,1140,195
27,BlueMart Store 27,1142,88
27,BlueMart Store 27,1143,113
27,BlueMart Store 27,1145,176
27,BlueMart Store 27,1146,195
27,BlueMart Store 27,1147,119
27,BlueMart Store 27,1148,134
27,BlueMart Store 27,1149,146
27,BlueMart Store 27,1150,99
27,BlueMart Store 27,1152,168
27,BlueMart Store 27,1153,138
27,BlueMart Store 27,1154,163
27,BlueMart Store 27,1155,55
27,BlueMart Store 27,1156,118
27,BlueMart Store 27,1157,90
27,BlueMart Store 27,1158,230
27,BlueMart Store 27,1159,85
27,BlueMart Store 27,1160,236
27,BlueMart Store 27,1161,104
27,BlueMart Store 27,1163,112
27,BlueMart Store 27,1164,155
27,BlueMart Store 27,1165,177
27,BlueMart Store 27,1166,276
27,BlueMart Store 27,1167,184
27,BlueMart Store 27,1168,229
27,BlueMart Store 27,1169,159
27,BlueMart Store 27,1170,210
27,BlueMart Store 27,1171,180
27,BlueMart Store 27,1172,138
27,BlueMart Store 27,1173,109
27,BlueMart Store 27,1174,136
27,BlueMart Store 27,1175,156
27,BlueMart Store 27,1176,134
27,BlueMart Store 27,1178,290
27,BlueMart Store 27,1179,154
27,BlueMart Store 27,1180,120
27,BlueMart Store 27,1181,180
27,BlueMart Store 27,1182,233
27,BlueMart Store 27,1183,139
27,BlueMart Store 27,1184,90
27,BlueMart Store 27,1185,83
27,BlueMart Store 27,1186,93
27,BlueMart Store 27,1187,198
27,BlueMart Store 27,1188,318
27,BlueMart Store 27,1190,188
27,BlueMart Store 27,1191,115
27,BlueMart Store 27,1192,111
27,BlueMart Store 27,1193,255
27,BlueMart Store 27,1194,176
27,BlueMart Store 27,1195,215
27,BlueMart Store 27,1196,144
27,BlueMart Store 27,1197,67
27,BlueMart Store 27,1198,205
27,BlueMart Store 27,1200,117
30,BlueMart Store 30,1001,193
30,BlueMart Store 30,1002,307
30,BlueMart Store 30,1003,180
30,BlueMart Store 30,1004,345
30,BlueMart Store 30,1005,129
30,BlueMart Store 30,1006,157
30,BlueMart Store 30,1007,187
30,BlueMart Store 30,1008,112
30,BlueMart Store 30,1011,167
30,BlueMart Store 30,1012,268
30,BlueMart Store 30,1013,322
30,BlueMart Store 30,1014,221
30,BlueMart Store 30,1015,284
30,BlueMart Store 30,1016,322
30,BlueMart Store 30,1017,140
30,BlueMart Store 30,1018,199
30,BlueMart Store 30,1019,159
30,BlueMart Store 30,1020,177
30,BlueMart Store 30,1021,200
30,BlueMart Store 30,1022,248
30,BlueMart Store 30,1023,104
30,BlueMart Store 30,1024,183
30,BlueMart Store 30,1025,128
30,BlueMart Store 30,1026,231
30,BlueMart Store 30,1027,141
30,BlueMart Store 30,1028,189
30,BlueMart Store 30,1030,255
30,BlueMart Store 30,1031,313
30,BlueMart Store 30,1033,123
30,BlueMart Store 30,1034,256
30,BlueMart Store 30,1035,141
30,BlueMart Store 30,1036,139
30,BlueMart Store 30,1037,137
30,BlueMart Store 30,1038,189
30,BlueMart Store 30,1039,234
30,BlueMart Store 30,1040,157
30,BlueMart Store 30,1041,350
30,BlueMart Store 30,1042,308
30,BlueMart Store 30,1043,180
30,BlueMart Store 30,1044,286
30,BlueMart Store 30,1045,184
30,BlueMart Store 30,1046,185
30,BlueMart Store 30,1047,183
30,BlueMart Store 30,1048,324
30,BlueMart Store 30,1049,171
30,BlueMart Store 30,1050,217
30,BlueMart Store 30,1051,98
30,BlueMart Store 30,1052,154
30,BlueMart Store 30,1053,128
30,BlueMart Store 30,1054,175
30,BlueMart Store 30,1055,223
30,BlueMart Store 30,1056,195
30,BlueMart Store 30,1057,143
30,BlueMart Store 30,1058,197
30,BlueMart Store 30,1059,84
30,BlueMart Store 30,1060,155
30,BlueMart Store 30,1061,211
30,BlueMart Store 30,1062,262
30,BlueMart Store 30,1063,191
30,BlueMart Store 30,1065,138
30,BlueMart Store 30,1066,107
30,BlueMart Store 30,1067,251
30,BlueMart Store 30,1068,186
30,BlueMart Store 30,1070,237
30,BlueMart Store 30,1071,431
30,BlueMart Store 30,1072,177
30,BlueMart Store 30,1073,103
30,BlueMart Store 30,1074,181
30,BlueMart Store 30,1075,217
30,BlueMart Store 30,1076,225
30,BlueMart Store 30,1077,187
30,BlueMart Store 30,1078,126
30,BlueMart Store 30,1079,199
30,BlueMart Store 30,1080,181
30,BlueMart Store 30,1081,251
30,BlueMart Store 30,1083,255
30,BlueMart Store 30,1084,236
30,BlueMart Store 30,1085,192
30,BlueMart Store 30,1086,370
30,BlueMart Store 30,1087,246
30,BlueMart Store 30,1088,172
30,BlueMart Store 30,1089,71
30,BlueMart Store 30,1090,191
30,BlueMart Store 30,1091,176
30,BlueMart Store 30,1092,133
30,BlueMart Store 30,1093,305
30,BlueMart Store 30,1094,401
30,BlueMart Store 30,1095,128
30,BlueMart Store 30,1096,205
30,BlueMart Store 30,1097,139
30,BlueMart Store 30,1099,149
30,BlueMart Store 30,1100,100
30,BlueMart Store 30,1101,186
30,BlueMart Store 30,1103,122
30,BlueMart Store 30,1104,210
30,BlueMart Store 30,1105,172
30,BlueMart Store 30,1106,222
30,BlueMart Store 30,1107,188
30,BlueMart Store 30,1108,268
30,BlueMart Store 30,1109,145
30,BlueMart Store 30,1111,134
30,BlueMart Store 30,1112,140
30,BlueMart Store 30,1113,244
30,BlueMart Store 30,1114,72
30,BlueMart Store 30,1115,237
30,BlueMart Store 30,1116,271
30,BlueMart Store 30,1117,184
30,BlueMart Store 30,1119,252
30,BlueMart Store 30,1120,334
30,BlueMart Store 30,1121,169
30,BlueMart Store 30,1122,140
30,BlueMart Store 30,1123,327
30,BlueMart Store 30,1124,271
30,BlueMart Store 30,1125,169
30,BlueMart Store 30,1126,157
30,BlueMart Store 30,1127,151
30,BlueMart Store 30,1129,179
30,BlueMart Store 30,1130,261
30,BlueMart Store 30,1132,320
30,BlueMart Store 30,1133,157
30,BlueMart Store 30,1135,175
30,BlueMart Store 30,1136,176
30,BlueMart Store 30,1137,155
30,BlueMart Store 30,1138,137
30,BlueMart Store 30,1139,248
30,BlueMart Store 30,1140,211
30,BlueMart Store 30,1141,260
30,BlueMart Store 30,1142,184
30,BlueMart Store 30,1143,321
30,BlueMart Store 30,1144,238
30,BlueMart Store 30,1145,143
30,BlueMart Store 30,1146,204
30,BlueMart Store 30,1147,326
30,BlueMart Store 30,1148,227
30,BlueMart Store 30,1149,142
30,BlueMart Store 30,1151,196
30,BlueMart Store 30,1152,264
30,BlueMart Store 30,1153,101
30,BlueMart Store 30,1154,256
30,BlueMart Store 30,1155,206
30,BlueMart Store 30,1156,276
30,BlueMart Store 30,1157,210
30,BlueMart Store 30,1159,82
30,BlueMart Store 30,1161,197
30,BlueMart Store 30,1162,324
30,BlueMart Store 30,1164,147
30,BlueMart Store 30,1165,137
30,BlueMart Store 30,1166,413
30,BlueMart Store 30,1167,302
30,BlueMart Store 30,1168,186
30,BlueMart Store 30,1169,334
30,BlueMart Store 30,1170,233
30,BlueMart Store 30,1171,235
30,BlueMart Store 30,1172,182
30,BlueMart Store 30,1173,177
30,BlueMart Store 30,1174,81
30,BlueMart Store 30,1177,159
30,BlueMart Store 30,1178,187
30,BlueMart Store 30,1179,145
30,BlueMart Store 30,1180,425
30,BlueMart Store 30,1181,134
30,BlueMart Store 30,1182,384
30,BlueMart Store 30,1183,74
30,BlueMart Store 30,1184,293
30,BlueMart Store 30,1185,271
30,BlueMart Store 30,1186,216
30,BlueMart Store 30,1187,191
30,BlueMart Store 30,1188,220
30,BlueMart Store 30,1189,79
30,BlueMart Store 30,1191,150
30,BlueMart Store 30,1192,113
30,BlueMart Store 30,1193,239
30,BlueMart Store 30,1194,323
30,BlueMart Store 30,1195,291
30,BlueMart Store 30,1197,75
30,BlueMart Store 30,1198,238
30,BlueMart Store 30,1199,81
30,BlueMart Store 30,1200,346
32,BlueMart Store 32,1001,131
32,BlueMart Store 32,1002,203
32,BlueMart Store 32,1003,129
32,BlueMart Store 32,1005,79
32,BlueMart Store 32,1006,167
32,BlueMart Store 32,1009,151
32,BlueMart Store 32,1010,332
32,BlueMart Store 32,1011,118
32,BlueMart Store 32,1012,102
32,BlueMart Store 32,1013,282
32,BlueMart Store 32,1014,237
32,BlueMart Store 32,1015,234
32,BlueMart Store 32,1016,241
32,BlueMart Store 32,1017,128
32,BlueMart Store 32,1018,83
32,BlueMart Store 32,1019,131
32,BlueMart Store 32,1020,186
32,BlueMart Store 32,1021,129
32,BlueMart Store 32,1022,125
32,BlueMart Store 32,1023,215
32,BlueMart Store 32,1024,239
32,BlueMart Store 32,1025,182
32,BlueMart Store 32,1027,236
32,BlueMart Store 32,1029,266
32,BlueMart Store 32,1030,134
32,BlueMart Store 32,1031,194
32,BlueMart Store 32,1032,123
32,BlueMart Store 32,1033,146
32,BlueMart Store 32,1034,113
32,BlueMart Store 32,1035,96
32,BlueMart Store 32,1038,68
32,BlueMart Store 32,1039,202
32,BlueMart Store 32,1040,94
32,BlueMart Store 32,1041,221
32,BlueMart Store 32,1042,203
32,BlueMart Store 32,1046,130
32,BlueMart Store 32,1047,99
32,BlueMart Store 32,1048,135
32,BlueMart Store 32,1049,117
32,BlueMart Store 32,1050,226
32,BlueMart Store 32,1051,78
32,BlueMart Store 32,1052,116
32,BlueMart Store 32,1053,152
32,BlueMart Store 32,1055,188
32,BlueMart Store 32,1056,228
32,BlueMart Store 32,1057,266
32,BlueMart Store 32,1058,216
32,BlueMart Store 32,1059,93
32,BlueMart Store 32,1060,198
32,BlueMart Store 32,1061,146
32,BlueMart Store 32,1062,101
32,BlueMart Store 32,1063,102
32,BlueMart Store 32,1064,114
32,BlueMart Store 32,1066,197
32,BlueMart Store 32,1067,325
32,BlueMart Store 32,1068,130
32,BlueMart Store 32,1070,218
32,BlueMart Store 32,1071,332
32,BlueMart Store 32,1072,106
32,BlueMart Store 32,1073,88
32,BlueMart Store 32,1074,223
32,BlueMart Store 32,1075,203
32,BlueMart Store 32,1077,116
32,BlueMart Store 32,1078,96
32,BlueMart Store 32,1079,291
32,BlueMart Store 32,1080,249
32,BlueMart Store 32,1081,206
32,BlueMart Store 32,1082,168
32,BlueMart Store 32,1083,217
32,BlueMart Store 32,1084,144
32,BlueMart Store 32,1085,139
32,BlueMart Store 32,1086,236
32,BlueMart Store 32,1087,148
32,BlueMart Store 32,1088,118
32,BlueMart Store 32,1089,64
32,BlueMart Store 32,1090,118
32,BlueMart Store 32,1091,218
32,BlueMart Store 32,1092,98
32,BlueMart Store 32,1093,155
32,BlueMart Store 32,1094,283
32,BlueMart Store 32,1095,98
32,BlueMart Store 32,1096,110
32,BlueMart Store 32,1097,132
32,BlueMart Store 32,1098,128
32,BlueMart Store 32,1099,220
32,BlueMart Store 32,1100,107
32,BlueMart Store 32,1101,102
32,BlueMart Store 32,1103,135
32,BlueMart Store 32,1104,162
32,BlueMart Store 32,1105,136
32,BlueMart Store 32,1106,148
32,BlueMart Store 32,1107,142
32,BlueMart Store 32,1108,214
32,BlueMart Store 32,1109,127
32,BlueMart Store 32,1111,223
32,BlueMart Store 32,1112,68
32,BlueMart Store 32,1113,105
32,BlueMart Store 32,1114,71
32,BlueMart Store 32,1115,119
32,BlueMart Store 32,1116,218
32,BlueMart Store 32,1117,203
32,BlueMart Store 32,1118,136
32,BlueMart Store 32,1120,258
32,BlueMart Store 32,1121,122
32,BlueMart Store 32,1122,188
32,BlueMart Store 32,1124,91
32,BlueMart Store 32,1125,126
32,BlueMart Store 32,1126,234
32,BlueMart Store 32,1127,162
32,BlueMart Store 32,1129,144
32,BlueMart Store 32,1130,170
32,BlueMart Store 32,1131,97
32,BlueMart Store 32,1132,222
32,BlueMart Store 32,1133,138
32,BlueMart Store 32,1134,95
32,BlueMart Store 32,1135,150
32,BlueMart Store 32,1136,131
32,BlueMart Store 32,1137,199
32,BlueMart Store 32,1138,181
32,BlueMart Store 32,1139,154
32,BlueMart Store 32,1140,91
32,BlueMart Store 32,1141,133
32,BlueMart Store 32,1142,67
32,BlueMart Store 32,1143,222
32,BlueMart Store 32,1144,129
32,BlueMart Store 32,1146,169
32,BlueMart Store 32,1147,141
32,BlueMart Store 32,1148,113
32,BlueMart Store 32,1149,58
32,BlueMart Store 32,1150,129
32,BlueMart Store 32,1151,53
32,BlueMart Store 32,1152,167
32,BlueMart Store 32,1155,78
32,BlueMart Store 32,1156,104
32,BlueMart Store 32,1157,114
32,BlueMart Store 32,1158,252
32,BlueMart Store 32,1159,132
32,BlueMart Store 32,1160,91
32,BlueMart Store 32,1161,59
32,BlueMart Store 32,1162,147
32,BlueMart Store 32,1163,146
32,BlueMart Store 32,1164,126
32,BlueMart Store 32,1165,136
32,BlueMart Store 32,1166,147
32,BlueMart Store 32,1167,301
32,BlueMart Store 32,1169,156
32,BlueMart Store 32,1170,154
32,BlueMart Store 32,1171,95
32,BlueMart Store 32,1172,136
32,BlueMart Store 32,1173,137
32,BlueMart Store 32,1174,54
32,BlueMart Store 32,1175,142
32,BlueMart Store 32,1176,190
32,BlueMart Store 32,1177,102
32,BlueMart Store 32,1178,277
32,BlueMart Store 32,1179,171
32,BlueMart Store 32,1180,152
32,BlueMart Store 32,1182,252
32,BlueMart Store 32,1183,85
32,BlueMart Store 32,1184,201
32,BlueMart Store 32,1185,210
32,BlueMart Store 32,1186,234
32,BlueMart Store 32,1187,148
32,BlueMart Store 32,1188,318
32,BlueMart Store 32,1189,117
32,BlueMart Store 32,1190,92
32,BlueMart Store 32,1191,132
32,BlueMart Store 32,1192,126
32,BlueMart Store 32,1193,151
32,BlueMart Store 32,1194,160
32,BlueMart Store 32,1195,134
32,BlueMart Store 32,1196,197
32,BlueMart Store 32,1197,62
32,BlueMart Store 32,1198,146
32,BlueMart Store 32,1199,127
33,BlueMart Store 33,1001,179
33,BlueMart Store 33,1002,255
33,BlueMart Store 33,1005,193
33,BlueMart Store 33,1006,286
33,BlueMart Store 33,1007,287
33,BlueMart Store 33,1008,209
33,BlueMart Store 33,1009,131
33,BlueMart Store 33,1010,420
33,BlueMart Store 33,1011,140
33,BlueMart Store 33,1013,209
33,BlueMart Store 33,1015,281
33,BlueMart Store 33,1016,183
33,BlueMart Store 33,1019,205
33,BlueMart Store 33,1021,377
33,BlueMart Store 33,1022,173
33,BlueMart Store 33,1023,277
33,BlueMart Store 33,1024,237
33,BlueMart Store 33,1025,210
33,BlueMart Store 33,1026,127
33,BlueMart Store 33,1027,241
33,BlueMart Store 33,1028,125
33,BlueMart Store 33,1029,411
33,BlueMart Store 33,1030,162
33,BlueMart Store 33,1031,348
33,BlueMart Store 33,1032,240
33,BlueMart Store 33,1034,167
33,BlueMart Store 33,1035,164
33,BlueMart Store 33,1038,126
33,BlueMart Store 33,1039,343
33,BlueMart Store 33,1040,151
33,BlueMart Store 33,1041,317
33,BlueMart Store 33,1042,280
33,BlueMart Store 33,1044,268
33,BlueMart Store 33,1045,76
33,BlueMart Store 33,1046,264
33,BlueMart Store 33,1047,144
33,BlueMart Store 33,1048,147
33,BlueMart Store 33,1049,203
33,BlueMart Store 33,1050,214
33,BlueMart Store 33,1051,89
33,BlueMart Store 33,1052,192
33,BlueMart Store 33,1053,189
33,BlueMart Store 33,1054,279
33,BlueMart Store 33,1055,243
33,BlueMart Store 33,1056,240
33,BlueMart Store 33,1057,252
33,BlueMart Store 33,1059,206
33,BlueMart Store 33,1060,210
33,BlueMart Store 33,1062,200
33,BlueMart Store 33,1063,189
33,BlueMart Store 33,1064,140
33,BlueMart Store 33,1065,163
33,BlueMart Store 33,1066,184
33,BlueMart Store 33,1067,319
33,BlueMart Store 33,1068,82
33,BlueMart Store 33,1069,231
33,BlueMart Store 33,1071,363
33,BlueMart Store 33,1072,118
33,BlueMart Store 33,1075,129
33,BlueMart Store 33,1076,247
33,BlueMart Store 33,1077,121
33,BlueMart Store 33,1078,156
33,BlueMart Store 33,1079,257
33,BlueMart Store 33,1080,346
33,BlueMart Store 33,1081,315
33,BlueMart Store 33,1082,250
33,BlueMart Store 33,1083,203
33,BlueMart Store 33,1084,144
33,BlueMart Store 33,1085,154
33,BlueMart Store 33,1086,425
33,BlueMart Store 33,1087,348
33,BlueMart Store 33,1088,119
33,BlueMart Store 33,1089,195
33,BlueMart Store 33,1090,114
33,BlueMart Store 33,1092,97
33,BlueMart Store 33,1093,132
33,BlueMart Store 33,1094,276
33,BlueMart Store 33,1095,150
33,BlueMart Store 33,1096,105
33,BlueMart Store 33,1097,341
33,BlueMart Store 33,1099,234
33,BlueMart Store 33,1100,116
33,BlueMart Store 33,1101,322
33,BlueMart Store 33,1102,220
33,BlueMart Store 33,1104,434
33,BlueMart Store 33,1105,252
33,BlueMart Store 33,1106,324
33,BlueMart Store 33,1107,112
33,BlueMart Store 33,1110,359
33,BlueMart Store 33,1111,211
33,BlueMart Store 33,1112,92
33,BlueMart Store 33,1113,204
33,BlueMart Store 33,1114,99
33,BlueMart Store 33,1115,187
33,BlueMart Store 33,1117,255
33,BlueMart Store 33,1118,231
33,BlueMart Store 33,1120,325
33,BlueMart Store 33,1122,133
33,BlueMart Store 33,1123,216
33,BlueMart Store 33,1124,172
33,BlueMart Store 33,1125,288
33,BlueMart Store 33,1126,194
33,BlueMart Store 33,1127,405
33,BlueMart Store 33,1128,322
33,BlueMart Store 33,1129,188
33,BlueMart Store 33,1130,148
33,BlueMart Store 33,1132,112
33,BlueMart Store 33,1133,201
33,BlueMart Store 33,1136,130
33,BlueMart Store 33,1137,352
33,BlueMart Store 33,1138,150
33,BlueMart Store 33,1139,271
33,BlueMart Store 33,1140,125
33,BlueMart Store 33,1141,288
33,BlueMart Store 33,1142,120
33,BlueMart Store 33,1143,231
33,BlueMart Store 33,1144,188
33,BlueMart Store 33,1146,190
33,BlueMart Store 33,1147,168
33,BlueMart Store 33,1148,153
33,BlueMart Store 33,1149,105
33,BlueMart Store 33,1150,110
33,BlueMart Store 33,1151,170
33,BlueMart Store 33,1152,168
33,BlueMart Store 33,1154,161
33,BlueMart Store 33,1155,177
33,BlueMart Store 33,1159,103
33,BlueMart Store 33,1160,327
33,BlueMart Store 33,1162,241
33,BlueMart Store 33,1164,145
33,BlueMart Store 33,1165,191
33,BlueMart Store 33,1166,372
33,BlueMart Store 33,1167,319
33,BlueMart Store 33,1168,354
33,BlueMart Store 33,1169,291
33,BlueMart Store 33,1170,309
33,BlueMart Store 33,1171,199
33,BlueMart Store 33,1172,161
33,BlueMart Store 33,1173,125
33,BlueMart Store 33,1174,90
33,BlueMart Store 33,1175,260
33,BlueMart Store 33,1177,255
33,BlueMart Store 33,1178,337
33,BlueMart Store 33,1181,171
33,BlueMart Store 33,1182,220
33,BlueMart Store 33,1183,87
33,BlueMart Store 33,1184,216
33,BlueMart Store 33,1185,103
33,BlueMart Store 33,1186,235
33,BlueMart Store 33,1187,206
33,BlueMart Store 33,1188,441
33,BlueMart Store 33,1190,237
33,BlueMart Store 33,1191,314
33,BlueMart Store 33,1192,221
33,BlueMart Store 33,1193,321
33,BlueMart Store 33,1194,138
33,BlueMart Store 33,1195,325
33,BlueMart Store 33,1198,322
33,BlueMart Store 33,1199,193
37,BlueMart Store 37,1001,69
37,BlueMart Store 37,1002,206
37,BlueMart Store 37,1003,141
37,BlueMart Store 37,1004,192
37,BlueMart Store 37,1005,127
37,BlueMart Store 37,1006,189
37,BlueMart Store 37,1007,158
37,BlueMart Store 37,1008,124
37,BlueMart Store 37,1009,82
37,BlueMart Store 37,1010,211
37,BlueMart Store 37,1011,160
37,BlueMart Store 37,1012,115
37,BlueMart Store 37,1013,293
37,BlueMart Store 37,1014,208
37,BlueMart Store 37,1015,145
37,BlueMart Store 37,1016,114
37,BlueMart Store 37,1017,76
37,BlueMart Store 37,1018,177
37,BlueMart Store 37,1019,128
37,BlueMart Store 37,1020,205
37,BlueMart Store 37,1021,171
37,BlueMart Store 37,1022,114
37,BlueMart Store 37,1023,103
37,BlueMart Store 37,1024,148
37,BlueMart Store 37,1025,87
37,BlueMart Store 37,1026,152
37,BlueMart Store 37,1027,142
37,BlueMart Store 37,1028,117
37,BlueMart Store 37,1029,212
37,BlueMart Store 37,1030,171
37,BlueMart Store 37,1031,173
37,BlueMart Store 37,1032,139
37,BlueMart Store 37,1033,137
37,BlueMart Store 37,1034,161
37,BlueMart Store 37,1035,112
37,BlueMart Store 37,1036,105
37,BlueMart Store 37,1037,152
37,BlueMart Store 37,1038,155
37,BlueMart Store 37,1039,276
37,BlueMart Store 37,1040,75
37,BlueMart Store 37,1041,232
37,BlueMart Store 37,1042,213
37,BlueMart Store 37,1043,138
37,BlueMart Store 37,1044,218
37,BlueMart Store 37,1045,147
37,BlueMart Store 37,1046,161
37,BlueMart Store 37,1047,195
37,BlueMart Store 37,1048,268
37,BlueMart Store 37,1049,88
37,BlueMart Store 37,1050,106
37,BlueMart Store 37,1051,100
37,BlueMart Store 37,1052,138
37,BlueMart Store 37,1053,238
37,BlueMart Store 37,1054,176
37,BlueMart Store 37,1055,221
37,BlueMart Store 37,1056,164
37,BlueMart Store 37,1057,161
37,BlueMart Store 37,1058,132
37,BlueMart Store 37,1059,112
37,BlueMart Store 37,1060,88
37,BlueMart Store 37,1062,136
37,BlueMart Store 37,1063,183
37,BlueMart Store 37,1064,194
37,BlueMart Store 37,1065,93
37,BlueMart Store 37,1066,133
37,BlueMart Store 37,1067,175
37,BlueMart Store 37,1068,58
37,BlueMart Store 37,1069,266
37,BlueMart Store 37,1070,334
37,BlueMart Store 37,1071,200
37,BlueMart Store 37,1072,117
37,BlueMart Store 37,1073,79
37,BlueMart Store 37,1074,197
37,BlueMart Store 37,1076,220
37,BlueMart Store 37,1077,84
37,BlueMart Store 37,1078,148
37,BlueMart Store 37,1079,173
37,BlueMart Store 37,1080,150
37,BlueMart Store 37,1081,260
37,BlueMart Store 37,1082,148
37,BlueMart Store 37,1083,95
37,BlueMart Store 37,1084,117
37,BlueMart Store 37,1086,256
37,BlueMart Store 37,1087,146
37,BlueMart Store 37,1088,90
37,BlueMart Store 37,1089,67
37,BlueMart Store 37,1090,164
37,BlueMart Store 37,1091,83
37,BlueMart Store 37,1092,108
37,BlueMart Store 37,1093,235
37,BlueMart Store 37,1094,197
37,BlueMart Store 37,1095,187
37,BlueMart Store 37,1096,133
37,BlueMart Store 37,1097,135
37,BlueMart Store 37,1098,57
37,BlueMart Store 37,1099,89
37,BlueMart Store 37,1100,89
37,BlueMart Store 37,1101,162
37,BlueMart Store 37,1102,118
37,BlueMart Store 37,1103,176
37,BlueMart Store 37,1104,154
37,BlueMart Store 37,1106,232
37,BlueMart Store 37,1107,54
37,BlueMart Store 37,1109,104
37,BlueMart Store 37,1110,217
37,BlueMart Store 37,1111,197
37,BlueMart Store 37,1112,74
37,BlueMart Store 37,1114,144
37,BlueMart Store 37,1115,200
37,BlueMart Store 37,1117,110
37,BlueMart Store 37,1118,157
37,BlueMart Store 37,1119,337
37,BlueMart Store 37,1121,278
37,BlueMart Store 37,1122,244
37,BlueMart Store 37,1123,247
37,BlueMart Store 37,1124,107
37,BlueMart Store 37,1125,197
37,BlueMart Store 37,1126,236
37,BlueMart Store 37,1127,135
37,BlueMart Store 37,1128,312
37,BlueMart Store 37,1129,109
37,BlueMart Store 37,1130,244
37,BlueMart Store 37,1131,165
37,BlueMart Store 37,1132,133
37,BlueMart Store 37,1133,93
37,BlueMart Store 37,1134,108
37,BlueMart Store 37,1135,86
37,BlueMart Store 37,1136,137
37,BlueMart Store 37,1137,105
37,BlueMart Store 37,1138,106
37,BlueMart Store 37,1139,117
37,BlueMart Store 37,1140,182
37,BlueMart Store 37,1143,172
37,BlueMart Store 37,1144,184
37,BlueMart Store 37,1145,81
37,BlueMart Store 37,1146,138
37,BlueMart Store 37,1147,110
37,BlueMart Store 37,1148,113
37,BlueMart Store 37,1149,84
37,BlueMart Store 37,1150,150
37,BlueMart Store 37,1151,97
37,BlueMart Store 37,1152,120
37,BlueMart Store 37,1153,145
37,BlueMart Store 37,1154,79
37,BlueMart Store 37,1155,61
37,BlueMart Store 37,1156,136
37,BlueMart Store 37,1157,118
37,BlueMart Store 37,1158,135
37,BlueMart Store 37,1159,105
37,BlueMart Store 37,1160,179
37,BlueMart Store 37,1161,93
37,BlueMart Store 37,1162,219
37,BlueMart Store 37,1163,180
37,BlueMart Store 37,1164,72
37,BlueMart Store 37,1166,243
37,BlueMart Store 37,1167,146
37,BlueMart Store 37,1168,207
37,BlueMart Store 37,1169,124
37,BlueMart Store 37,1170,122
37,BlueMart Store 37,1171,106
37,BlueMart Store 37,1172,77
37,BlueMart Store 37,1173,151
37,BlueMart Store 37,1174,100
37,BlueMart Store 37,1175,161
37,BlueMart Store 37,1176,95
37,BlueMart Store 37,1177,186
37,BlueMart Store 37,1178,282
37,BlueMart Store 37,1179,73
37,BlueMart Store 37,1180,129
37,BlueMart Store 37,1181,175
37,BlueMart Store 37,1182,208
37,BlueMart Store 37,1183,121
37,BlueMart Store 37,1184,231
37,BlueMart Store 37,1185,132
37,BlueMart Store 37,1186,173
37,BlueMart Store 37,1188,234
37,BlueMart Store 37,1189,60
37,BlueMart Store 37,1190,219
37,BlueMart Store 37,1191,116
37,BlueMart Store 37,1192,215
37,BlueMart Store 37,1193,284
37,BlueMart Store 37,1194,213
37,BlueMart Store 37,1195,230
37,BlueMart Store 37,1196,163
37,BlueMart Store 37,1198,148
37,BlueMart Store 37,1199,60
37,BlueMart Store 37,1200,166
38,BlueMart Store 38,1001,113
38,BlueMart Store 38,1002,162
38,BlueMart Store 38,1003,197
38,BlueMart Store 38,1004,244
38,BlueMart Store 38,1005,147
38,BlueMart Store 38,1006,139
38,BlueMart Store 38,1007,110
38,BlueMart Store 38,1008,101
38,BlueMart Store 38,1009,112
38,BlueMart Store 38,1010,249
38,BlueMart Store 38,1011,193
38,BlueMart Store 38,1012,111
38,BlueMart Store 38,1013,222
38,BlueMart Store 38,1014,215
38,BlueMart Store 38,1015,96
38,BlueMart Store 38,1016,205
38,BlueMart Store 38,1017,123
38,BlueMart Store 38,1018,164
38,BlueMart Store 38,1019,148
38,BlueMart Store 38,1020,226
38,BlueMart Store 38,1021,152
38,BlueMart Store 38,1022,202
38,BlueMart Store 38,1023,157
38,BlueMart Store 38,1024,306
38,BlueMart Store 38,1025,110
38,BlueMart Store 38,1026,269
38,BlueMart Store 38,1027,256
38,BlueMart Store 38,1028,177
38,BlueMart Store 38,1029,164
38,BlueMart Store 38,1030,178
38,BlueMart Store 38,1031,113
38,BlueMart Store 38,1032,245
38,BlueMart Store 38,1033,108
38,BlueMart Store 38,1034,123
38,BlueMart Store 38,1035,89
38,BlueMart Store 38,1036,80
38,BlueMart Store 38,1037,90
38,BlueMart Store 38,1038,94
38,BlueMart Store 38,1039,123
38,BlueMart Store 38,1040,68
38,BlueMart Store 38,1041,155
38,BlueMart Store 38,1042,186
38,BlueMart Store 38,1043,138
38,BlueMart Store 38,1044,151
38,BlueMart Store 38,1045,86
38,BlueMart Store 38,1046,102
38,BlueMart Store 38,1047,87
38,BlueMart Store 38,1048,157
38,BlueMart Store 38,1049,95
38,BlueMart Store 38,1050,133
38,BlueMart Store 38,1051,85
38,BlueMart Store 38,1052,252
38,BlueMart Store 38,1053,214
38,BlueMart Store 38,1054,252
38,BlueMart Store 38,1055,203
38,BlueMart Store 38,1056,173
38,BlueMart Store 38,1057,137
38,BlueMart Store 38,1058,172
38,BlueMart Store 38,1059,150
38,BlueMart Store 38,1060,168
38,BlueMart Store 38,1063,263
38,BlueMart Store 38,1064,204
38,BlueMart Store 38,1065,54
38,BlueMart Store 38,1066,193
38,BlueMart Store 38,1068,134
38,BlueMart Store 38,1069,134
38,BlueMart Store 38,1070,131
38,BlueMart Store 38,1072,137
38,BlueMart Store 38,1073,135
38,BlueMart Store 38,1074,187
38,BlueMart Store 38,1075,165
38,BlueMart Store 38,1076,113
38,BlueMart Store 38,1077,91
38,BlueMart Store 38,1078,137
38,BlueMart Store 38,1079,267
38,BlueMart Store 38,1080,143
38,BlueMart Store 38,1081,167
38,BlueMart Store 38,1082,95
38,BlueMart Store 38,1083,150
38,BlueMart Store 38,1084,106
38,BlueMart Store 38,1085,186
38,BlueMart Store 38,1086,306
38,BlueMart Store 38,1087,175
38,BlueMart Store 38,1088,87
38,BlueMart Store 38,1089,129
38,BlueMart Store 38,1090,129
38,BlueMart Store 38,1091,84
38,BlueMart Store 38,1092,201
38,BlueMart Store 38,1093,250
38,BlueMart Store 38,1094,332
38,BlueMart Store 38,1095,243
38,BlueMart Store 38,1096,119
38,BlueMart Store 38,1097,91
38,BlueMart Store 38,1098,146
38,BlueMart Store 38,1099,216
38,BlueMart Store 38,1100,131
38,BlueMart Store 38,1101,262
38,BlueMart Store 38,1102,216
38,BlueMart Store 38,1103,233
38,BlueMart Store 38,1104,307
38,BlueMart Store 38,1105,104
38,BlueMart Store 38,1106,220
38,BlueMart Store 38,1108,199
38,BlueMart Store 38,1109,157
38,BlueMart Store 38,1110,219
38,BlueMart Store 38,1111,239
38,BlueMart Store 38,1112,184
38,BlueMart Store 38,1113,199
38,BlueMart Store 38,1114,124
38,BlueMart Store 38,1116,175
38,BlueMart Store 38,1117,215
38,BlueMart Store 38,1118,222
38,BlueMart Store 38,1119,182
38,BlueMart Store 38,1120,169
38,BlueMart Store 38,1121,202
38,BlueMart Store 38,1122,168
38,BlueMart Store 38,1123,152
38,BlueMart Store 38,1124,203
38,BlueMart Store 38,1125,158
38,BlueMart Store 38,1126,116
38,BlueMart Store 38,1127,257
38,BlueMart Store 38,1128,152
38,BlueMart Store 38,1129,152
38,BlueMart Store 38,1130,229
38,BlueMart Store 38,1131,174
38,BlueMart Store 38,1132,196
38,BlueMart Store 38,1133,58
38,BlueMart Store 38,1134,143
38,BlueMart Store 38,1135,148
38,BlueMart Store 38,1136,205
38,BlueMart Store 38,1137,126
38,BlueMart Store 38,1138,149
38,BlueMart Store 38,1139,82
38,BlueMart Store 38,1140,132
38,BlueMart Store 38,1141,137
38,BlueMart Store 38,1142,94
38,BlueMart Store 38,1143,167
38,BlueMart Store 38,1144,172
38,BlueMart Store 38,1145,118
38,BlueMart Store 38,1146,107
38,BlueMart Store 38,1147,132
38,BlueMart Store 38,1148,95
38,BlueMart Store 38,1149,62
38,BlueMart Store 38,1151,73
38,BlueMart Store 38,1152,128
38,BlueMart Store 38,1153,128
38,BlueMart Store 38,1154,162
38,BlueMart Store 38,1155,70
38,BlueMart Store 38,1156,161
38,BlueMart Store 38,1157,151
38,BlueMart Store 38,1158,217
38,BlueMart Store 38,1159,78
38,BlueMart Store 38,1160,234
38,BlueMart Store 38,1161,76
38,BlueMart Store 38,1162,214
38,BlueMart Store 38,1164,64
38,BlueMart Store 38,1165,148
38,BlueMart Store 38,1166,228
38,BlueMart Store 38,1167,297
38,BlueMart Store 38,1168,129
38,BlueMart Store 38,1169,103
38,BlueMart Store 38,1170,82
38,BlueMart Store 38,1171,224
38,BlueMart Store 38,1172,72
38,BlueMart Store 38,1173,65
38,BlueMart Store 38,1174,72
38,BlueMart Store 38,1175,201
38,BlueMart Store 38,1176,119
38,BlueMart Store 38,1177,247
38,BlueMart Store 38,1178,286
38,BlueMart Store 38,1179,150
38,BlueMart Store 38,1180,116
38,BlueMart Store 38,1181,168
38,BlueMart Store 38,1182,124
38,BlueMart Store 38,1183,135
38,BlueMart Store 38,1184,237
38,BlueMart Store 38,1185,152
38,BlueMart Store 38,1186,217
38,BlueMart Store 38,1187,217
38,BlueMart Store 38,1188,221
38,BlueMart Store 38,1189,73
38,BlueMart Store 38,1190,127
38,BlueMart Store 38,1191,200
38,BlueMart Store 38,1192,157
38,BlueMart Store 38,1193,273
38,BlueMart Store 38,1194,174
38,BlueMart Store 38,1195,156
38,BlueMart Store 38,1196,292
38,BlueMart Store 38,1197,111
38,BlueMart Store 38,1198,169
38,BlueMart Store 38,1199,93
38,BlueMart Store 38,1200,98
40,BlueMart Store 40,1001,96
40,BlueMart Store 40,1002,114
40,BlueMart Store 40,1003,145
40,BlueMart Store 40,1004,198
40,BlueMart Store 40,1005,128
40,BlueMart Store 40,1006,202
40,BlueMart Store 40,1008,166
40,BlueMart Store 40,1009,149
40,BlueMart Store 40,1010,229
40,BlueMart Store 40,1011,76
40,BlueMart Store 40,1012,172
40,BlueMart Store 40,1013,152
40,BlueMart Store 40,1014,98
40,BlueMart Store 40,1015,206
40,BlueMart Store 40,1016,200
40,BlueMart Store 40,1017,179
40,BlueMart Store 40,1018,118
40,BlueMart Store 40,1019,108
40,BlueMart Store 40,1020,225
40,BlueMart Store 40,1021,301
40,BlueMart Store 40,1022,103
40,BlueMart Store 40,1023,112
40,BlueMart Store 40,1024,279
40,BlueMart Store 40,1025,186
40,BlueMart Store 40,1026,166
40,BlueMart Store 40,1027,102
40,BlueMart Store 40,1028,200
40,BlueMart Store 40,1029,293
40,BlueMart Store 40,1030,151
40,BlueMart Store 40,1031,215
40,BlueMart Store 40,1032,228
40,BlueMart Store 40,1033,131
40,BlueMart Store 40,1034,80
40,BlueMart Store 40,1035,124
40,BlueMart Store 40,1036,55
40,BlueMart Store 40,1037,115
40,BlueMart Store 40,1039,223
40,BlueMart Store 40,1040,130
40,BlueMart Store 40,1041,189
40,BlueMart Store 40,1042,205
40,BlueMart Store 40,1043,133
40,BlueMart Store 40,1044,175
40,BlueMart Store 40,1045,80
40,BlueMart Store 40,1046,91
40,BlueMart Store 40,1048,241
40,BlueMart Store 40,1049,131
40,BlueMart Store 40,1050,202
40,BlueMart Store 40,1051,101
40,BlueMart Store 40,1052,139
40,BlueMart Store 40,1053,108
40,BlueMart Store 40,1054,127
40,BlueMart Store 40,1055,179
40,BlueMart Store 40,1056,91
40,BlueMart Store 40,1057,120
40,BlueMart Store 40,1058,86
40,BlueMart Store 40,1059,118
40,BlueMart Store 40,1060,117
40,BlueMart Store 40,1061,217
40,BlueMart Store 40,1063,190
40,BlueMart Store 40,1064,223
40,BlueMart Store 40,1065,63
40,BlueMart Store 40,1066,143
40,BlueMart Store 40,1067,331
40,BlueMart Store 40,1068,120
40,BlueMart Store 40,1069,235
40,BlueMart Store 40,1070,318
40,BlueMart Store 40,1071,153
40,BlueMart Store 40,1072,137
40,BlueMart Store 40,1073,54
40,BlueMart Store 40,1074,165
40,BlueMart Store 40,1075,230
40,BlueMart Store 40,1076,269
40,BlueMart Store 40,1077,81
40,BlueMart Store 40,1078,85
40,BlueMart Store 40,1079,221
40,BlueMart Store 40,1080,217
40,BlueMart Store 40,1081,219
40,BlueMart Store 40,1082,105
40,BlueMart Store 40,1083,211
40,BlueMart Store 40,1084,172
40,BlueMart Store 40,1085,114
40,BlueMart Store 40,1086,303
40,BlueMart Store 40,1087,145
40,BlueMart Store 40,1089,108
40,BlueMart Store 40,1091,121
40,BlueMart Store 40,1092,172
40,BlueMart Store 40,1093,259
40,BlueMart Store 40,1094,312
40,BlueMart Store 40,1095,189
40,BlueMart Store 40,1096,71
40,BlueMart Store 40,1097,155
40,BlueMart Store 40,1098,156
40,BlueMart Store 40,1099,212
40,BlueMart Store 40,1100,127
40,BlueMart Store 40,1101,140
40,BlueMart Store 40,1102,111
40,BlueMart Store 40,1103,137
40,BlueMart Store 40,1104,322
40,BlueMart Store 40,1105,151
40,BlueMart Store 40,1106,94
40,BlueMart Store 40,1107,154
40,BlueMart Store 40,1108,245
40,BlueMart Store 40,1109,78
40,BlueMart Store 40,1110,174
40,BlueMart Store 40,1111,260
40,BlueMart Store 40,1112,94
40,BlueMart Store 40,1113,235
40,BlueMart Store 40,1114,82
40,BlueMart Store 40,1115,68
40,BlueMart Store 40,1116,94
40,BlueMart Store 40,1117,115
40,BlueMart Store 40,1118,119
40,BlueMart Store 40,1119,190
40,BlueMart Store 40,1120,202
40,BlueMart Store 40,1121,205
40,BlueMart Store 40,1123,216
40,BlueMart Store 40,1124,207
40,BlueMart Store 40,1125,164
40,BlueMart Store 40,1126,181
40,BlueMart Store 40,1127,118
40,BlueMart Store 40,1128,140
40,BlueMart Store 40,1129,126
40,BlueMart Store 40,1130,164
40,BlueMart Store 40,1131,227
40,BlueMart Store 40,1132,246
40,BlueMart Store 40,1133,151
40,BlueMart Store 40,1134,108
40,BlueMart Store 40,1135,67
40,BlueMart Store 40,1136,164
40,BlueMart Store 40,1137,191
40,BlueMart Store 40,1138,124
40,BlueMart Store 40,1139,85
40,BlueMart Store 40,1141,205
40,BlueMart Store 40,1142,53
40,BlueMart Store 40,1143,169
40,BlueMart Store 40,1144,145
40,BlueMart Store 40,1145,159
40,BlueMart Store 40,1146,206
40,BlueMart Store 40,1147,175
40,BlueMart Store 40,1148,134
40,BlueMart Store 40,1149,95
40,BlueMart Store 40,1150,100
40,BlueMart Store 40,1151,139
40,BlueMart Store 40,1153,83
40,BlueMart Store 40,1154,146
40,BlueMart Store 40,1155,78
40,BlueMart Store 40,1156,183
40,BlueMart Store 40,1157,158
40,BlueMart Store 40,1158,194
40,BlueMart Store 40,1159,127
40,BlueMart Store 40,1160,133
40,BlueMart Store 40,1161,151
40,BlueMart Store 40,1162,151
40,BlueMart Store 40,1163,190
40,BlueMart Store 40,1164,91
40,BlueMart Store 40,1165,183
40,BlueMart Store 40,1166,154
40,BlueMart Store 40,1167,152
40,BlueMart Store 40,1168,167
40,BlueMart Store 40,1169,269
40,BlueMart Store 40,1170,177
40,BlueMart Store 40,1171,137
40,BlueMart Store 40,1172,74
40,BlueMart Store 40,1173,128
40,BlueMart Store 40,1174,91
40,BlueMart Store 40,1177,266
40,BlueMart Store 40,1178,226
40,BlueMart Store 40,1179,166
40,BlueMart Store 40,1181,160
40,BlueMart Store 40,1182,258
40,BlueMart Store 40,1183,107
40,BlueMart Store 40,1184,244
40,BlueMart Store 40,1185,163
40,BlueMart Store 40,1186,232
40,BlueMart Store 40,1187,202
40,BlueMart Store 40,1188,186
40,BlueMart Store 40,1189,94
40,BlueMart Store 40,1190,205
40,BlueMart Store 40,1191,195
40,BlueMart Store 40,1192,103
40,BlueMart Store 40,1193,196
40,BlueMart Store 40,1194,152
40,BlueMart Store 40,1196,122
40,BlueMart Store 40,1197,127
40,BlueMart Store 40,1198,139
40,BlueMart Store 40,1199,111
40,BlueMart Store 40,1200,196
41,BlueMart Store 41,1001,195
41,BlueMart Store 41,1002,281
41,BlueMart Store 41,1003,212
41,BlueMart Store 41,1004,130
41,BlueMart Store 41,1005,230
41,BlueMart Store 41,1006,304
41,BlueMart Store 41,1007,225
41,BlueMart Store 41,1008,206
41,BlueMart Store 41,1009,148
41,BlueMart Store 41,1010,182
41,BlueMart Store 41,1011,178
41,BlueMart Store 41,1013,197
41,BlueMart Store 41,1014,284
41,BlueMart Store 41,1016,367
41,BlueMart Store 41,1018,157
41,BlueMart Store 41,1019,96
41,BlueMart Store 41,1021,206
41,BlueMart Store 41,1022,105
41,BlueMart Store 41,1023,188
41,BlueMart Store 41,1024,287
41,BlueMart Store 41,1025,248
41,BlueMart Store 41,1027,345
41,BlueMart Store 41,1028,160
41,BlueMart Store 41,1029,319
41,BlueMart Store 41,1031,201
41,BlueMart Store 41,1032,199
41,BlueMart Store 41,1033,172
41,BlueMart Store 41,1034,97
41,BlueMart Store 41,1036,147
41,BlueMart Store 41,1038,117
41,BlueMart Store 41,1039,340
41,BlueMart Store 41,1040,151
41,BlueMart Store 41,1042,295
41,BlueMart Store 41,1043,181
41,BlueMart Store 41,1044,268
41,BlueMart Store 41,1045,208
41,BlueMart Store 41,1046,129
41,BlueMart Store 41,1047,214
41,BlueMart Store 41,1048,141
41,BlueMart Store 41,1049,119
41,BlueMart Store 41,1050,125
41,BlueMart Store 41,1051,98
41,BlueMart Store 41,1052,211
41,BlueMart Store 41,1053,281
41,BlueMart Store 41,1054,257
41,BlueMart Store 41,1055,117
41,BlueMart Store 41,1057,308
41,BlueMart Store 41,1058,244
41,BlueMart Store 41,1059,119
41,BlueMart Store 41,1060,258
41,BlueMart Store 41,1061,173
41,BlueMart Store 41,1062,237
41,BlueMart Store 41,1063,193
41,BlueMart Store 41,1064,320
41,BlueMart Store 41,1065,122
41,BlueMart Store 41,1066,240
41,BlueMart Store 41,1067,211
41,BlueMart Store 41,1068,85
41,BlueMart Store 41,1069,311
41,BlueMart Store 41,1071,280
41,BlueMart Store 41,1072,90
41,BlueMart Store 41,1073,105
41,BlueMart Store 41,1074,241
41,BlueMart Store 41,1075,225
41,BlueMart Store 41,1076,121
41,BlueMart Store 41,1078,160
41,BlueMart Store 41,1081,182
41,BlueMart Store 41,1083,294
41,BlueMart Store 41,1084,182
41,BlueMart Store 41,1086,414
41,BlueMart Store 41,1087,320
41,BlueMart Store 41,1088,158
41,BlueMart Store 41,1089,102
41,BlueMart Store 41,1090,256
41,BlueMart Store 41,1091,221
41,BlueMart Store 41,1092,259
41,BlueMart Store 41,1094,254
41,BlueMart Store 41,1095,216
41,BlueMart Store 41,1097,341
41,BlueMart Store 41,1098,98
41,BlueMart Store 41,1099,291
41,BlueMart Store 41,1100,146
41,BlueMart Store 41,1101,171
41,BlueMart Store 41,1102,252
41,BlueMart Store 41,1103,204
41,BlueMart Store 41,1104,151
41,BlueMart Store 41,1106,336
41,BlueMart Store 41,1107,175
41,BlueMart Store 41,1108,224
41,BlueMart Store 41,1109,207
41,BlueMart Store 41,1110,397
41,BlueMart Store 41,1111,150
41,BlueMart Store 41,1112,200
41,BlueMart Store 41,1113,121
41,BlueMart Store 41,1114,166
41,BlueMart Store 41,1116,150
41,BlueMart Store 41,1118,193
41,BlueMart Store 41,1120,419
41,BlueMart Store 41,1121,224
41,BlueMart Store 41,1122,247
41,BlueMart Store 41,1123,223
41,BlueMart Store 41,1124,120
41,BlueMart Store 41,1125,152
41,BlueMart Store 41,1126,295
41,BlueMart Store 41,1127,225
41,BlueMart Store 41,1128,295
41,BlueMart Store 41,1129,159
41,BlueMart Store 41,1131,317
41,BlueMart Store 41,1132,239
41,BlueMart Store 41,1134,140
41,BlueMart Store 41,1135,254
41,BlueMart Store 41,1137,209
41,BlueMart Store 41,1140,225
41,BlueMart Store 41,1141,246
41,BlueMart Store 41,1142,170
41,BlueMart Store 41,1143,271
41,BlueMart Store 41,1144,197
41,BlueMart Store 41,1145,184
41,BlueMart Store 41,1146,205
41,BlueMart Store 41,1147,195
41,BlueMart Store 41,1148,199
41,BlueMart Store 41,1149,205
41,BlueMart Store 41,1150,86
41,BlueMart Store 41,1151,110
41,BlueMart Store 41,1152,223
41,BlueMart Store 41,1154,144
41,BlueMart Store 41,1155,80
41,BlueMart Store 41,1156,114
41,BlueMart Store 41,1158,218
41,BlueMart Store 41,1159,94
41,BlueMart Store 41,1160,132
41,BlueMart Store 41,1161,191
41,BlueMart Store 41,1162,161
41,BlueMart Store 41,1163,194
41,BlueMart Store 41,1164,115
41,BlueMart Store 41,1165,210
41,BlueMart Store 41,1166,209
41,BlueMart Store 41,1167,221
41,BlueMart Store 41,1168,150
41,BlueMart Store 41,1169,191
41,BlueMart Store 41,1170,115
41,BlueMart Store 41,1171,165
41,BlueMart Store 41,1172,84
41,BlueMart Store 41,1174,182
41,BlueMart Store 41,1176,148
41,BlueMart Store 41,1177,322
41,BlueMart Store 41,1178,221
41,BlueMart Store 41,1179,134
41,BlueMart Store 41,1180,231
41,BlueMart Store 41,1181,208
41,BlueMart Store 41,1182,227
41,BlueMart Store 41,1183,98
41,BlueMart Store 41,1184,145
41,BlueMart Store 41,1185,213
41,BlueMart Store 41,1186,252
41,BlueMart Store 41,1187,130
41,BlueMart Store 41,1188,232
41,BlueMart Store 41,1189,122
41,BlueMart Store 41,1190,220
41,BlueMart Store 41,1191,135
41,BlueMart Store 41,1192,301
41,BlueMart Store 41,1193,233
41,BlueMart Store 41,1194,146
41,BlueMart Store 41,1196,168
41,BlueMart Store 41,1197,126
41,BlueMart Store 41,1198,207
41,BlueMart Store 41,1199,206
41,BlueMart Store 41,1200,346
42,BlueMart Store 42,1001,90
42,BlueMart Store 42,1002,147
42,BlueMart Store 42,1003,93
42,BlueMart Store 42,1004,253
42,BlueMart Store 42,1005,95
42,BlueMart Store 42,1006,136
42,BlueMart Store 42,1007,151
42,BlueMart Store 42,1008,113
42,BlueMart Store 42,1009,143
42,BlueMart Store 42,1010,177
42,BlueMart Store 42,1012,250
42,BlueMart Store 42,1013,279
42,BlueMart Store 42,1014,132
42,BlueMart Store 42,1015,147
42,BlueMart Store 42,1017,138
42,BlueMart Store 42,1018,107
42,BlueMart Store 42,1019,103
42,BlueMart Store 42,1021,318
42,BlueMart Store 42,1022,113
42,BlueMart Store 42,1023,222
42,BlueMart Store 42,1024,270
42,BlueMart Store 42,1025,91
42,BlueMart Store 42,1027,180
42,BlueMart Store 42,1028,94
42,BlueMart Store 42,1029,258
42,BlueMart Store 42,1030,157
42,BlueMart Store 42,1031,133
42,BlueMart Store 42,1033,117
42,BlueMart Store 42,1034,187
42,BlueMart Store 42,1035,73
42,BlueMart Store 42,1036,74
42,BlueMart Store 42,1039,225
42,BlueMart Store 42,1040,87
42,BlueMart Store 42,1041,188
42,BlueMart Store 42,1042,239
42,BlueMart Store 42,1043,106
42,BlueMart Store 42,1044,199
42,BlueMart Store 42,1045,121
42,BlueMart Store 42,1046,179
42,BlueMart Store 42,1047,97
42,BlueMart Store 42,1049,88
42,BlueMart Store 42,1051,102
42,BlueMart Store 42,1052,147
42,BlueMart Store 42,1053,228
42,BlueMart Store 42,1054,99
42,BlueMart Store 42,1056,154
42,BlueMart Store 42,1057,271
42,BlueMart Store 42,1058,202
42,BlueMart Store 42,1060,152
42,BlueMart Store 42,1062,142
42,BlueMart Store 42,1063,189
42,BlueMart Store 42,1064,251
42,BlueMart Store 42,1065,100
42,BlueMart Store 42,1067,114
42,BlueMart Store 42,1068,81
42,BlueMart Store 42,1069,199
42,BlueMart Store 42,1070,332
42,BlueMart Store 42,1072,99
42,BlueMart Store 42,1073,132
42,BlueMart Store 42,1074,197
42,BlueMart Store 42,1075,135
42,BlueMart Store 42,1076,257
42,BlueMart Store 42,1077,190
42,BlueMart Store 42,1080,268
42,BlueMart Store 42,1081,144
42,BlueMart Store 42,1082,173
42,BlueMart Store 42,1083,83
42,BlueMart Store 42,1085,158
42,BlueMart Store 42,1086,255
42,BlueMart Store 42,1087,142
42,BlueMart Store 42,1088,127
42,BlueMart Store 42,1090,201
42,BlueMart Store 42,1091,145
42,BlueMart Store 42,1092,166
42,BlueMart Store 42,1093,268
42,BlueMart Store 42,1094,261
42,BlueMart Store 42,1095,194
42,BlueMart Store 42,1096,64
42,BlueMart Store 42,1097,131
42,BlueMart Store 42,1098,85
42,BlueMart Store 42,1099,134
42,BlueMart Store 42,1100,99
42,BlueMart Store 42,1102,170
42,BlueMart Store 42,1103,205
42,BlueMart Store 42,1107,145
42,BlueMart Store 42,1108,210
42,BlueMart Store 42,1109,89
42,BlueMart Store 42,1110,183
42,BlueMart Store 42,1111,218
42,BlueMart Store 42,1112,113
42,BlueMart Store 42,1113,196
42,BlueMart Store 42,1114,138
42,BlueMart Store 42,1115,94
42,BlueMart Store 42,1117,148
42,BlueMart Store 42,1119,266
42,BlueMart Store 42,1120,134
42,BlueMart Store 42,1122,182
42,BlueMart Store 42,1123,177
42,BlueMart Store 42,1124,145
42,BlueMart Store 42,1125,110
42,BlueMart Store 42,1126,139
42,BlueMart Store 42,1127,168
42,BlueMart Store 42,1128,292
42,BlueMart Store 42,1129,136
42,BlueMart Store 42,1130,130
42,BlueMart Store 42,1131,138
42,BlueMart Store 42,1132,189
42,BlueMart Store 42,1133,75
42,BlueMart Store 42,1134,160
42,BlueMart Store 42,1136,76
42,BlueMart Store 42,1138,95
42,BlueMart Store 42,1140,134
42,BlueMart Store 42,1141,216
42,BlueMart Store 42,1142,65
42,BlueMart Store 42,1144,165
42,BlueMart Store 42,1145,70
42,BlueMart Store 42,1146,119
42,BlueMart Store 42,1147,189
42,BlueMart Store 42,1148,193
42,BlueMart Store 42,1149,138
42,BlueMart Store 42,1151,77
42,BlueMart Store 42,1152,95
42,BlueMart Store 42,1153,67
42,BlueMart Store 42,1154,184
42,BlueMart Store 42,1155,112
42,BlueMart Store 42,1156,217
42,BlueMart Store 42,1157,85
42,BlueMart Store 42,1158,152
42,BlueMart Store 42,1159,105
42,BlueMart Store 42,1160,104
42,BlueMart Store 42,1161,110
42,BlueMart Store 42,1162,95
42,BlueMart Store 42,1163,121
42,BlueMart Store 42,1165,153
42,BlueMart Store 42,1166,233
42,BlueMart Store 42,1167,285
42,BlueMart Store 42,1168,200
42,BlueMart Store 42,1169,123
42,BlueMart Store 42,1171,178
42,BlueMart Store 42,1172,131
42,BlueMart Store 42,1174,133
42,BlueMart Store 42,1175,146
42,BlueMart Store 42,1178,210
42,BlueMart Store 42,1180,137
42,BlueMart Store 42,1181,142
42,BlueMart Store 42,1182,145
42,BlueMart Store 42,1183,110
42,BlueMart Store 42,1184,168
42,BlueMart Store 42,1185,205
42,BlueMart Store 42,1186,146
42,BlueMart Store 42,1187,151
42,BlueMart Store 42,1188,221
42,BlueMart Store 42,1189,53
42,BlueMart Store 42,1190,146
42,BlueMart Store 42,1193,189
42,BlueMart Store 42,1195,200
42,BlueMart Store 42,1197,110
42,BlueMart Store 42,1198,204
42,BlueMart Store 42,1199,54
42,BlueMart Store 42,1200,147
43,BlueMart Store 43,1001,138
43,BlueMart Store 43,1002,220
43,BlueMart Store 43,1003,110
43,BlueMart Store 43,1004,100
43,BlueMart Store 43,1005,138
43,BlueMart Store 43,1006,196
43,BlueMart Store 43,1007,184
43,BlueMart Store 43,1008,195
43,BlueMart Store 43,1009,53
43,BlueMart Store 43,1010,288
43,BlueMart Store 43,1011,170
43,BlueMart Store 43,1012,140
43,BlueMart Store 43,1013,284
43,BlueMart Store 43,1014,143
43,BlueMart Store 43,1015,206
43,BlueMart Store 43,1016,191
43,BlueMart Store 43,1017,162
43,BlueMart Store 43,1018,214
43,BlueMart Store 43,1019,74
43,BlueMart Store 43,1020,142
43,BlueMart Store 43,1021,162
43,BlueMart Store 43,1022,126
43,BlueMart Store 43,1023,204
43,BlueMart Store 43,1024,303
43,BlueMart Store 43,1025,150
43,BlueMart Store 43,1026,98
43,BlueMart Store 43,1027,105
43,BlueMart Store 43,1028,97
43,BlueMart Store 43,1029,178
43,BlueMart Store 43,1030,85
43,BlueMart Store 43,1031,189
43,BlueMart Store 43,1032,169
43,BlueMart Store 43,1033,147
43,BlueMart Store 43,1034,174
43,BlueMart Store 43,1035,104
43,BlueMart Store 43,1036,140
43,BlueMart Store 43,1037,60
43,BlueMart Store 43,1038,85
43,BlueMart Store 43,1039,128
43,BlueMart Store 43,1040,126
43,BlueMart Store 43,1041,99
43,BlueMart Store 43,1042,144
43,BlueMart Store 43,1043,95
43,BlueMart Store 43,1044,157
43,BlueMart Store 43,1045,53
43,BlueMart Store 43,1046,75
43,BlueMart Store 43,1047,127
43,BlueMart Store 43,1048,268
43,BlueMart Store 43,1049,143
43,BlueMart Store 43,1050,172
43,BlueMart Store 43,1051,156
43,BlueMart Store 43,1052,116
43,BlueMart Store 43,1053,212
43,BlueMart Store 43,1054,229
43,BlueMart Store 43,1055,237
43,BlueMart Store 43,1056,263
43,BlueMart Store 43,1057,210
43,BlueMart Store 43,1058,133
43,BlueMart Store 43,1059,65
43,BlueMart Store 43,1060,142
43,BlueMart Store 43,1061,210
43,BlueMart Store 43,1062,111
43,BlueMart Store 43,1063,139
43,BlueMart Store 43,1064,252
43,BlueMart Store 43,1065,128
43,BlueMart Store 43,1066,76
43,BlueMart Store 43,1067,152
43,BlueMart Store 43,1068,109
43,BlueMart Store 43,1069,196
43,BlueMart Store 43,1070,301
43,BlueMart Store 43,1071,257
43,BlueMart Store 43,1072,151
43,BlueMart Store 43,1073,148
43,BlueMart Store 43,1074,101
43,BlueMart Store 43,1075,174
43,BlueMart Store 43,1076,263
43,BlueMart Store 43,1077,146
43,BlueMart Store 43,1078,151
43,BlueMart Store 43,1079,148
43,BlueMart Store 43,1080,155
43,BlueMart Store 43,1082,165
43,BlueMart Store 43,1083,199
43,BlueMart Store 43,1084,153
43,BlueMart Store 43,1085,115
43,BlueMart Store 43,1086,120
43,BlueMart Store 43,1087,110
43,BlueMart Store 43,1088,152
43,BlueMart Store 43,1089,137
43,BlueMart Store 43,1090,144
43,BlueMart Store 43,1091,133
43,BlueMart Store 43,1092,181
43,BlueMart Store 43,1093,163
43,BlueMart Store 43,1094,261
43,BlueMart Store 43,1095,266
43,BlueMart Store 43,1096,63
43,BlueMart Store 43,1098,123
43,BlueMart Store 43,1099,111
43,BlueMart Store 43,1100,112
43,BlueMart Store 43,1101,265
43,BlueMart Store 43,1102,147
43,BlueMart Store 43,1103,169
43,BlueMart Store 43,1104,251
43,BlueMart Store 43,1105,196
43,BlueMart Store 43,1106,184
43,BlueMart Store 43,1107,98
43,BlueMart Store 43,1108,171
43,BlueMart Store 43,1109,121
43,BlueMart Store 43,1110,196
43,BlueMart Store 43,1111,208
43,BlueMart Store 43,1112,197
43,BlueMart Store 43,1113,228
43,BlueMart Store 43,1114,69
43,BlueMart Store 43,1115,160
43,BlueMart Store 43,1116,136
43,BlueMart Store 43,1117,112
43,BlueMart Store 43,1118,182
43,BlueMart Store 43,1119,332
43,BlueMart Store 43,1120,208
43,BlueMart Store 43,1121,213
43,BlueMart Store 43,1122,137
43,BlueMart Store 43,1123,275
43,BlueMart Store 43,1125,101
43,BlueMart Store 43,1126,171
43,BlueMart Store 43,1127,183
43,BlueMart Store 43,1128,265
43,BlueMart Store 43,1129,87
43,BlueMart Store 43,1130,211
43,BlueMart Store 43,1131,162
43,BlueMart Store 43,1132,125
43,BlueMart Store 43,1133,123
43,BlueMart Store 43,1134,95
43,BlueMart Store 43,1135,98
43,BlueMart Store 43,1136,90
43,BlueMart Store 43,1137,126
43,BlueMart Store 43,1138,148
43,BlueMart Store 43,1139,222
43,BlueMart Store 43,1140,96
43,BlueMart Store 43,1141,114
43,BlueMart Store 43,1142,92
43,BlueMart Store 43,1143,83
43,BlueMart Store 43,1144,156
43,BlueMart Store 43,1145,182
43,BlueMart Store 43,1146,99
43,BlueMart Store 43,1147,202
43,BlueMart Store 43,1148,94
43,BlueMart Store 43,1149,79
43,BlueMart Store 43,1150,124
43,BlueMart Store 43,1151,114
43,BlueMart Store 43,1152,135
43,BlueMart Store 43,1153,81
43,BlueMart Store 43,1154,143
43,BlueMart Store 43,1155,68
43,BlueMart Store 43,1156,159
43,BlueMart Store 43,1157,157
43,BlueMart Store 43,1158,133
43,BlueMart Store 43,1159,82
43,BlueMart Store 43,1160,119
43,BlueMart Store 43,1161,68
43,BlueMart Store 43,1162,100
43,BlueMart Store 43,1163,74
43,BlueMart Store 43,1164,102
43,BlueMart Store 43,1165,156
43,BlueMart Store 43,1166,215
43,BlueMart Store 43,1167,279
43,BlueMart Store 43,1168,180
43,BlueMart Store 43,1169,113
43,BlueMart Store 43,1170,129
43,BlueMart Store 43,1171,116
43,BlueMart Store 43,1172,53
43,BlueMart Store 43,1173,93
43,BlueMart Store 43,1174,59
43,BlueMart Store 43,1175,181
43,BlueMart Store 43,1176,219
43,BlueMart Store 43,1177,155
43,BlueMart Store 43,1178,251
43,BlueMart Store 43,1179,169
43,BlueMart Store 43,1180,205
43,BlueMart Store 43,1181,123
43,BlueMart Store 43,1182,114
43,BlueMart Store 43,1183,56
43,BlueMart Store 43,1184,268
43,BlueMart Store 43,1185,121
43,BlueMart Store 43,1187,107
43,BlueMart Store 43,1188,249
43,BlueMart Store 43,1189,79
43,BlueMart Store 43,1190,98
43,BlueMart Store 43,1191,161
43,BlueMart Store 43,1193,123
43,BlueMart Store 43,1194,124
43,BlueMart Store 43,1196,323
43,BlueMart Store 43,1197,121
43,BlueMart Store 43,1198,194
43,BlueMart Store 43,1199,142
43,BlueMart Store 43,1200,111
45,BlueMart Store 45,1001,119
45,BlueMart Store 45,1002,180
45,BlueMart Store 45,1003,198
45,BlueMart Store 45,1004,267
45,BlueMart Store 45,1005,140
45,BlueMart Store 45,1006,220
45,BlueMart Store 45,1007,212
45,BlueMart Store 45,1008,109
45,BlueMart Store 45,1009,131
45,BlueMart Store 45,1010,142
45,BlueMart Store 45,1011,109
45,BlueMart Store 45,1012,287
45,BlueMart Store 45,1013,256
45,BlueMart Store 45,1014,244
45,BlueMart Store 45,1015,228
45,BlueMart Store 45,1016,203
45,BlueMart Store 45,1017,159
45,BlueMart Store 45,1018,164
45,BlueMart Store 45,1019,151
45,BlueMart Store 45,1020,107
45,BlueMart Store 45,1021,211
45,BlueMart Store 45,1022,150
45,BlueMart Store 45,1023,161
45,BlueMart Store 45,1024,202
45,BlueMart Store 45,1025,135
45,BlueMart Store 45,1027,132
45,BlueMart Store 45,1028,175
45,BlueMart Store 45,1029,144
45,BlueMart Store 45,1030,122
45,BlueMart Store 45,1031,191
45,BlueMart Store 45,1032,106
45,BlueMart Store 45,1033,190
45,BlueMart Store 45,1034,97
45,BlueMart Store 45,1035,154
45,BlueMart Store 45,1036,141
45,BlueMart Store 45,1037,89
45,BlueMart Store 45,1038,141
45,BlueMart Store 45,1039,143
45,BlueMart Store 45,1040,138
45,BlueMart Store 45,1041,127
45,BlueMart Store 45,1042,152
45,BlueMart Store 45,1043,102
45,BlueMart Store 45,1044,177
45,BlueMart Store 45,1045,65
45,BlueMart Store 45,1046,187
45,BlueMart Store 45,1047,111
45,BlueMart Store 45,1048,111
45,BlueMart Store 45,1049,83
45,BlueMart Store 45,1050,181
45,BlueMart Store 45,1051,126
45,BlueMart Store 45,1052,103
45,BlueMart Store 45,1053,154
45,BlueMart Store 45,1054,99
45,BlueMart Store 45,1055,218
45,BlueMart Store 45,1056,160
45,BlueMart Store 45,1057,146
45,BlueMart Store 45,1058,163
45,BlueMart Store 45,1059,75
45,BlueMart Store 45,1060,105
45,BlueMart Store 45,1061,204
45,BlueMart Store 45,1062,194
45,BlueMart Store 45,1063,94
45,BlueMart Store 45,1064,102
45,BlueMart Store 45,1065,143
45,BlueMart Store 45,1066,192
45,BlueMart Store 45,1067,113
45,BlueMart Store 45,1068,152
45,BlueMart Store 45,1069,300
45,BlueMart Store 45,1070,277
45,BlueMart Store 45,1071,323
45,BlueMart Store 45,1072,68
45,BlueMart Store 45,1073,77
45,BlueMart Store 45,1074,124
45,BlueMart Store 45,1075,160
45,BlueMart Store 45,1076,122
45,BlueMart Store 45,1077,104
45,BlueMart Store 45,1078,102
45,BlueMart Store 45,1079,273
45,BlueMart Store 45,1080,200
45,BlueMart Store 45,1081,194
45,BlueMart Store 45,1082,167
45,BlueMart Store 45,1083,138
45,BlueMart Store 45,1084,88
45,BlueMart Store 45,1085,84
45,BlueMart Store 45,1086,127
45,BlueMart Store 45,1087,155
45,BlueMart Store 45,1088,171
45,BlueMart Store 45,1089,146
45,BlueMart Store 45,1090,125
45,BlueMart Store 45,1091,154
45,BlueMart Store 45,1092,157
45,BlueMart Store 45,1093,224
45,BlueMart Store 45,1094,143
45,BlueMart Store 45,1095,174
45,BlueMart Store 45,1096,80
45,BlueMart Store 45,1097,203
45,BlueMart Store 45,1098,69
45,BlueMart Store 45,1099,154
45,BlueMart Store 45,1100,157
45,BlueMart Store 45,1101,156
45,BlueMart Store 45,1102,172
45,BlueMart Store 45,1103,192
45,BlueMart Store 45,1104,153
45,BlueMart Store 45,1105,213
45,BlueMart Store 45,1106,252
45,BlueMart Store 45,1107,114
45,BlueMart Store 45,1108,234
45,BlueMart Store 45,1109,78
45,BlueMart Store 45,1110,323
45,BlueMart Store 45,1111,138
45,BlueMart Store 45,1112,79
45,BlueMart Store 45,1113,219
45,BlueMart Store 45,1114,154
45,BlueMart Store 45,1115,175
45,BlueMart Store 45,1116,170
45,BlueMart Store 45,1117,130
45,BlueMart Store 45,1118,167
45,BlueMart Store 45,1119,145
45,BlueMart Store 45,1120,221
45,BlueMart Store 45,1121,321
45,BlueMart Store 45,1123,290
45,BlueMart Store 45,1124,205
45,BlueMart Store 45,1125,86
45,BlueMart Store 45,1126,231
45,BlueMart Store 45,1127,167
45,BlueMart Store 45,1128,190
45,BlueMart Store 45,1129,157
45,BlueMart Store 45,1130,99
45,BlueMart Store 45,1131,137
45,BlueMart Store 45,1132,195
45,BlueMart Store 45,1133,117
45,BlueMart Store 45,1134,195
45,BlueMart Store 45,1135,152
45,BlueMart Store 45,1136,213
45,BlueMart Store 45,1137,259
45,BlueMart Store 45,1138,158
45,BlueMart Store 45,1139,202
45,BlueMart Store 45,1140,155
45,BlueMart Store 45,1141,218
45,BlueMart Store 45,1142,93
45,BlueMart Store 45,1144,147
45,BlueMart Store 45,1145,176
45,BlueMart Store 45,1146,110
45,BlueMart Store 45,1147,188
45,BlueMart Store 45,1148,140
45,BlueMart Store 45,1149,57
45,BlueMart Store 45,1150,122
45,BlueMart Store 45,1151,137
45,BlueMart Store 45,1152,81
45,BlueMart Store 45,1153,119
45,BlueMart Store 45,1154,158
45,BlueMart Store 45,1155,100
45,BlueMart Store 45,1156,215
45,BlueMart Store 45,1157,115
45,BlueMart Store 45,1158,248
45,BlueMart Store 45,1159,53
45,BlueMart Store 45,1160,172
45,BlueMart Store 45,1161,85
45,BlueMart Store 45,1162,203
45,BlueMart Store 45,1163,88
45,BlueMart Store 45,1164,75
45,BlueMart Store 45,1165,223
45,BlueMart Store 45,1166,203
45,BlueMart Store 45,1167,229
45,BlueMart Store 45,1168,209
45,BlueMart Store 45,1169,232
45,BlueMart Store 45,1170,228
45,BlueMart Store 45,1171,129
45,BlueMart Store 45,1172,110
45,BlueMart Store 45,1173,92
45,BlueMart Store 45,1174,105
45,BlueMart Store 45,1175,132
45,BlueMart Store 45,1176,186
45,BlueMart Store 45,1177,105
45,BlueMart Store 45,1178,271
45,BlueMart Store 45,1179,113
45,BlueMart Store 45,1180,146
45,BlueMart Store 45,1181,206
45,BlueMart Store 45,1182,217
45,BlueMart Store 45,1183,55
45,BlueMart Store 45,1184,190
45,BlueMart Store 45,1186,187
45,BlueMart Store 45,1187,101
45,BlueMart Store 45,1188,306
45,BlueMart Store 45,1189,153
45,BlueMart Store 45,1190,209
45,BlueMart Store 45,1191,106
45,BlueMart Store 45,1192,194
45,BlueMart Store 45,1193,213
45,BlueMart Store 45,1194,129
45,BlueMart Store 45,1195,153
45,BlueMart Store 45,1196,139
45,BlueMart Store 45,1197,98
45,BlueMart Store 45,1198,147
45,BlueMart Store 45,1199,154
45,BlueMart Store 45,1200,201
47,BlueMart Store 47,1001,117
47,BlueMart Store 47,1002,204
47,BlueMart Store 47,1003,171
47,BlueMart Store 47,1005,136
47,BlueMart Store 47,1006,128
47,BlueMart Store 47,1007,213
47,BlueMart Store 47,1008,91
47,BlueMart Store 47,1011,169
47,BlueMart Store 47,1012,214
47,BlueMart Store 47,1014,168
47,BlueMart Store 47,1015,229
47,BlueMart Store 47,1016,235
47,BlueMart Store 47,1017,115
47,BlueMart Store 47,1019,133
47,BlueMart Store 47,1020,234
47,BlueMart Store 47,1021,259
47,BlueMart Store 47,1022,187
47,BlueMart Store 47,1023,164
47,BlueMart Store 47,1025,181
47,BlueMart Store 47,1027,127
47,BlueMart Store 47,1028,97
47,BlueMart Store 47,1029,269
47,BlueMart Store 47,1030,212
47,BlueMart Store 47,1031,215
47,BlueMart Store 47,1033,131
47,BlueMart Store 47,1034,185
47,BlueMart Store 47,1035,73
47,BlueMart Store 47,1037,148
47,BlueMart Store 47,1038,104
47,BlueMart Store 47,1040,114
47,BlueMart Store 47,1041,212
47,BlueMart Store 47,1043,130
47,BlueMart Store 47,1044,241
47,BlueMart Store 47,1045,65
47,BlueMart Store 47,1046,96
47,BlueMart Store 47,1047,120
47,BlueMart Store 47,1050,160
47,BlueMart Store 47,1051,128
47,BlueMart Store 47,1052,173
47,BlueMart Store 47,1053,118
47,BlueMart Store 47,1054,220
47,BlueMart Store 47,1056,263
47,BlueMart Store 47,1057,145
47,BlueMart Store 47,1058,129
47,BlueMart Store 47,1059,91
47,BlueMart Store 47,1060,143
47,BlueMart Store 47,1062,97
47,BlueMart Store 47,1063,215
47,BlueMart Store 47,1064,247
47,BlueMart Store 47,1067,148
47,BlueMart Store 47,1068,81
47,BlueMart Store 47,1069,122
47,BlueMart Store 47,1070,286
47,BlueMart Store 47,1072,145
47,BlueMart Store 47,1073,126
47,BlueMart Store 47,1074,177
47,BlueMart Store 47,1076,135
47,BlueMart Store 47,1077,106
47,BlueMart Store 47,1078,149
47,BlueMart Store 47,1079,258
47,BlueMart Store 47,1080,206
47,BlueMart Store 47,1081,201
47,BlueMart Store 47,1082,168
47,BlueMart Store 47,1083,187
47,BlueMart Store 47,1085,114
47,BlueMart Store 47,1086,236
47,BlueMart Store 47,1087,250
47,BlueMart Store 47,1088,153
47,BlueMart Store 47,1089,63
47,BlueMart Store 47,1090,83
47,BlueMart Store 47,1091,102
47,BlueMart Store 47,1092,164
47,BlueMart Store 47,1093,95
47,BlueMart Store 47,1094,254
47,BlueMart Store 47,1095,119
47,BlueMart Store 47,1097,166
47,BlueMart Store 47,1098,56
47,BlueMart Store 47,1099,137
47,BlueMart Store 47,1100,139
47,BlueMart Store 47,1101,246
47,BlueMart Store 47,1102,121
47,BlueMart Store 47,1103,234
47,BlueMart Store 47,1104,177
47,BlueMart Store 47,1105,291
47,BlueMart Store 47,1106,229
47,BlueMart Store 47,1107,64
47,BlueMart Store 47,1109,55
47,BlueMart Store 47,1110,157
47,BlueMart Store 47,1112,177
47,BlueMart Store 47,1113,176
47,BlueMart Store 47,1114,88
47,BlueMart Store 47,1115,86
47,BlueMart Store 47,1116,134
47,BlueMart Store 47,1117,147
47,BlueMart Store 47,1119,293
47,BlueMart Store 47,1120,281
47,BlueMart Store 47,1121,182
47,BlueMart Store 47,1122,241
47,BlueMart Store 47,1123,154
47,BlueMart Store 47,1125,107
47,BlueMart Store 47,1126,197
47,BlueMart Store 47,1127,138
47,BlueMart Store 47,1129,93
47,BlueMart Store 47,1132,175
47,BlueMart Store 47,1133,142
47,BlueMart Store 47,1135,82
47,BlueMart Store 47,1136,159
47,BlueMart Store 47,1137,140
47,BlueMart Store 47,1138,202
47,BlueMart Store 47,1139,229
47,BlueMart Store 47,1140,140
47,BlueMart Store 47,1143,136
47,BlueMart Store 47,1144,139
47,BlueMart Store 47,1145,81
47,BlueMart Store 47,1146,141
47,BlueMart Store 47,1147,242
47,BlueMart Store 47,1149,104
47,BlueMart Store 47,1150,137
47,BlueMart Store 47,1153,126
47,BlueMart Store 47,1154,166
47,BlueMart Store 47,1155,134
47,BlueMart Store 47,1156,188
47,BlueMart Store 47,1158,223
47,BlueMart Store 47,1159,133
47,BlueMart Store 47,1161,147
47,BlueMart Store 47,1162,150
47,BlueMart Store 47,1163,170
47,BlueMart Store 47,1165,78
47,BlueMart Store 47,1166,242
47,BlueMart Store 47,1167,156
47,BlueMart Store 47,1168,197
47,BlueMart Store 47,1169,146
47,BlueMart Store 47,1172,103
47,BlueMart Store 47,1173,143
47,BlueMart Store 47,1175,70
47,BlueMart Store 47,1176,103
47,BlueMart Store 47,1178,216
47,BlueMart Store 47,1179,201
47,BlueMart Store 47,1180,239
47,BlueMart Store 47,1181,85
47,BlueMart Store 47,1186,156
47,BlueMart Store 47,1187,96
47,BlueMart Store 47,1188,246
47,BlueMart Store 47,1189,108
47,BlueMart Store 47,1190,222
47,BlueMart Store 47,1191,142
47,BlueMart Store 47,1194,232
47,BlueMart Store 47,1195,147
47,BlueMart Store 47,1196,242
47,BlueMart Store 47,1197,133
47,BlueMart Store 47,1199,60
50,BlueMart Store 50,1001,160
50,BlueMart Store 50,1004,221
50,BlueMart Store 50,1005,252
50,BlueMart Store 50,1006,131
50,BlueMart Store 50,1008,120
50,BlueMart Store 50,1009,95
50,BlueMart Store 50,1011,272
50,BlueMart Store 50,1012,307
50,BlueMart Store 50,1013,326
50,BlueMart Store 50,1014,317
50,BlueMart Store 50,1016,150
50,BlueMart Store 50,1017,111
50,BlueMart Store 50,1019,94
50,BlueMart Store 50,1022,216
50,BlueMart Store 50,1023,152
50,BlueMart Store 50,1024,448
50,BlueMart Store 50,1025,93
50,BlueMart Store 50,1026,149
50,BlueMart Store 50,1027,146
50,BlueMart Store 50,1028,199
50,BlueMart Store 50,1029,399
50,BlueMart Store 50,1030,325
50,BlueMart Store 50,1031,148
50,BlueMart Store 50,1032,318
50,BlueMart Store 50,1033,265
50,BlueMart Store 50,1034,231
50,BlueMart Store 50,1035,112
50,BlueMart Store 50,1036,205
50,BlueMart Store 50,1037,131
50,BlueMart Store 50,1038,110
50,BlueMart Store 50,1039,267
50,BlueMart Store 50,1040,120
50,BlueMart Store 50,1043,141
50,BlueMart Store 50,1044,162
50,BlueMart Store 50,1046,138
50,BlueMart Store 50,1048,350
50,BlueMart Store 50,1049,189
50,BlueMart Store 50,1050,340
50,BlueMart Store 50,1052,174
50,BlueMart Store 50,1053,231
50,BlueMart Store 50,1054,121
50,BlueMart Store 50,1056,256
50,BlueMart Store 50,1057,270
50,BlueMart Store 50,1058,142
50,BlueMart Store 50,1059,114
50,BlueMart Store 50,1060,269
50,BlueMart Store 50,1061,257
50,BlueMart Store 50,1063,154
50,BlueMart Store 50,1064,166
50,BlueMart Store 50,1065,92
50,BlueMart Store 50,1067,152
50,BlueMart Store 50,1068,78
50,BlueMart Store 50,1069,164
50,BlueMart Store 50,1070,301
50,BlueMart Store 50,1072,91
50,BlueMart Store 50,1073,168
50,BlueMart Store 50,1074,104
50,BlueMart Store 50,1075,275
50,BlueMart Store 50,1076,171
50,BlueMart Store 50,1077,231
50,BlueMart Store 50,1078,131
50,BlueMart Store 50,1079,167
50,BlueMart Store 50,1080,270
50,BlueMart Store 50,1081,211
50,BlueMart Store 50,1083,160
50,BlueMart Store 50,1084,208
50,BlueMart Store 50,1086,277
50,BlueMart Store 50,1087,279
50,BlueMart Store 50,1088,121
50,BlueMart Store 50,1090,201
50,BlueMart Store 50,1091,220
50,BlueMart Store 50,1092,91
50,BlueMart Store 50,1093,356
50,BlueMart Store 50,1094,165
50,BlueMart Store 50,1096,96
50,BlueMart Store 50,1097,286
50,BlueMart Store 50,1098,82
50,BlueMart Store 50,1099,164
50,BlueMart Store 50,1100,141
50,BlueMart Store 50,1101,288
50,BlueMart Store 50,1104,198
50,BlueMart Store 50,1105,230
50,BlueMart Store 50,1106,193
50,BlueMart Store 50,1107,191
50,BlueMart Store 50,1108,251
50,BlueMart Store 50,1110,232
50,BlueMart Store 50,1111,210
50,BlueMart Store 50,1112,146
50,BlueMart Store 50,1114,163
50,BlueMart Store 50,1115,203
50,BlueMart Store 50,1116,207
50,BlueMart Store 50,1117,199
50,BlueMart Store 50,1118,171
50,BlueMart Store 50,1119,380
50,BlueMart Store 50,1121,391
50,BlueMart Store 50,1122,156
50,BlueMart Store 50,1123,320
50,BlueMart Store 50,1124,226
50,BlueMart Store 50,1125,123
50,BlueMart Store 50,1126,283
50,BlueMart Store 50,1128,180
50,BlueMart Store 50,1132,265
50,BlueMart Store 50,1133,193
50,BlueMart Store 50,1134,237
50,BlueMart Store 50,1135,124
50,BlueMart Store 50,1136,203
50,BlueMart Store 50,1137,226
50,BlueMart Store 50,1138,228
50,BlueMart Store 50,1139,250
50,BlueMart Store 50,1140,227
50,BlueMart Store 50,1141,270
50,BlueMart Store 50,1144,212
50,BlueMart Store 50,1145,245
50,BlueMart Store 50,1147,327
50,BlueMart Store 50,1148,264
50,BlueMart Store 50,1149,114
50,BlueMart Store 50,1150,154
50,BlueMart Store 50,1151,157
50,BlueMart Store 50,1152,168
50,BlueMart Store 50,1154,151
50,BlueMart Store 50,1155,109
50,BlueMart Store 50,1158,224
50,BlueMart Store 50,1159,174
50,BlueMart Store 50,1160,185
50,BlueMart Store 50,1162,187
50,BlueMart Store 50,1163,212
50,BlueMart Store 50,1164,107
50,BlueMart Store 50,1165,128
50,BlueMart Store 50,1166,266
50,BlueMart Store 50,1168,337
50,BlueMart Store 50,1171,156
50,BlueMart Store 50,1173,141
50,BlueMart Store 50,1174,114
50,BlueMart Store 50,1175,212
50,BlueMart Store 50,1176,191
50,BlueMart Store 50,1178,204
50,BlueMart Store 50,1179,166
50,BlueMart Store 50,1180,402
50,BlueMart Store 50,1181,164
50,BlueMart Store 50,1183,157
50,BlueMart Store 50,1184,202
50,BlueMart Store 50,1185,103
50,BlueMart Store 50,1186,201
50,BlueMart Store 50,1188,399
50,BlueMart Store 50,1190,180
50,BlueMart Store 50,1191,118
50,BlueMart Store 50,1192,127
50,BlueMart Store 50,1194,250
50,BlueMart Store 50,1195,172
50,BlueMart Store 50,1197,103
50,BlueMart Store 50,1198,138
50,BlueMart Store 50,1199,111
